path,dataset,speaker,session,stimulus_index,attempt,label,base_syllable,tone,recorded_at_utc,recording_id,extension,naming_scheme,parse_status
raw/mandarin-tone-recordings/audio_fixed_abe/abe/s001/0001_ben3_ben_a0445ac8.wav,tone_labeled,abe,,0001,,ben3,ben,3,,a0445ac8,.wav,legacy_session,ok
raw/mandarin-tone-recordings/audio_fixed_abe/abe/s001/0002_chu4_chu_ce3e6d6f.wav,tone_labeled,abe,,0002,,chu4,chu,4,,ce3e6d6f,.wav,legacy_session,ok
raw/mandarin-tone-recordings/audio_fixed_abe/abe/s001/0003_qi1_qi_a25f8e38.wav,tone_labeled,abe,,0003,,qi1,qi,1,,a25f8e38,.wav,legacy_session,ok
raw/mandarin-tone-recordings/audio_fixed_abe/abe/s001/0004_weng1_weng_1d374659.wav,tone_labeled,abe,,0004,,weng1,weng,1,,1d374659,.wav,legacy_session,ok
raw/mandarin-tone-recordings/audio_fixed_abe/abe/s001/0005_jve2_jve_b95f65b9.wav,tone_labeled,abe,,0005,,jve2,jve,2,,b95f65b9,.wav,legacy_session,ok
raw/mandarin-tone-recordings/audio_fixed_abe/abe/s001/0006_pai4_pai_a8f5b0ba.wav,tone_labeled,abe,,0006,,pai4,pai,4,,a8f5b0ba,.wav,legacy_session,ok
raw/mandarin-tone-recordings/audio_fixed_abe/abe/s001/0007_guang3_guang_1e2709c6.wav,tone_labeled,abe,,0007,,guang3,guang,3,,1e2709c6,.wav,legacy_session,ok
raw/mandarin-tone-recordings/audio_fixed_abe/abe/s001/0008_hai2_hai_70e8b8ce.wav,tone_labeled,abe,,0008,,hai2,hai,2,,70e8b8ce,.wav,legacy_session,ok
raw/mandarin-tone-recordings/audio_fixed_abe/abe/s001/0009_di5_di_f17036e9.wav,tone_labeled,abe,,0009,,di5,di,5,,f17036e9,.wav,legacy_session,ok
raw/mandarin-tone-recordings/audio_fixed_abe/abe/s001/0010_se1_se_dbfd109e.wav,tone_labeled,abe,,0010,,se1,se,1,,dbfd109e,.wav,legacy_session,ok
raw/mandarin-tone-recordings/audio_fixed_abe/abe/s001/0011_hang4_hang_1ce16ebd.wav,tone_labeled,abe,,0011,,hang4,hang,4,,1ce16ebd,.wav,legacy_session,ok
raw/mandarin-tone-recordings/audio_fixed_abe/abe/s001/0012_ai1_ai_a1f18643.wav,tone_labeled,abe,,0012,,ai1,ai,1,,a1f18643,.wav,legacy_session,ok
raw/mandarin-tone-recordings/audio_fixed_abe/p000/session_089b7b192890/0001_chou3_chou_daa58d05.wav,tone_labeled,p000,session_089b7b192890,0001,,chou3,chou,3,,daa58d05,.wav,legacy_session,ok
raw/mandarin-tone-recordings/audio_fixed_abe/p000/session_089b7b192890/0002_chun1_chun_92c20978.wav,tone_labeled,p000,session_089b7b192890,0002,,chun1,chun,1,,92c20978,.wav,legacy_session,ok
raw/mandarin-tone-recordings/audio_fixed_abe/p000/session_089b7b192890/0003_bie3_bie_a22c7d8f.wav,tone_labeled,p000,session_089b7b192890,0003,,bie3,bie,3,,a22c7d8f,.wav,legacy_session,ok
raw/mandarin-tone-recordings/audio_fixed_abe/p000/session_089b7b192890/0004_mian3_mian_cc64e018.wav,tone_labeled,p000,session_089b7b192890,0004,,mian3,mian,3,,cc64e018,.wav,legacy_session,ok
raw/mandarin-tone-recordings/audio_fixed_abe/p000/session_089b7b192890/0005_niao4_niao_ea5ff386.wav,tone_labeled,p000,session_089b7b192890,0005,,niao4,niao,4,,ea5ff386,.wav,legacy_session,ok
raw/mandarin-tone-recordings/audio_fixed_abe/p000/session_089b7b192890/0006_pao3_pao_3b4f8267.wav,tone_labeled,p000,session_089b7b192890,0006,,pao3,pao,3,,3b4f8267,.wav,legacy_session,ok
raw/mandarin-tone-recordings/audio_fixed_abe/p000/session_089b7b192890/0007_zen2_zen_b6836082.wav,tone_labeled,p000,session_089b7b192890,0007,,zen2,zen,2,,b6836082,.wav,legacy_session,ok
raw/mandarin-tone-recordings/audio_fixed_abe/p000/session_089b7b192890/0008_xian3_xian_7a7f6cf1.wav,tone_labeled,p000,session_089b7b192890,0008,,xian3,xian,3,,7a7f6cf1,.wav,legacy_session,ok
raw/mandarin-tone-recordings/audio_fixed_abe/p000/session_089b7b192890/0009_can4_can_26034edb.wav,tone_labeled,p000,session_089b7b192890,0009,,can4,can,4,,26034edb,.wav,legacy_session,ok
raw/mandarin-tone-recordings/audio_fixed_abe/p000/session_089b7b192890/0010_chang3_chang_2197c2bf.wav,tone_labeled,p000,session_089b7b192890,0010,,chang3,chang,3,,2197c2bf,.wav,legacy_session,ok
raw/mandarin-tone-recordings/audio_fixed_abe/p000/session_089b7b192890/0011_ran4_ran_c8ac3ab6.wav,tone_labeled,p000,session_089b7b192890,0011,,ran4,ran,4,,c8ac3ab6,.wav,legacy_session,ok
raw/mandarin-tone-recordings/audio_fixed_abe/p000/session_089b7b192890/0012_ku1_ku_77a85476.wav,tone_labeled,p000,session_089b7b192890,0012,,ku1,ku,1,,77a85476,.wav,legacy_session,ok
raw/mandarin-tone-recordings/audio_fixed_abe/p000/session_089b7b192890/0013_nian3_nian_f98e223c.wav,tone_labeled,p000,session_089b7b192890,0013,,nian3,nian,3,,f98e223c,.wav,legacy_session,ok
raw/mandarin-tone-recordings/audio_fixed_abe/p000/session_089b7b192890/0014_kuai4_kuai_c5ed6010.wav,tone_labeled,p000,session_089b7b192890,0014,,kuai4,kuai,4,,c5ed6010,.wav,legacy_session,ok
raw/mandarin-tone-recordings/audio_fixed_abe/p000/session_089b7b192890/0015_kao1_kao_b8ee2270.wav,tone_labeled,p000,session_089b7b192890,0015,,kao1,kao,1,,b8ee2270,.wav,legacy_session,ok
raw/mandarin-tone-recordings/audio_fixed_abe/p000/session_089b7b192890/0016_ei3_ei_64872d30.wav,tone_labeled,p000,session_089b7b192890,0016,,ei3,ei,3,,64872d30,.wav,legacy_session,ok
raw/mandarin-tone-recordings/audio_fixed_abe/p000/session_089b7b192890/0017_qve2_qve_cc14cdd4.wav,tone_labeled,p000,session_089b7b192890,0017,,qve2,qve,2,,cc14cdd4,.wav,legacy_session,ok
raw/mandarin-tone-recordings/audio_fixed_abe/p000/session_089b7b192890/0018_chuai3_chuai_bddd4264.wav,tone_labeled,p000,session_089b7b192890,0018,,chuai3,chuai,3,,bddd4264,.wav,legacy_session,ok
raw/mandarin-tone-recordings/audio_fixed_abe/p000/session_089b7b192890/0019_long1_long_85e5e24e.wav,tone_labeled,p000,session_089b7b192890,0019,,long1,long,1,,85e5e24e,.wav,legacy_session,ok
raw/mandarin-tone-recordings/audio_fixed_abe/p000/session_089b7b192890/0020_zhen1_zhen_8d62d9b3.wav,tone_labeled,p000,session_089b7b192890,0020,,zhen1,zhen,1,,8d62d9b3,.wav,legacy_session,ok
raw/mandarin-tone-recordings/audio_fixed_abe/p000/session_089b7b192890/0021_cha4_cha_b95b59fa.wav,tone_labeled,p000,session_089b7b192890,0021,,cha4,cha,4,,b95b59fa,.wav,legacy_session,ok
raw/mandarin-tone-recordings/audio_fixed_abe/p000/session_089b7b192890/0022_zuo3_zuo_0644676e.wav,tone_labeled,p000,session_089b7b192890,0022,,zuo3,zuo,3,,0644676e,.wav,legacy_session,ok
raw/mandarin-tone-recordings/audio_fixed_abe/p000/session_089b7b192890/0023_qvan3_qvan_cdda8f96.wav,tone_labeled,p000,session_089b7b192890,0023,,qvan3,qvan,3,,cdda8f96,.wav,legacy_session,ok
raw/mandarin-tone-recordings/audio_fixed_abe/p000/session_089b7b192890/0024_lian4_lian_eb3cc52b.wav,tone_labeled,p000,session_089b7b192890,0024,,lian4,lian,4,,eb3cc52b,.wav,legacy_session,ok
raw/mandarin-tone-recordings/audio_fixed_abe/p000/session_089b7b192890/0025_feng2_feng_3add1a2b.wav,tone_labeled,p000,session_089b7b192890,0025,,feng2,feng,2,,3add1a2b,.wav,legacy_session,ok
raw/mandarin-tone-recordings/audio_fixed_abe/p000/session_089b7b192890/0026_chuo1_chuo_6e9fdb2c.wav,tone_labeled,p000,session_089b7b192890,0026,,chuo1,chuo,1,,6e9fdb2c,.wav,legacy_session,ok
raw/mandarin-tone-recordings/audio_fixed_abe/p000/session_089b7b192890/0027_suan3_suan_bf4cf9ee.wav,tone_labeled,p000,session_089b7b192890,0027,,suan3,suan,3,,bf4cf9ee,.wav,legacy_session,ok
raw/mandarin-tone-recordings/audio_fixed_abe/p000/session_089b7b192890/0028_kuang4_kuang_f2333b91.wav,tone_labeled,p000,session_089b7b192890,0028,,kuang4,kuang,4,,f2333b91,.wav,legacy_session,ok
raw/mandarin-tone-recordings/audio_fixed_abe/p000/session_089b7b192890/0029_pin3_pin_cb2b21e5.wav,tone_labeled,p000,session_089b7b192890,0029,,pin3,pin,3,,cb2b21e5,.wav,legacy_session,ok
raw/mandarin-tone-recordings/audio_fixed_abe/p000/session_089b7b192890/0030_hou3_hou_33213341.wav,tone_labeled,p000,session_089b7b192890,0030,,hou3,hou,3,,33213341,.wav,legacy_session,ok
raw/mandarin-tone-recordings/audio_fixed_abe/p000/session_089b7b192890/0031_jvn2_jvn_61fcf53e.wav,tone_labeled,p000,session_089b7b192890,0031,,jvn2,jvn,2,,61fcf53e,.wav,legacy_session,ok
raw/mandarin-tone-recordings/audio_fixed_abe/p000/session_089b7b192890/0032_zheng3_zheng_29f53309.wav,tone_labeled,p000,session_089b7b192890,0032,,zheng3,zheng,3,,29f53309,.wav,legacy_session,ok
raw/mandarin-tone-recordings/audio_fixed_abe/p000/session_089b7b192890/0033_run1_run_3bdfe6d1.wav,tone_labeled,p000,session_089b7b192890,0033,,run1,run,1,,3bdfe6d1,.wav,legacy_session,ok
raw/mandarin-tone-recordings/audio_fixed_abe/p000/session_089b7b192890/0034_ya3_ya_3f724f86.wav,tone_labeled,p000,session_089b7b192890,0034,,ya3,ya,3,,3f724f86,.wav,legacy_session,ok
raw/mandarin-tone-recordings/audio_fixed_abe/p000/session_089b7b192890/0035_ran3_ran_c30887a0.wav,tone_labeled,p000,session_089b7b192890,0035,,ran3,ran,3,,c30887a0,.wav,legacy_session,ok
raw/mandarin-tone-recordings/audio_fixed_abe/p000/session_089b7b192890/0036_zhui4_zhui_93f55eb0.wav,tone_labeled,p000,session_089b7b192890,0036,,zhui4,zhui,4,,93f55eb0,.wav,legacy_session,ok
raw/mandarin-tone-recordings/audio_fixed_abe/p000/session_089b7b192890/0037_kao2_kao_a7cfd663.wav,tone_labeled,p000,session_089b7b192890,0037,,kao2,kao,2,,a7cfd663,.wav,legacy_session,ok
raw/mandarin-tone-recordings/audio_fixed_abe/p000/session_089b7b192890/0038_hao3_hao_c5489376.wav,tone_labeled,p000,session_089b7b192890,0038,,hao3,hao,3,,c5489376,.wav,legacy_session,ok
raw/mandarin-tone-recordings/audio_fixed_abe/p000/session_089b7b192890/0039_shi2_shi_9bdc3d57.wav,tone_labeled,p000,session_089b7b192890,0039,,shi2,shi,2,,9bdc3d57,.wav,legacy_session,ok
raw/mandarin-tone-recordings/audio_fixed_abe/p000/session_089b7b192890/0040_fou3_fou_9c9b7f93.wav,tone_labeled,p000,session_089b7b192890,0040,,fou3,fou,3,,9c9b7f93,.wav,legacy_session,ok
raw/mandarin-tone-recordings/audio_fixed_abe/p000/session_089b7b192890/0041_cao4_cao_3525f9aa.wav,tone_labeled,p000,session_089b7b192890,0041,,cao4,cao,4,,3525f9aa,.wav,legacy_session,ok
raw/mandarin-tone-recordings/audio_fixed_abe/p000/session_089b7b192890/0042_fou2_fou_f26318b1.wav,tone_labeled,p000,session_089b7b192890,0042,,fou2,fou,2,,f26318b1,.wav,legacy_session,ok
raw/mandarin-tone-recordings/audio_fixed_abe/p000/session_089b7b192890/0043_chen2_chen_ba18fc3a.wav,tone_labeled,p000,session_089b7b192890,0043,,chen2,chen,2,,ba18fc3a,.wav,legacy_session,ok
raw/mandarin-tone-recordings/audio_fixed_abe/p000/session_089b7b192890/0044_die1_die_8683474a.wav,tone_labeled,p000,session_089b7b192890,0044,,die1,die,1,,8683474a,.wav,legacy_session,ok
raw/mandarin-tone-recordings/audio_fixed_abe/p000/session_089b7b192890/0045_qiu4_qiu_8ab03e56.wav,tone_labeled,p000,session_089b7b192890,0045,,qiu4,qiu,4,,8ab03e56,.wav,legacy_session,ok
raw/mandarin-tone-recordings/audio_fixed_abe/p000/session_089b7b192890/0046_mi4_mi_132d49d8.wav,tone_labeled,p000,session_089b7b192890,0046,,mi4,mi,4,,132d49d8,.wav,legacy_session,ok
raw/mandarin-tone-recordings/audio_fixed_abe/p000/session_089b7b192890/0047_lun2_lun_145a6fd9.wav,tone_labeled,p000,session_089b7b192890,0047,,lun2,lun,2,,145a6fd9,.wav,legacy_session,ok
raw/mandarin-tone-recordings/audio_fixed_abe/p000/session_089b7b192890/0048_zu2_zu_ac3b9376.wav,tone_labeled,p000,session_089b7b192890,0048,,zu2,zu,2,,ac3b9376,.wav,legacy_session,ok
raw/mandarin-tone-recordings/audio_fixed_abe/p000/session_089b7b192890/0049_dui2_dui_c633ff0a.wav,tone_labeled,p000,session_089b7b192890,0049,,dui2,dui,2,,c633ff0a,.wav,legacy_session,ok
raw/mandarin-tone-recordings/audio_fixed_abe/p000/session_089b7b192890/0050_dei4_dei_3db4f5c4.wav,tone_labeled,p000,session_089b7b192890,0050,,dei4,dei,4,,3db4f5c4,.wav,legacy_session,ok
raw/mandarin-tone-recordings/audio_fixed_abe/p000/session_089b7b192890/0051_jie2_jie_026fabc4.wav,tone_labeled,p000,session_089b7b192890,0051,,jie2,jie,2,,026fabc4,.wav,legacy_session,ok
raw/mandarin-tone-recordings/audio_fixed_abe/p000/session_089b7b192890/0052_mou3_mou_90b1ec81.wav,tone_labeled,p000,session_089b7b192890,0052,,mou3,mou,3,,90b1ec81,.wav,legacy_session,ok
raw/mandarin-tone-recordings/audio_fixed_abe/p000/session_089b7b192890/0053_wo2_wo_09db4a84.wav,tone_labeled,p000,session_089b7b192890,0053,,wo2,wo,2,,09db4a84,.wav,legacy_session,ok
raw/mandarin-tone-recordings/audio_fixed_abe/p000/session_089b7b192890/0054_zui2_zui_50d3657d.wav,tone_labeled,p000,session_089b7b192890,0054,,zui2,zui,2,,50d3657d,.wav,legacy_session,ok
raw/mandarin-tone-recordings/audio_fixed_abe/p000/session_089b7b192890/0055_ling2_ling_28a7cf10.wav,tone_labeled,p000,session_089b7b192890,0055,,ling2,ling,2,,28a7cf10,.wav,legacy_session,ok
raw/mandarin-tone-recordings/audio_fixed_abe/p000/session_089b7b192890/0056_shuan2_shuan_805d6d86.wav,tone_labeled,p000,session_089b7b192890,0056,,shuan2,shuan,2,,805d6d86,.wav,legacy_session,ok
raw/mandarin-tone-recordings/audio_fixed_abe/p000/session_089b7b192890/0057_xi3_xi_e6836f77.wav,tone_labeled,p000,session_089b7b192890,0057,,xi3,xi,3,,e6836f77,.wav,legacy_session,ok
raw/mandarin-tone-recordings/audio_fixed_abe/p000/session_089b7b192890/0058_kuo2_kuo_c71ff925.wav,tone_labeled,p000,session_089b7b192890,0058,,kuo2,kuo,2,,c71ff925,.wav,legacy_session,ok
raw/mandarin-tone-recordings/audio_fixed_abe/p000/session_089b7b192890/0059_chang1_chang_1e67fcf9.wav,tone_labeled,p000,session_089b7b192890,0059,,chang1,chang,1,,1e67fcf9,.wav,legacy_session,ok
raw/mandarin-tone-recordings/audio_fixed_abe/p000/session_089b7b192890/0060_xie1_xie_cc8c9e86.wav,tone_labeled,p000,session_089b7b192890,0060,,xie1,xie,1,,cc8c9e86,.wav,legacy_session,ok
raw/mandarin-tone-recordings/audio_fixed_abe/p000/session_089b7b192890/0061_nang2_nang_69e99624.wav,tone_labeled,p000,session_089b7b192890,0061,,nang2,nang,2,,69e99624,.wav,legacy_session,ok
raw/mandarin-tone-recordings/audio_fixed_abe/p000/session_089b7b192890/0062_zuo2_zuo_bbe3fce0.wav,tone_labeled,p000,session_089b7b192890,0062,,zuo2,zuo,2,,bbe3fce0,.wav,legacy_session,ok
raw/mandarin-tone-recordings/audio_fixed_abe/p000/session_089b7b192890/0063_lin4_lin_c0f6bc8a.wav,tone_labeled,p000,session_089b7b192890,0063,,lin4,lin,4,,c0f6bc8a,.wav,legacy_session,ok
raw/mandarin-tone-recordings/audio_fixed_abe/p000/session_089b7b192890/0064_fei2_fei_a092713c.wav,tone_labeled,p000,session_089b7b192890,0064,,fei2,fei,2,,a092713c,.wav,legacy_session,ok
raw/mandarin-tone-recordings/audio_fixed_abe/p000/session_089b7b192890/0065_bo2_bo_4a333331.wav,tone_labeled,p000,session_089b7b192890,0065,,bo2,bo,2,,4a333331,.wav,legacy_session,ok
raw/mandarin-tone-recordings/audio_fixed_abe/p000/session_089b7b192890/0066_wen2_wen_15584826.wav,tone_labeled,p000,session_089b7b192890,0066,,wen2,wen,2,,15584826,.wav,legacy_session,ok
raw/mandarin-tone-recordings/audio_fixed_abe/p000/session_089b7b192890/0067_tong3_tong_29a22760.wav,tone_labeled,p000,session_089b7b192890,0067,,tong3,tong,3,,29a22760,.wav,legacy_session,ok
raw/mandarin-tone-recordings/audio_fixed_abe/p000/session_089b7b192890/0068_sa2_sa_2a12ac8f.wav,tone_labeled,p000,session_089b7b192890,0068,,sa2,sa,2,,2a12ac8f,.wav,legacy_session,ok
raw/mandarin-tone-recordings/audio_fixed_abe/p000/session_089b7b192890/0069_ruo4_ruo_fd530855.wav,tone_labeled,p000,session_089b7b192890,0069,,ruo4,ruo,4,,fd530855,.wav,legacy_session,ok
raw/mandarin-tone-recordings/audio_fixed_abe/p000/session_089b7b192890/0070_tai4_tai_92527c16.wav,tone_labeled,p000,session_089b7b192890,0070,,tai4,tai,4,,92527c16,.wav,legacy_session,ok
raw/mandarin-tone-recordings/audio_fixed_abe/p000/session_089b7b192890/0071_pin1_pin_1ab9f927.wav,tone_labeled,p000,session_089b7b192890,0071,,pin1,pin,1,,1ab9f927,.wav,legacy_session,ok
raw/mandarin-tone-recordings/audio_fixed_abe/p000/session_089b7b192890/0072_ting3_ting_8cfe7552.wav,tone_labeled,p000,session_089b7b192890,0072,,ting3,ting,3,,8cfe7552,.wav,legacy_session,ok
raw/mandarin-tone-recordings/audio_fixed_abe/p000/session_089b7b192890/0073_nie4_nie_dc7fa2a3.wav,tone_labeled,p000,session_089b7b192890,0073,,nie4,nie,4,,dc7fa2a3,.wav,legacy_session,ok
raw/mandarin-tone-recordings/audio_fixed_abe/p000/session_089b7b192890/0074_hu2_hu_4e329f3c.wav,tone_labeled,p000,session_089b7b192890,0074,,hu2,hu,2,,4e329f3c,.wav,legacy_session,ok
raw/mandarin-tone-recordings/audio_fixed_abe/p000/session_089b7b192890/0075_tao4_tao_5abe5a6f.wav,tone_labeled,p000,session_089b7b192890,0075,,tao4,tao,4,,5abe5a6f,.wav,legacy_session,ok
raw/mandarin-tone-recordings/audio_fixed_abe/p000/session_089b7b192890/0076_pou3_pou_d6dd9482.wav,tone_labeled,p000,session_089b7b192890,0076,,pou3,pou,3,,d6dd9482,.wav,legacy_session,ok
raw/mandarin-tone-recordings/audio_fixed_abe/p000/session_089b7b192890/0077_hui4_hui_2c88290a.wav,tone_labeled,p000,session_089b7b192890,0077,,hui4,hui,4,,2c88290a,.wav,legacy_session,ok
raw/mandarin-tone-recordings/audio_fixed_abe/p000/session_089b7b192890/0078_man3_man_6907031e.wav,tone_labeled,p000,session_089b7b192890,0078,,man3,man,3,,6907031e,.wav,legacy_session,ok
raw/mandarin-tone-recordings/audio_fixed_abe/p000/session_089b7b192890/0079_lv4_lv_487b25fb.wav,tone_labeled,p000,session_089b7b192890,0079,,lv4,lv,4,,487b25fb,.wav,legacy_session,ok
raw/mandarin-tone-recordings/audio_fixed_abe/p000/session_089b7b192890/0080_cen4_cen_ccee04ac.wav,tone_labeled,p000,session_089b7b192890,0080,,cen4,cen,4,,ccee04ac,.wav,legacy_session,ok
raw/mandarin-tone-recordings/audio_fixed_abe/p000/session_089b7b192890/0081_pi1_pi_48a9d8c7.wav,tone_labeled,p000,session_089b7b192890,0081,,pi1,pi,1,,48a9d8c7,.wav,legacy_session,ok
raw/mandarin-tone-recordings/audio_fixed_abe/p000/session_089b7b192890/0082_guan1_guan_481da82e.wav,tone_labeled,p000,session_089b7b192890,0082,,guan1,guan,1,,481da82e,.wav,legacy_session,ok
raw/mandarin-tone-recordings/audio_fixed_abe/p000/session_089b7b192890/0083_qin1_qin_21ab378f.wav,tone_labeled,p000,session_089b7b192890,0083,,qin1,qin,1,,21ab378f,.wav,legacy_session,ok
raw/mandarin-tone-recordings/audio_fixed_abe/p000/session_089b7b192890/0084_tuan3_tuan_84279958.wav,tone_labeled,p000,session_089b7b192890,0084,,tuan3,tuan,3,,84279958,.wav,legacy_session,ok
raw/mandarin-tone-recordings/audio_fixed_abe/p000/session_089b7b192890/0085_chui4_chui_a73984e3.wav,tone_labeled,p000,session_089b7b192890,0085,,chui4,chui,4,,a73984e3,.wav,legacy_session,ok
raw/mandarin-tone-recordings/audio_fixed_abe/p000/session_089b7b192890/0086_rang1_rang_d17354cf.wav,tone_labeled,p000,session_089b7b192890,0086,,rang1,rang,1,,d17354cf,.wav,legacy_session,ok
raw/mandarin-tone-recordings/audio_fixed_abe/p000/session_089b7b192890/0087_cuo4_cuo_5f3b8dc2.wav,tone_labeled,p000,session_089b7b192890,0087,,cuo4,cuo,4,,5f3b8dc2,.wav,legacy_session,ok
raw/mandarin-tone-recordings/audio_fixed_abe/p000/session_089b7b192890/0088_chai2_chai_f68c6230.wav,tone_labeled,p000,session_089b7b192890,0088,,chai2,chai,2,,f68c6230,.wav,legacy_session,ok
raw/mandarin-tone-recordings/audio_fixed_abe/p000/session_089b7b192890/0089_jun4_jun_20d31d61.wav,tone_labeled,p000,session_089b7b192890,0089,,jun4,jun,4,,20d31d61,.wav,legacy_session,ok
raw/mandarin-tone-recordings/audio_fixed_abe/p000/session_089b7b192890/0090_rou3_rou_97d3cf3a.wav,tone_labeled,p000,session_089b7b192890,0090,,rou3,rou,3,,97d3cf3a,.wav,legacy_session,ok
raw/mandarin-tone-recordings/audio_fixed_abe/p000/session_089b7b192890/0091_biang2_biang_00c8ab65.wav,tone_labeled,p000,session_089b7b192890,0091,,biang2,biang,2,,00c8ab65,.wav,legacy_session,ok
raw/mandarin-tone-recordings/audio_fixed_abe/p000/session_089b7b192890/0092_qiao1_qiao_f7de5f6b.wav,tone_labeled,p000,session_089b7b192890,0092,,qiao1,qiao,1,,f7de5f6b,.wav,legacy_session,ok
raw/mandarin-tone-recordings/audio_fixed_abe/p000/session_089b7b192890/0093_ai4_ai_cb545b92.wav,tone_labeled,p000,session_089b7b192890,0093,,ai4,ai,4,,cb545b92,.wav,legacy_session,ok
raw/mandarin-tone-recordings/audio_fixed_abe/p000/session_089b7b192890/0094_cou1_cou_08ad652a.wav,tone_labeled,p000,session_089b7b192890,0094,,cou1,cou,1,,08ad652a,.wav,legacy_session,ok
raw/mandarin-tone-recordings/audio_fixed_abe/p000/session_089b7b192890/0095_ku4_ku_b4009937.wav,tone_labeled,p000,session_089b7b192890,0095,,ku4,ku,4,,b4009937,.wav,legacy_session,ok
raw/mandarin-tone-recordings/audio_fixed_abe/p000/session_089b7b192890/0096_ying2_ying_615feda1.wav,tone_labeled,p000,session_089b7b192890,0096,,ying2,ying,2,,615feda1,.wav,legacy_session,ok
raw/mandarin-tone-recordings/audio_fixed_abe/p000/session_089b7b192890/0097_song1_song_1c340020.wav,tone_labeled,p000,session_089b7b192890,0097,,song1,song,1,,1c340020,.wav,legacy_session,ok
raw/mandarin-tone-recordings/audio_fixed_abe/p000/session_089b7b192890/0098_na3_na_3e122772.wav,tone_labeled,p000,session_089b7b192890,0098,,na3,na,3,,3e122772,.wav,legacy_session,ok
raw/mandarin-tone-recordings/audio_fixed_abe/p001/003c786c-e23f-4691-ace9-60a75af2033d_pang4.wav,tone_labeled,p001,,,,pang4,pang,4,,003c786c-e23f-4691-ace9-60a75af2033d,.wav,uuid_label,ok
raw/mandarin-tone-recordings/audio_fixed_abe/p001/0262a66d-2291-471d-b0e4-b50b53adf392_pang4.wav,tone_labeled,p001,,,,pang4,pang,4,,0262a66d-2291-471d-b0e4-b50b53adf392,.wav,uuid_label,ok
raw/mandarin-tone-recordings/audio_fixed_abe/p001/06d8b3be-0669-4a3e-b86e-d2775f0dea71_pang4.wav,tone_labeled,p001,,,,pang4,pang,4,,06d8b3be-0669-4a3e-b86e-d2775f0dea71,.wav,uuid_label,ok
raw/mandarin-tone-recordings/audio_fixed_abe/p001/07fd2236-7e75-4abf-8dcc-b8327ae68b25_pang4.wav,tone_labeled,p001,,,,pang4,pang,4,,07fd2236-7e75-4abf-8dcc-b8327ae68b25,.wav,uuid_label,ok
raw/mandarin-tone-recordings/audio_fixed_abe/p001/0d4beeaa-1c9a-415b-8c80-c76083cc2a8e_pang4.wav,tone_labeled,p001,,,,pang4,pang,4,,0d4beeaa-1c9a-415b-8c80-c76083cc2a8e,.wav,uuid_label,ok
raw/mandarin-tone-recordings/audio_fixed_abe/p001/134ceac7-7c70-4f80-a80f-68cc6ed50a87_pang4.wav,tone_labeled,p001,,,,pang4,pang,4,,134ceac7-7c70-4f80-a80f-68cc6ed50a87,.wav,uuid_label,ok
raw/mandarin-tone-recordings/audio_fixed_abe/p001/19e54434-a70f-4696-8a52-7d517347f63c_gun3.wav,tone_labeled,p001,,,,gun3,gun,3,,19e54434-a70f-4696-8a52-7d517347f63c,.wav,uuid_label,ok
raw/mandarin-tone-recordings/audio_fixed_abe/p001/1aef40f2-4798-41e9-91b7-6ca0f60910eb_pang4.wav,tone_labeled,p001,,,,pang4,pang,4,,1aef40f2-4798-41e9-91b7-6ca0f60910eb,.wav,uuid_label,ok
raw/mandarin-tone-recordings/audio_fixed_abe/p001/1b469e72-fcf7-4fae-ba05-9fd1e6e8ed3c_pang4.wav,tone_labeled,p001,,,,pang4,pang,4,,1b469e72-fcf7-4fae-ba05-9fd1e6e8ed3c,.wav,uuid_label,ok
raw/mandarin-tone-recordings/audio_fixed_abe/p001/20f9e8bd-0732-49e3-a25a-677ddd377cb3_pang4.wav,tone_labeled,p001,,,,pang4,pang,4,,20f9e8bd-0732-49e3-a25a-677ddd377cb3,.wav,uuid_label,ok
raw/mandarin-tone-recordings/audio_fixed_abe/p001/2f28fce4-9fee-4a26-8e72-3d57fad3361e_pang4.wav,tone_labeled,p001,,,,pang4,pang,4,,2f28fce4-9fee-4a26-8e72-3d57fad3361e,.wav,uuid_label,ok
raw/mandarin-tone-recordings/audio_fixed_abe/p001/3674325f-f057-4225-9e13-671458093fef_pang4.wav,tone_labeled,p001,,,,pang4,pang,4,,3674325f-f057-4225-9e13-671458093fef,.wav,uuid_label,ok
raw/mandarin-tone-recordings/audio_fixed_abe/p001/38706ef0-dec7-49f0-acab-65653aa9734c_pang4.wav,tone_labeled,p001,,,,pang4,pang,4,,38706ef0-dec7-49f0-acab-65653aa9734c,.wav,uuid_label,ok
raw/mandarin-tone-recordings/audio_fixed_abe/p001/3a3da375-8917-41bd-a4e5-89fd7341037b_pang4.wav,tone_labeled,p001,,,,pang4,pang,4,,3a3da375-8917-41bd-a4e5-89fd7341037b,.wav,uuid_label,ok
raw/mandarin-tone-recordings/audio_fixed_abe/p001/3cfd6b40-2994-4bc8-9877-81b644b3fff3_pang4.wav,tone_labeled,p001,,,,pang4,pang,4,,3cfd6b40-2994-4bc8-9877-81b644b3fff3,.wav,uuid_label,ok
raw/mandarin-tone-recordings/audio_fixed_abe/p001/429d84c7-6d35-4149-b92f-5d778d9383b6_pang4.wav,tone_labeled,p001,,,,pang4,pang,4,,429d84c7-6d35-4149-b92f-5d778d9383b6,.wav,uuid_label,ok
raw/mandarin-tone-recordings/audio_fixed_abe/p001/45b3bab4-1fba-4cbd-8376-497d01171196_pang4.wav,tone_labeled,p001,,,,pang4,pang,4,,45b3bab4-1fba-4cbd-8376-497d01171196,.wav,uuid_label,ok
raw/mandarin-tone-recordings/audio_fixed_abe/p001/48f0ed15-2e34-4aa5-ae03-234f70dcbbb3_pang4.wav,tone_labeled,p001,,,,pang4,pang,4,,48f0ed15-2e34-4aa5-ae03-234f70dcbbb3,.wav,uuid_label,ok
raw/mandarin-tone-recordings/audio_fixed_abe/p001/4d877b12-5df6-4bb6-897c-145828bccf43_pang4.wav,tone_labeled,p001,,,,pang4,pang,4,,4d877b12-5df6-4bb6-897c-145828bccf43,.wav,uuid_label,ok
raw/mandarin-tone-recordings/audio_fixed_abe/p001/578467ee-a36a-4840-a5c4-dbfb6c426e23_juan2.wav,tone_labeled,p001,,,,juan2,juan,2,,578467ee-a36a-4840-a5c4-dbfb6c426e23,.wav,uuid_label,ok
raw/mandarin-tone-recordings/audio_fixed_abe/p001/69982923-edae-49e3-ac95-25b07b22f5b9_pang4.wav,tone_labeled,p001,,,,pang4,pang,4,,69982923-edae-49e3-ac95-25b07b22f5b9,.wav,uuid_label,ok
raw/mandarin-tone-recordings/audio_fixed_abe/p001/6a274bde-4325-4428-a027-2c99193c6380_pang4.wav,tone_labeled,p001,,,,pang4,pang,4,,6a274bde-4325-4428-a027-2c99193c6380,.wav,uuid_label,ok
raw/mandarin-tone-recordings/audio_fixed_abe/p001/6bf54700-396c-412e-9e59-c60b2c9dfeb0_pang4.wav,tone_labeled,p001,,,,pang4,pang,4,,6bf54700-396c-412e-9e59-c60b2c9dfeb0,.wav,uuid_label,ok
raw/mandarin-tone-recordings/audio_fixed_abe/p001/6ccf31ab-c932-427f-994f-a9525bee6f39_pang4.wav,tone_labeled,p001,,,,pang4,pang,4,,6ccf31ab-c932-427f-994f-a9525bee6f39,.wav,uuid_label,ok
raw/mandarin-tone-recordings/audio_fixed_abe/p001/77ae36d1-eaae-4c89-a162-090d7bf86bdd_rao3.wav,tone_labeled,p001,,,,rao3,rao,3,,77ae36d1-eaae-4c89-a162-090d7bf86bdd,.wav,uuid_label,ok
raw/mandarin-tone-recordings/audio_fixed_abe/p001/78892975-8d8d-422a-97c9-ad8e5d75ead5_pang4.wav,tone_labeled,p001,,,,pang4,pang,4,,78892975-8d8d-422a-97c9-ad8e5d75ead5,.wav,uuid_label,ok
raw/mandarin-tone-recordings/audio_fixed_abe/p001/790b95f8-587a-4abc-a174-dfd32b724fc4_pang4.wav,tone_labeled,p001,,,,pang4,pang,4,,790b95f8-587a-4abc-a174-dfd32b724fc4,.wav,uuid_label,ok
raw/mandarin-tone-recordings/audio_fixed_abe/p001/7b4952ad-4b0b-4f65-b719-62500beb950c_juan2.wav,tone_labeled,p001,,,,juan2,juan,2,,7b4952ad-4b0b-4f65-b719-62500beb950c,.wav,uuid_label,ok
raw/mandarin-tone-recordings/audio_fixed_abe/p001/7cec709c-6281-455f-8a9a-823b8d5e5bd0_pang4.wav,tone_labeled,p001,,,,pang4,pang,4,,7cec709c-6281-455f-8a9a-823b8d5e5bd0,.wav,uuid_label,ok
raw/mandarin-tone-recordings/audio_fixed_abe/p001/7fce0ba6-79f2-48ca-b972-fa466d1c6e73_pang4.wav,tone_labeled,p001,,,,pang4,pang,4,,7fce0ba6-79f2-48ca-b972-fa466d1c6e73,.wav,uuid_label,ok
raw/mandarin-tone-recordings/audio_fixed_abe/p001/7fe512a5-0859-4ba9-bdb2-642db37e223b_pang4.wav,tone_labeled,p001,,,,pang4,pang,4,,7fe512a5-0859-4ba9-bdb2-642db37e223b,.wav,uuid_label,ok
raw/mandarin-tone-recordings/audio_fixed_abe/p001/9e47ddd9-348b-47cf-970b-e849d7000c06_pang4.wav,tone_labeled,p001,,,,pang4,pang,4,,9e47ddd9-348b-47cf-970b-e849d7000c06,.wav,uuid_label,ok
raw/mandarin-tone-recordings/audio_fixed_abe/p001/a469a1ca-16f0-4b0a-bfda-30e91fba4f37_pang4.wav,tone_labeled,p001,,,,pang4,pang,4,,a469a1ca-16f0-4b0a-bfda-30e91fba4f37,.wav,uuid_label,ok
raw/mandarin-tone-recordings/audio_fixed_abe/p001/b7822c29-04fd-4c8f-9f50-af0000116704_juan2.wav,tone_labeled,p001,,,,juan2,juan,2,,b7822c29-04fd-4c8f-9f50-af0000116704,.wav,uuid_label,ok
raw/mandarin-tone-recordings/audio_fixed_abe/p001/c14b15a0-33f9-4065-b769-f43ba50cb538_juan2.wav,tone_labeled,p001,,,,juan2,juan,2,,c14b15a0-33f9-4065-b769-f43ba50cb538,.wav,uuid_label,ok
raw/mandarin-tone-recordings/audio_fixed_abe/p001/c292d3d4-2166-44dc-9e4d-fc91152720af_pang4.wav,tone_labeled,p001,,,,pang4,pang,4,,c292d3d4-2166-44dc-9e4d-fc91152720af,.wav,uuid_label,ok
raw/mandarin-tone-recordings/audio_fixed_abe/p001/c59ea6e2-eb44-4e65-8877-607aa8f87328_pang4.wav,tone_labeled,p001,,,,pang4,pang,4,,c59ea6e2-eb44-4e65-8877-607aa8f87328,.wav,uuid_label,ok
raw/mandarin-tone-recordings/audio_fixed_abe/p001/c9cb4e9a-3faa-4b41-8258-872519bd1ddd_pang4.wav,tone_labeled,p001,,,,pang4,pang,4,,c9cb4e9a-3faa-4b41-8258-872519bd1ddd,.wav,uuid_label,ok
raw/mandarin-tone-recordings/audio_fixed_abe/p001/c9db5dd7-a1af-43ea-941a-1e2b63efe171_pang4.wav,tone_labeled,p001,,,,pang4,pang,4,,c9db5dd7-a1af-43ea-941a-1e2b63efe171,.wav,uuid_label,ok
raw/mandarin-tone-recordings/audio_fixed_abe/p001/d3b74af5-d201-4387-a878-a4baf5df2080_pang4.wav,tone_labeled,p001,,,,pang4,pang,4,,d3b74af5-d201-4387-a878-a4baf5df2080,.wav,uuid_label,ok
raw/mandarin-tone-recordings/audio_fixed_abe/p001/d3dd3830-e5a2-4a43-999c-48b1d02c7342_pang4.wav,tone_labeled,p001,,,,pang4,pang,4,,d3dd3830-e5a2-4a43-999c-48b1d02c7342,.wav,uuid_label,ok
raw/mandarin-tone-recordings/audio_fixed_abe/p001/db1009ec-f457-42f8-86e4-b3dad4e46420_pang4.wav,tone_labeled,p001,,,,pang4,pang,4,,db1009ec-f457-42f8-86e4-b3dad4e46420,.wav,uuid_label,ok
raw/mandarin-tone-recordings/audio_fixed_abe/p001/e00a2f8e-f12e-46a0-88b2-b9e31d2bb816_pang4.wav,tone_labeled,p001,,,,pang4,pang,4,,e00a2f8e-f12e-46a0-88b2-b9e31d2bb816,.wav,uuid_label,ok
raw/mandarin-tone-recordings/audio_fixed_abe/p001/e3d69aca-bdd0-48db-bf80-9c14750f8eed_pang4.wav,tone_labeled,p001,,,,pang4,pang,4,,e3d69aca-bdd0-48db-bf80-9c14750f8eed,.wav,uuid_label,ok
raw/mandarin-tone-recordings/audio_fixed_abe/p001/e452f4ee-15b5-411a-a0e9-cfbc369a99ae_pang4.wav,tone_labeled,p001,,,,pang4,pang,4,,e452f4ee-15b5-411a-a0e9-cfbc369a99ae,.wav,uuid_label,ok
raw/mandarin-tone-recordings/audio_fixed_abe/p001/e808430f-f5a6-4e56-b55d-14ebf3fd5f82_pang4.wav,tone_labeled,p001,,,,pang4,pang,4,,e808430f-f5a6-4e56-b55d-14ebf3fd5f82,.wav,uuid_label,ok
raw/mandarin-tone-recordings/audio_fixed_abe/p001/ec2dc6c9-8c48-4c94-93d7-933cd40a1290_pang4.wav,tone_labeled,p001,,,,pang4,pang,4,,ec2dc6c9-8c48-4c94-93d7-933cd40a1290,.wav,uuid_label,ok
raw/mandarin-tone-recordings/audio_fixed_abe/p001/ef7bc087-b80f-4d5e-a5e9-ba9e8c4f715f_juan2.wav,tone_labeled,p001,,,,juan2,juan,2,,ef7bc087-b80f-4d5e-a5e9-ba9e8c4f715f,.wav,uuid_label,ok
raw/mandarin-tone-recordings/audio_fixed_abe/p001/f19c48fb-3c4f-4e67-88cc-0373bdc70855_pang4.wav,tone_labeled,p001,,,,pang4,pang,4,,f19c48fb-3c4f-4e67-88cc-0373bdc70855,.wav,uuid_label,ok
raw/mandarin-tone-recordings/audio_fixed_abe/p001/f2805c79-1258-49c0-9d12-4a3e59c16fce_pang4.wav,tone_labeled,p001,,,,pang4,pang,4,,f2805c79-1258-49c0-9d12-4a3e59c16fce,.wav,uuid_label,ok
raw/mandarin-tone-recordings/audio_fixed_abe/p001/f35b3cec-2245-4382-a48f-b178d9912796_pang4.wav,tone_labeled,p001,,,,pang4,pang,4,,f35b3cec-2245-4382-a48f-b178d9912796,.wav,uuid_label,ok
raw/mandarin-tone-recordings/audio_fixed_abe/p001/fb41813d-06c6-405e-a296-1b847de1ec7a_pang4.wav,tone_labeled,p001,,,,pang4,pang,4,,fb41813d-06c6-405e-a296-1b847de1ec7a,.wav,uuid_label,ok
raw/mandarin-tone-recordings/audio_fixed_abe/p001/fbef9384-3dee-4827-a225-e0eb714a6079_pang4.wav,tone_labeled,p001,,,,pang4,pang,4,,fbef9384-3dee-4827-a225-e0eb714a6079,.wav,uuid_label,ok
raw/mandarin-tone-recordings/audio_fixed_abe/p001/fc8fda27-30e0-415a-b9f3-7647ea7b90f0_pang4.wav,tone_labeled,p001,,,,pang4,pang,4,,fc8fda27-30e0-415a-b9f3-7647ea7b90f0,.wav,uuid_label,ok
raw/mandarin-tone-recordings/audio_fixed_abe/p001/s001/0001_cuan5_cuan_16d32a94.wav,tone_labeled,p001,,0001,,cuan5,cuan,5,,16d32a94,.wav,legacy_session,ok
raw/mandarin-tone-recordings/audio_fixed_abe/p001/s001/0001_cuan5_cuan_578bec9d.wav,tone_labeled,p001,,0001,,cuan5,cuan,5,,578bec9d,.wav,legacy_session,ok
raw/mandarin-tone-recordings/audio_fixed_abe/p001/s001/0001_cuan5_cuan_bf0399f5.wav,tone_labeled,p001,,0001,,cuan5,cuan,5,,bf0399f5,.wav,legacy_session,ok
raw/mandarin-tone-recordings/audio_fixed_abe/p001/s001/0001_kui5_kui_9781c7ed.wav,tone_labeled,p001,,0001,,kui5,kui,5,,9781c7ed,.wav,legacy_session,ok
raw/mandarin-tone-recordings/audio_fixed_abe/p001/s001/0001_zheng1_zheng_8afc2faf.wav,tone_labeled,p001,,0001,,zheng1,zheng,1,,8afc2faf,.wav,legacy_session,ok
raw/mandarin-tone-recordings/audio_fixed_abe/p001/s001/0001_zheng1_zheng_b632ed75.wav,tone_labeled,p001,,0001,,zheng1,zheng,1,,b632ed75,.wav,legacy_session,ok
raw/mandarin-tone-recordings/audio_fixed_abe/p001/s001/0002_pao3_pao_8706e832.wav,tone_labeled,p001,,0002,,pao3,pao,3,,8706e832,.wav,legacy_session,ok
raw/mandarin-tone-recordings/audio_fixed_abe/p001/s001/0002_sou1_sou_07f7703c.wav,tone_labeled,p001,,0002,,sou1,sou,1,,07f7703c,.wav,legacy_session,ok
raw/mandarin-tone-recordings/audio_fixed_abe/p001/s001/0002_sou1_sou_52034067.wav,tone_labeled,p001,,0002,,sou1,sou,1,,52034067,.wav,legacy_session,ok
raw/mandarin-tone-recordings/audio_fixed_abe/p001/s001/0002_sou1_sou_b4d5e0ca.wav,tone_labeled,p001,,0002,,sou1,sou,1,,b4d5e0ca,.wav,legacy_session,ok
raw/mandarin-tone-recordings/audio_fixed_abe/p001/s001/0002_ye5_ye_54aeca19.wav,tone_labeled,p001,,0002,,ye5,ye,5,,54aeca19,.wav,legacy_session,ok
raw/mandarin-tone-recordings/audio_fixed_abe/p001/s001/0002_ye5_ye_6eb5cd44.wav,tone_labeled,p001,,0002,,ye5,ye,5,,6eb5cd44,.wav,legacy_session,ok
raw/mandarin-tone-recordings/audio_fixed_abe/p001/s001/0003_hen2_hen_346ef3f8.wav,tone_labeled,p001,,0003,,hen2,hen,2,,346ef3f8,.wav,legacy_session,ok
raw/mandarin-tone-recordings/audio_fixed_abe/p001/s001/0003_le1_le_8c3ceee1.wav,tone_labeled,p001,,0003,,le1,le,1,,8c3ceee1,.wav,legacy_session,ok
raw/mandarin-tone-recordings/audio_fixed_abe/p001/s001/0003_le1_le_de03033b.wav,tone_labeled,p001,,0003,,le1,le,1,,de03033b,.wav,legacy_session,ok
raw/mandarin-tone-recordings/audio_fixed_abe/p001/s001/0003_tao1_tao_2a25d14e.wav,tone_labeled,p001,,0003,,tao1,tao,1,,2a25d14e,.wav,legacy_session,ok
raw/mandarin-tone-recordings/audio_fixed_abe/p001/s001/0003_tao1_tao_bdd54b04.wav,tone_labeled,p001,,0003,,tao1,tao,1,,bdd54b04,.wav,legacy_session,ok
raw/mandarin-tone-recordings/audio_fixed_abe/p001/s001/0003_tao1_tao_c8cb917c.wav,tone_labeled,p001,,0003,,tao1,tao,1,,c8cb917c,.wav,legacy_session,ok
raw/mandarin-tone-recordings/audio_fixed_abe/p001/s001/0004_lai5_lai_63ef1457.wav,tone_labeled,p001,,0004,,lai5,lai,5,,63ef1457,.wav,legacy_session,ok
raw/mandarin-tone-recordings/audio_fixed_abe/p001/s001/0004_lai5_lai_69fbc8f2.wav,tone_labeled,p001,,0004,,lai5,lai,5,,69fbc8f2,.wav,legacy_session,ok
raw/mandarin-tone-recordings/audio_fixed_abe/p001/s001/0004_lai5_lai_a47d1851.wav,tone_labeled,p001,,0004,,lai5,lai,5,,a47d1851,.wav,legacy_session,ok
raw/mandarin-tone-recordings/audio_fixed_abe/p001/s001/0004_she3_she_d291dc31.wav,tone_labeled,p001,,0004,,she3,she,3,,d291dc31,.wav,legacy_session,ok
raw/mandarin-tone-recordings/audio_fixed_abe/p001/s001/0004_zhang1_zhang_b57a296e.wav,tone_labeled,p001,,0004,,zhang1,zhang,1,,b57a296e,.wav,legacy_session,ok
raw/mandarin-tone-recordings/audio_fixed_abe/p001/s001/0004_zhang1_zhang_c7b59654.wav,tone_labeled,p001,,0004,,zhang1,zhang,1,,c7b59654,.wav,legacy_session,ok
raw/mandarin-tone-recordings/audio_fixed_abe/p001/s001/0005_che2_che_1b43c121.wav,tone_labeled,p001,,0005,,che2,che,2,,1b43c121,.wav,legacy_session,ok
raw/mandarin-tone-recordings/audio_fixed_abe/p001/s001/0005_che2_che_1cd45197.wav,tone_labeled,p001,,0005,,che2,che,2,,1cd45197,.wav,legacy_session,ok
raw/mandarin-tone-recordings/audio_fixed_abe/p001/s001/0005_che2_che_a4a607ce.wav,tone_labeled,p001,,0005,,che2,che,2,,a4a607ce,.wav,legacy_session,ok
raw/mandarin-tone-recordings/audio_fixed_abe/p001/s001/0005_kuan3_kuan_26eb6e6c.wav,tone_labeled,p001,,0005,,kuan3,kuan,3,,26eb6e6c,.wav,legacy_session,ok
raw/mandarin-tone-recordings/audio_fixed_abe/p001/s001/0005_kuan3_kuan_72b9b20f.wav,tone_labeled,p001,,0005,,kuan3,kuan,3,,72b9b20f,.wav,legacy_session,ok
raw/mandarin-tone-recordings/audio_fixed_abe/p001/s001/0005_wang5_wang_80eca444.wav,tone_labeled,p001,,0005,,wang5,wang,5,,80eca444,.wav,legacy_session,ok
raw/mandarin-tone-recordings/audio_fixed_abe/p001/s001/0006_lang5_lang_5c6158eb.wav,tone_labeled,p001,,0006,,lang5,lang,5,,5c6158eb,.wav,legacy_session,ok
raw/mandarin-tone-recordings/audio_fixed_abe/p001/s001/0006_lang5_lang_8cc5ebd9.wav,tone_labeled,p001,,0006,,lang5,lang,5,,8cc5ebd9,.wav,legacy_session,ok
raw/mandarin-tone-recordings/audio_fixed_abe/p001/s001/0006_long1_long_340b9a71.wav,tone_labeled,p001,,0006,,long1,long,1,,340b9a71,.wav,legacy_session,ok
raw/mandarin-tone-recordings/audio_fixed_abe/p001/s001/0006_long1_long_82d3d7ae.wav,tone_labeled,p001,,0006,,long1,long,1,,82d3d7ae,.wav,legacy_session,ok
raw/mandarin-tone-recordings/audio_fixed_abe/p001/s001/0006_long1_long_eb77b743.wav,tone_labeled,p001,,0006,,long1,long,1,,eb77b743,.wav,legacy_session,ok
raw/mandarin-tone-recordings/audio_fixed_abe/p001/s001/0006_sun4_sun_b807c588.wav,tone_labeled,p001,,0006,,sun4,sun,4,,b807c588,.wav,legacy_session,ok
raw/mandarin-tone-recordings/audio_fixed_abe/p001/s001/0007_dong4_dong_0cf68073.wav,tone_labeled,p001,,0007,,dong4,dong,4,,0cf68073,.wav,legacy_session,ok
raw/mandarin-tone-recordings/audio_fixed_abe/p001/s001/0007_dong4_dong_a980f9b7.wav,tone_labeled,p001,,0007,,dong4,dong,4,,a980f9b7,.wav,legacy_session,ok
raw/mandarin-tone-recordings/audio_fixed_abe/p001/s001/0007_po1_po_d2930dba.wav,tone_labeled,p001,,0007,,po1,po,1,,d2930dba,.wav,legacy_session,ok
raw/mandarin-tone-recordings/audio_fixed_abe/p001/s001/0007_po1_po_d2e714bc.wav,tone_labeled,p001,,0007,,po1,po,1,,d2e714bc,.wav,legacy_session,ok
raw/mandarin-tone-recordings/audio_fixed_abe/p001/s001/0007_shui2_shui_0ca45e4b.wav,tone_labeled,p001,,0007,,shui2,shui,2,,0ca45e4b,.wav,legacy_session,ok
raw/mandarin-tone-recordings/audio_fixed_abe/p001/s001/0008_chi2_chi_4447aa1a.wav,tone_labeled,p001,,0008,,chi2,chi,2,,4447aa1a,.wav,legacy_session,ok
raw/mandarin-tone-recordings/audio_fixed_abe/p001/s001/0008_chi2_chi_9bf3ea15.wav,tone_labeled,p001,,0008,,chi2,chi,2,,9bf3ea15,.wav,legacy_session,ok
raw/mandarin-tone-recordings/audio_fixed_abe/p001/s001/0008_fen1_fen_6ab67ce9.wav,tone_labeled,p001,,0008,,fen1,fen,1,,6ab67ce9,.wav,legacy_session,ok
raw/mandarin-tone-recordings/audio_fixed_abe/p001/s001/0008_shuai4_shuai_0a27d985.wav,tone_labeled,p001,,0008,,shuai4,shuai,4,,0a27d985,.wav,legacy_session,ok
raw/mandarin-tone-recordings/audio_fixed_abe/p001/s001/0008_shuai4_shuai_eaf1a47f.wav,tone_labeled,p001,,0008,,shuai4,shuai,4,,eaf1a47f,.wav,legacy_session,ok
raw/mandarin-tone-recordings/audio_fixed_abe/p001/s001/0009_lian3_lian_178e7819.wav,tone_labeled,p001,,0009,,lian3,lian,3,,178e7819,.wav,legacy_session,ok
raw/mandarin-tone-recordings/audio_fixed_abe/p001/s001/0009_lian3_lian_a197b033.wav,tone_labeled,p001,,0009,,lian3,lian,3,,a197b033,.wav,legacy_session,ok
raw/mandarin-tone-recordings/audio_fixed_abe/p001/s001/0009_nao2_nao_0493691b.wav,tone_labeled,p001,,0009,,nao2,nao,2,,0493691b,.wav,legacy_session,ok
raw/mandarin-tone-recordings/audio_fixed_abe/p001/s001/0009_xiang1_xiang_dac258d9.wav,tone_labeled,p001,,0009,,xiang1,xiang,1,,dac258d9,.wav,legacy_session,ok
raw/mandarin-tone-recordings/audio_fixed_abe/p001/s001/0009_xiang1_xiang_e03bc1d3.wav,tone_labeled,p001,,0009,,xiang1,xiang,1,,e03bc1d3,.wav,legacy_session,ok
raw/mandarin-tone-recordings/audio_fixed_abe/p001/s001/0010_jin1_jin_130120c3.wav,tone_labeled,p001,,0010,,jin1,jin,1,,130120c3,.wav,legacy_session,ok
raw/mandarin-tone-recordings/audio_fixed_abe/p001/s001/0010_qiao1_qiao_cfbc36da.wav,tone_labeled,p001,,0010,,qiao1,qiao,1,,cfbc36da,.wav,legacy_session,ok
raw/mandarin-tone-recordings/audio_fixed_abe/p001/s001/0010_xia2_xia_01fec8f8.wav,tone_labeled,p001,,0010,,xia2,xia,2,,01fec8f8,.wav,legacy_session,ok
raw/mandarin-tone-recordings/audio_fixed_abe/p001/s001/0010_xia2_xia_d2bb21e8.wav,tone_labeled,p001,,0010,,xia2,xia,2,,d2bb21e8,.wav,legacy_session,ok
raw/mandarin-tone-recordings/audio_fixed_abe/p001/s001/0011_hu3_hu_14af12de.wav,tone_labeled,p001,,0011,,hu3,hu,3,,14af12de,.wav,legacy_session,ok
raw/mandarin-tone-recordings/audio_fixed_abe/p001/s001/0011_zong3_zong_572eb3eb.wav,tone_labeled,p001,,0011,,zong3,zong,3,,572eb3eb,.wav,legacy_session,ok
raw/mandarin-tone-recordings/audio_fixed_abe/p001/s001/0011_zong3_zong_9ccbdf81.wav,tone_labeled,p001,,0011,,zong3,zong,3,,9ccbdf81,.wav,legacy_session,ok
raw/mandarin-tone-recordings/audio_fixed_abe/p001/s001/0012_sen1_sen_3dc93ff1.wav,tone_labeled,p001,,0012,,sen1,sen,1,,3dc93ff1,.wav,legacy_session,ok
raw/mandarin-tone-recordings/audio_fixed_abe/p001/s001/0012_sen1_sen_9509baf4.wav,tone_labeled,p001,,0012,,sen1,sen,1,,9509baf4,.wav,legacy_session,ok
raw/mandarin-tone-recordings/audio_fixed_abe/p001/s001/0012_xiong3_xiong_929ba653.wav,tone_labeled,p001,,0012,,xiong3,xiong,3,,929ba653,.wav,legacy_session,ok
raw/mandarin-tone-recordings/audio_fixed_abe/p001/s001/0013_m1_m_2f318236.wav,tone_labeled,p001,,0013,,m1,m,1,,2f318236,.wav,legacy_session,ok
raw/mandarin-tone-recordings/audio_fixed_abe/p001/s001/0013_ying1_ying_2d42f7ec.wav,tone_labeled,p001,,0013,,ying1,ying,1,,2d42f7ec,.wav,legacy_session,ok
raw/mandarin-tone-recordings/audio_fixed_abe/p001/s001/0013_ying1_ying_a1de0889.wav,tone_labeled,p001,,0013,,ying1,ying,1,,a1de0889,.wav,legacy_session,ok
raw/mandarin-tone-recordings/audio_fixed_abe/p001/s001/0014_zhong4_zhong_91a6c0de.wav,tone_labeled,p001,,0014,,zhong4,zhong,4,,91a6c0de,.wav,legacy_session,ok
raw/mandarin-tone-recordings/audio_fixed_abe/p001/s001/0014_zhong4_zhong_f7d86944.wav,tone_labeled,p001,,0014,,zhong4,zhong,4,,f7d86944,.wav,legacy_session,ok
raw/mandarin-tone-recordings/audio_fixed_abe/p001/s001/0015_ri3_row0358_ri_45f8198f.wav,tone_labeled,p001,,0015,,ri3,ri,3,,45f8198f,.wav,legacy_session,ok
raw/mandarin-tone-recordings/audio_fixed_abe/p001/s001/0015_ri3_row0358_ri_fda1306e.wav,tone_labeled,p001,,0015,,ri3,ri,3,,fda1306e,.wav,legacy_session,ok
raw/mandarin-tone-recordings/audio_fixed_abe/p001/s001/0016_da5_da_68527a8f.wav,tone_labeled,p001,,0016,,da5,da,5,,68527a8f,.wav,legacy_session,ok
raw/mandarin-tone-recordings/audio_fixed_abe/p001/s001/0016_da5_da_6e5ecf2b.wav,tone_labeled,p001,,0016,,da5,da,5,,6e5ecf2b,.wav,legacy_session,ok
raw/mandarin-tone-recordings/audio_fixed_abe/p001/s001/0017_meng5_meng_480b89ce.wav,tone_labeled,p001,,0017,,meng5,meng,5,,480b89ce,.wav,legacy_session,ok
raw/mandarin-tone-recordings/audio_fixed_abe/p001/s001/0017_meng5_meng_c4e3b53f.wav,tone_labeled,p001,,0017,,meng5,meng,5,,c4e3b53f,.wav,legacy_session,ok
raw/mandarin-tone-recordings/audio_fixed_abe/p001/session_0325d9911223/0001_chong3_chong_9febfdbe.wav,tone_labeled,p001,session_0325d9911223,0001,,chong3,chong,3,,9febfdbe,.wav,legacy_session,ok
raw/mandarin-tone-recordings/audio_fixed_abe/p001/session_0325d9911223/0002_se1_se_e36ac6d3.wav,tone_labeled,p001,session_0325d9911223,0002,,se1,se,1,,e36ac6d3,.wav,legacy_session,ok
raw/mandarin-tone-recordings/audio_fixed_abe/p001/session_0325d9911223/0003_feng3_feng_68439d1c.wav,tone_labeled,p001,session_0325d9911223,0003,,feng3,feng,3,,68439d1c,.wav,legacy_session,ok
raw/mandarin-tone-recordings/audio_fixed_abe/p001/session_0325d9911223/0004_diao1_diao_118ccee2.wav,tone_labeled,p001,session_0325d9911223,0004,,diao1,diao,1,,118ccee2,.wav,legacy_session,ok
raw/mandarin-tone-recordings/audio_fixed_abe/p001/session_0325d9911223/0005_chuang2_chuang_8e15bab3.wav,tone_labeled,p001,session_0325d9911223,0005,,chuang2,chuang,2,,8e15bab3,.wav,legacy_session,ok
raw/mandarin-tone-recordings/audio_fixed_abe/p001/session_0325d9911223/0006_ha3_ha_4089c5c6.wav,tone_labeled,p001,session_0325d9911223,0006,,ha3,ha,3,,4089c5c6,.wav,legacy_session,ok
raw/mandarin-tone-recordings/audio_fixed_abe/p001/session_0325d9911223/0007_nen4_nen_72b1fcd8.wav,tone_labeled,p001,session_0325d9911223,0007,,nen4,nen,4,,72b1fcd8,.wav,legacy_session,ok
raw/mandarin-tone-recordings/audio_fixed_abe/p001/session_0325d9911223/0008_za3_za_5e5107ae.wav,tone_labeled,p001,session_0325d9911223,0008,,za3,za,3,,5e5107ae,.wav,legacy_session,ok
raw/mandarin-tone-recordings/audio_fixed_abe/p001/session_0325d9911223/0009_nong4_nong_44c13bb0.wav,tone_labeled,p001,session_0325d9911223,0009,,nong4,nong,4,,44c13bb0,.wav,legacy_session,ok
raw/mandarin-tone-recordings/audio_fixed_abe/p001/session_0325d9911223/0010_zong2_zong_37477ac9.wav,tone_labeled,p001,session_0325d9911223,0010,,zong2,zong,2,,37477ac9,.wav,legacy_session,ok
raw/mandarin-tone-recordings/audio_fixed_abe/p001/session_0325d9911223/0011_kao3_kao_2adc6a9c.wav,tone_labeled,p001,session_0325d9911223,0011,,kao3,kao,3,,2adc6a9c,.wav,legacy_session,ok
raw/mandarin-tone-recordings/audio_fixed_abe/p001/session_0325d9911223/0012_du1_du_7f997004.wav,tone_labeled,p001,session_0325d9911223,0012,,du1,du,1,,7f997004,.wav,legacy_session,ok
raw/mandarin-tone-recordings/audio_fixed_abe/p001/session_0325d9911223/0013_man1_man_3964350f.wav,tone_labeled,p001,session_0325d9911223,0013,,man1,man,1,,3964350f,.wav,legacy_session,ok
raw/mandarin-tone-recordings/audio_fixed_abe/p001/session_0325d9911223/0014_seng4_seng_27912b65.wav,tone_labeled,p001,session_0325d9911223,0014,,seng4,seng,4,,27912b65,.wav,legacy_session,ok
raw/mandarin-tone-recordings/audio_fixed_abe/p001/session_0325d9911223/0015_hun1_hun_8460c77d.wav,tone_labeled,p001,session_0325d9911223,0015,,hun1,hun,1,,8460c77d,.wav,legacy_session,ok
raw/mandarin-tone-recordings/audio_fixed_abe/p001/session_0325d9911223/0016_niao2_niao_bcf1e202.wav,tone_labeled,p001,session_0325d9911223,0016,,niao2,niao,2,,bcf1e202,.wav,legacy_session,ok
raw/mandarin-tone-recordings/audio_fixed_abe/p001/session_0325d9911223/0017_miao2_miao_a73ad93e.wav,tone_labeled,p001,session_0325d9911223,0017,,miao2,miao,2,,a73ad93e,.wav,legacy_session,ok
raw/mandarin-tone-recordings/audio_fixed_abe/p001/session_0325d9911223/0018_tai2_tai_7582db59.wav,tone_labeled,p001,session_0325d9911223,0018,,tai2,tai,2,,7582db59,.wav,legacy_session,ok
raw/mandarin-tone-recordings/audio_fixed_abe/p001/session_0325d9911223/0019_bi4_bi_2f91fe8a.wav,tone_labeled,p001,session_0325d9911223,0019,,bi4,bi,4,,2f91fe8a,.wav,legacy_session,ok
raw/mandarin-tone-recordings/audio_fixed_abe/p001/session_0325d9911223/0020_xiong1_xiong_3d3204fc.wav,tone_labeled,p001,session_0325d9911223,0020,,xiong1,xiong,1,,3d3204fc,.wav,legacy_session,ok
raw/mandarin-tone-recordings/audio_fixed_abe/p001/session_0325d9911223/0021_nuan4_nuan_4c9c1cdd.wav,tone_labeled,p001,session_0325d9911223,0021,,nuan4,nuan,4,,4c9c1cdd,.wav,legacy_session,ok
raw/mandarin-tone-recordings/audio_fixed_abe/p001/session_0325d9911223/0022_dia4_dia_2f2aa9fb.wav,tone_labeled,p001,session_0325d9911223,0022,,dia4,dia,4,,2f2aa9fb,.wav,legacy_session,ok
raw/mandarin-tone-recordings/audio_fixed_abe/p001/session_0325d9911223/0023_dou4_dou_6620fcd5.wav,tone_labeled,p001,session_0325d9911223,0023,,dou4,dou,4,,6620fcd5,.wav,legacy_session,ok
raw/mandarin-tone-recordings/audio_fixed_abe/p001/session_0325d9911223/0024_quan3_quan_e29f90b6.wav,tone_labeled,p001,session_0325d9911223,0024,,quan3,quan,3,,e29f90b6,.wav,legacy_session,ok
raw/mandarin-tone-recordings/audio_fixed_abe/p001/session_0325d9911223/0025_dong4_dong_0278c212.wav,tone_labeled,p001,session_0325d9911223,0025,,dong4,dong,4,,0278c212,.wav,legacy_session,ok
raw/mandarin-tone-recordings/audio_fixed_abe/p001/session_0325d9911223/0026_zheng1_zheng_7021caa5.wav,tone_labeled,p001,session_0325d9911223,0026,,zheng1,zheng,1,,7021caa5,.wav,legacy_session,ok
raw/mandarin-tone-recordings/audio_fixed_abe/p001/session_0325d9911223/0027_bi1_bi_004383be.wav,tone_labeled,p001,session_0325d9911223,0027,,bi1,bi,1,,004383be,.wav,legacy_session,ok
raw/mandarin-tone-recordings/audio_fixed_abe/p001/session_0325d9911223/0028_huai3_huai_714316e2.wav,tone_labeled,p001,session_0325d9911223,0028,,huai3,huai,3,,714316e2,.wav,legacy_session,ok
raw/mandarin-tone-recordings/audio_fixed_abe/p001/session_0325d9911223/0029_kang3_kang_c67389e7.wav,tone_labeled,p001,session_0325d9911223,0029,,kang3,kang,3,,c67389e7,.wav,legacy_session,ok
raw/mandarin-tone-recordings/audio_fixed_abe/p001/session_0325d9911223/0030_niu2_niu_77672783.wav,tone_labeled,p001,session_0325d9911223,0030,,niu2,niu,2,,77672783,.wav,legacy_session,ok
raw/mandarin-tone-recordings/audio_fixed_abe/p001/session_0325d9911223/0031_cun1_cun_859e5da0.wav,tone_labeled,p001,session_0325d9911223,0031,,cun1,cun,1,,859e5da0,.wav,legacy_session,ok
raw/mandarin-tone-recordings/audio_fixed_abe/p001/session_0325d9911223/0032_nai1_nai_b5737b0c.wav,tone_labeled,p001,session_0325d9911223,0032,,nai1,nai,1,,b5737b0c,.wav,legacy_session,ok
raw/mandarin-tone-recordings/audio_fixed_abe/p001/session_0325d9911223/0033_you4_you_65f82b16.wav,tone_labeled,p001,session_0325d9911223,0033,,you4,you,4,,65f82b16,.wav,legacy_session,ok
raw/mandarin-tone-recordings/audio_fixed_abe/p001/session_0325d9911223/0034_na4_na_407adca7.wav,tone_labeled,p001,session_0325d9911223,0034,,na4,na,4,,407adca7,.wav,legacy_session,ok
raw/mandarin-tone-recordings/audio_fixed_abe/p001/session_0325d9911223/0035_fen4_fen_5090b9b9.wav,tone_labeled,p001,session_0325d9911223,0035,,fen4,fen,4,,5090b9b9,.wav,legacy_session,ok
raw/mandarin-tone-recordings/audio_fixed_abe/p001/session_0325d9911223/0036_pan3_pan_d95a16ab.wav,tone_labeled,p001,session_0325d9911223,0036,,pan3,pan,3,,d95a16ab,.wav,legacy_session,ok
raw/mandarin-tone-recordings/audio_fixed_abe/p001/session_0325d9911223/0037_ya2_ya_6f452820.wav,tone_labeled,p001,session_0325d9911223,0037,,ya2,ya,2,,6f452820,.wav,legacy_session,ok
raw/mandarin-tone-recordings/audio_fixed_abe/p001/session_0325d9911223/0038_ai2_ai_96072cd7.wav,tone_labeled,p001,session_0325d9911223,0038,,ai2,ai,2,,96072cd7,.wav,legacy_session,ok
raw/mandarin-tone-recordings/audio_fixed_abe/p001/session_0325d9911223/0039_zhang1_zhang_3822a59e.wav,tone_labeled,p001,session_0325d9911223,0039,,zhang1,zhang,1,,3822a59e,.wav,legacy_session,ok
raw/mandarin-tone-recordings/audio_fixed_abe/p001/session_0325d9911223/0040_jun3_jun_58051b87.wav,tone_labeled,p001,session_0325d9911223,0040,,jun3,jun,3,,58051b87,.wav,legacy_session,ok
raw/mandarin-tone-recordings/audio_fixed_abe/p001/session_0325d9911223/0041_ma3_ma_155d7673.wav,tone_labeled,p001,session_0325d9911223,0041,,ma3,ma,3,,155d7673,.wav,legacy_session,ok
raw/mandarin-tone-recordings/audio_fixed_abe/p001/session_0325d9911223/0042_ne4_ne_a8258bb7.wav,tone_labeled,p001,session_0325d9911223,0042,,ne4,ne,4,,a8258bb7,.wav,legacy_session,ok
raw/mandarin-tone-recordings/audio_fixed_abe/p001/session_0325d9911223/0043_cu4_cu_707b63a3.wav,tone_labeled,p001,session_0325d9911223,0043,,cu4,cu,4,,707b63a3,.wav,legacy_session,ok
raw/mandarin-tone-recordings/audio_fixed_abe/p001/session_0325d9911223/0044_zhang4_zhang_1b072e38.wav,tone_labeled,p001,session_0325d9911223,0044,,zhang4,zhang,4,,1b072e38,.wav,legacy_session,ok
raw/mandarin-tone-recordings/audio_fixed_abe/p001/session_0325d9911223/0045_pan1_pan_e087be58.wav,tone_labeled,p001,session_0325d9911223,0045,,pan1,pan,1,,e087be58,.wav,legacy_session,ok
raw/mandarin-tone-recordings/audio_fixed_abe/p001/session_0325d9911223/0046_xin1_xin_88f215d0.wav,tone_labeled,p001,session_0325d9911223,0046,,xin1,xin,1,,88f215d0,.wav,legacy_session,ok
raw/mandarin-tone-recordings/audio_fixed_abe/p001/session_0325d9911223/0047_kong3_kong_18a23079.wav,tone_labeled,p001,session_0325d9911223,0047,,kong3,kong,3,,18a23079,.wav,legacy_session,ok
raw/mandarin-tone-recordings/audio_fixed_abe/p001/session_0325d9911223/0048_lia4_lia_b2fd954e.wav,tone_labeled,p001,session_0325d9911223,0048,,lia4,lia,4,,b2fd954e,.wav,legacy_session,ok
raw/mandarin-tone-recordings/audio_fixed_abe/p001/session_0325d9911223/0049_xin3_xin_4c4ebfad.wav,tone_labeled,p001,session_0325d9911223,0049,,xin3,xin,3,,4c4ebfad,.wav,legacy_session,ok
raw/mandarin-tone-recordings/audio_fixed_abe/p001/session_0325d9911223/0050_gang2_gang_30dd3baf.wav,tone_labeled,p001,session_0325d9911223,0050,,gang2,gang,2,,30dd3baf,.wav,legacy_session,ok
raw/mandarin-tone-recordings/audio_fixed_abe/p001/session_0325d9911223/0051_ju1_ju_431f93d4.wav,tone_labeled,p001,session_0325d9911223,0051,,ju1,ju,1,,431f93d4,.wav,legacy_session,ok
raw/mandarin-tone-recordings/audio_fixed_abe/p001/session_0325d9911223/0052_chou2_chou_cc0e0de0.wav,tone_labeled,p001,session_0325d9911223,0052,,chou2,chou,2,,cc0e0de0,.wav,legacy_session,ok
raw/mandarin-tone-recordings/audio_fixed_abe/p001/session_0325d9911223/0053_ceng4_ceng_6f2bd62b.wav,tone_labeled,p001,session_0325d9911223,0053,,ceng4,ceng,4,,6f2bd62b,.wav,legacy_session,ok
raw/mandarin-tone-recordings/audio_fixed_abe/p001/session_0325d9911223/0054_tu1_tu_90c43227.wav,tone_labeled,p001,session_0325d9911223,0054,,tu1,tu,1,,90c43227,.wav,legacy_session,ok
raw/mandarin-tone-recordings/audio_fixed_abe/p001/session_0325d9911223/0055_shuai1_shuai_cc42aa05.wav,tone_labeled,p001,session_0325d9911223,0055,,shuai1,shuai,1,,cc42aa05,.wav,legacy_session,ok
raw/mandarin-tone-recordings/audio_fixed_abe/p001/session_0325d9911223/0056_jian2_jian_1650e6c2.wav,tone_labeled,p001,session_0325d9911223,0056,,jian2,jian,2,,1650e6c2,.wav,legacy_session,ok
raw/mandarin-tone-recordings/audio_fixed_abe/p001/session_0325d9911223/0057_tai1_tai_523448da.wav,tone_labeled,p001,session_0325d9911223,0057,,tai1,tai,1,,523448da,.wav,legacy_session,ok
raw/mandarin-tone-recordings/audio_fixed_abe/p001/session_0325d9911223/0058_de2_de_5f6a8238.wav,tone_labeled,p001,session_0325d9911223,0058,,de2,de,2,,5f6a8238,.wav,legacy_session,ok
raw/mandarin-tone-recordings/audio_fixed_abe/p001/session_0325d9911223/0059_guang4_guang_07b110ff.wav,tone_labeled,p001,session_0325d9911223,0059,,guang4,guang,4,,07b110ff,.wav,legacy_session,ok
raw/mandarin-tone-recordings/audio_fixed_abe/p001/session_0325d9911223/0060_cha1_cha_33efb328.wav,tone_labeled,p001,session_0325d9911223,0060,,cha1,cha,1,,33efb328,.wav,legacy_session,ok
raw/mandarin-tone-recordings/audio_fixed_abe/p001/session_0325d9911223/0061_jia2_jia_92de7db8.wav,tone_labeled,p001,session_0325d9911223,0061,,jia2,jia,2,,92de7db8,.wav,legacy_session,ok
raw/mandarin-tone-recordings/audio_fixed_abe/p001/session_0325d9911223/0062_hai4_hai_8ba69032.wav,tone_labeled,p001,session_0325d9911223,0062,,hai4,hai,4,,8ba69032,.wav,legacy_session,ok
raw/mandarin-tone-recordings/audio_fixed_abe/p001/session_0325d9911223/0063_reng4_reng_e0327129.wav,tone_labeled,p001,session_0325d9911223,0063,,reng4,reng,4,,e0327129,.wav,legacy_session,ok
raw/mandarin-tone-recordings/audio_fixed_abe/p001/session_0325d9911223/0064_cha2_cha_083f63b8.wav,tone_labeled,p001,session_0325d9911223,0064,,cha2,cha,2,,083f63b8,.wav,legacy_session,ok
raw/mandarin-tone-recordings/audio_fixed_abe/p001/session_0325d9911223/0065_pin2_pin_eaa87cba.wav,tone_labeled,p001,session_0325d9911223,0065,,pin2,pin,2,,eaa87cba,.wav,legacy_session,ok
raw/mandarin-tone-recordings/audio_fixed_abe/p001/session_0325d9911223/0066_ma4_ma_b8cd93f8.wav,tone_labeled,p001,session_0325d9911223,0066,,ma4,ma,4,,b8cd93f8,.wav,legacy_session,ok
raw/mandarin-tone-recordings/audio_fixed_abe/p001/session_0325d9911223/0067_xiang4_xiang_2003e23d.wav,tone_labeled,p001,session_0325d9911223,0067,,xiang4,xiang,4,,2003e23d,.wav,legacy_session,ok
raw/mandarin-tone-recordings/audio_fixed_abe/p001/session_0325d9911223/0068_bie1_bie_d2eba0ac.wav,tone_labeled,p001,session_0325d9911223,0068,,bie1,bie,1,,d2eba0ac,.wav,legacy_session,ok
raw/mandarin-tone-recordings/audio_fixed_abe/p001/session_0325d9911223/0069_mang4_mang_e44b24cb.wav,tone_labeled,p001,session_0325d9911223,0069,,mang4,mang,4,,e44b24cb,.wav,legacy_session,ok
raw/mandarin-tone-recordings/audio_fixed_abe/p001/session_0325d9911223/0070_bei2_bei_bc77f4dd.wav,tone_labeled,p001,session_0325d9911223,0070,,bei2,bei,2,,bc77f4dd,.wav,legacy_session,ok
raw/mandarin-tone-recordings/audio_fixed_abe/p001/session_0325d9911223/0071_tei4_tei_1835b0ee.wav,tone_labeled,p001,session_0325d9911223,0071,,tei4,tei,4,,1835b0ee,.wav,legacy_session,ok
raw/mandarin-tone-recordings/audio_fixed_abe/p001/session_0325d9911223/0072_zhou2_zhou_676938f6.wav,tone_labeled,p001,session_0325d9911223,0072,,zhou2,zhou,2,,676938f6,.wav,legacy_session,ok
raw/mandarin-tone-recordings/audio_fixed_abe/p001/session_0325d9911223/0073_man2_man_758c7a1d.wav,tone_labeled,p001,session_0325d9911223,0073,,man2,man,2,,758c7a1d,.wav,legacy_session,ok
raw/mandarin-tone-recordings/audio_fixed_abe/p001/session_0325d9911223/0074_qun3_qun_adc80d0d.wav,tone_labeled,p001,session_0325d9911223,0074,,qun3,qun,3,,adc80d0d,.wav,legacy_session,ok
raw/mandarin-tone-recordings/audio_fixed_abe/p001/session_0325d9911223/0075_zhan1_zhan_1bf1ce8c.wav,tone_labeled,p001,session_0325d9911223,0075,,zhan1,zhan,1,,1bf1ce8c,.wav,legacy_session,ok
raw/mandarin-tone-recordings/audio_fixed_abe/p001/session_0325d9911223/0076_nang4_nang_c3b14d35.wav,tone_labeled,p001,session_0325d9911223,0076,,nang4,nang,4,,c3b14d35,.wav,legacy_session,ok
raw/mandarin-tone-recordings/audio_fixed_abe/p001/session_0325d9911223/0077_chou4_chou_85d5f3bf.wav,tone_labeled,p001,session_0325d9911223,0077,,chou4,chou,4,,85d5f3bf,.wav,legacy_session,ok
raw/mandarin-tone-recordings/audio_fixed_abe/p001/session_0325d9911223/0078_he1_he_0340e588.wav,tone_labeled,p001,session_0325d9911223,0078,,he1,he,1,,0340e588,.wav,legacy_session,ok
raw/mandarin-tone-recordings/audio_fixed_abe/p001/session_0325d9911223/0079_zao1_zao_fdc975e8.wav,tone_labeled,p001,session_0325d9911223,0079,,zao1,zao,1,,fdc975e8,.wav,legacy_session,ok
raw/mandarin-tone-recordings/audio_fixed_abe/p001/session_0325d9911223/0080_xia3_xia_5a5e26d6.wav,tone_labeled,p001,session_0325d9911223,0080,,xia3,xia,3,,5a5e26d6,.wav,legacy_session,ok
raw/mandarin-tone-recordings/audio_fixed_abe/p001/session_0325d9911223/0081_nv3_nv_461b148c.wav,tone_labeled,p001,session_0325d9911223,0081,,nv3,nv,3,,461b148c,.wav,legacy_session,ok
raw/mandarin-tone-recordings/audio_fixed_abe/p001/session_0325d9911223/0082_qin2_qin_8740cb5b.wav,tone_labeled,p001,session_0325d9911223,0082,,qin2,qin,2,,8740cb5b,.wav,legacy_session,ok
raw/mandarin-tone-recordings/audio_fixed_abe/p001/session_0325d9911223/0083_ye4_ye_da5a9ee8.wav,tone_labeled,p001,session_0325d9911223,0083,,ye4,ye,4,,da5a9ee8,.wav,legacy_session,ok
raw/mandarin-tone-recordings/audio_fixed_abe/p001/session_0325d9911223/0084_zhu4_zhu_fafd9f7a.wav,tone_labeled,p001,session_0325d9911223,0084,,zhu4,zhu,4,,fafd9f7a,.wav,legacy_session,ok
raw/mandarin-tone-recordings/audio_fixed_abe/p001/session_0325d9911223/0085_niang2_niang_ef377e8d.wav,tone_labeled,p001,session_0325d9911223,0085,,niang2,niang,2,,ef377e8d,.wav,legacy_session,ok
raw/mandarin-tone-recordings/audio_fixed_abe/p001/session_0325d9911223/0086_zhao4_zhao_9de1930e.wav,tone_labeled,p001,session_0325d9911223,0086,,zhao4,zhao,4,,9de1930e,.wav,legacy_session,ok
raw/mandarin-tone-recordings/audio_fixed_abe/p001/session_0325d9911223/0087_ma1_ma_7ec9d078.wav,tone_labeled,p001,session_0325d9911223,0087,,ma1,ma,1,,7ec9d078,.wav,legacy_session,ok
raw/mandarin-tone-recordings/audio_fixed_abe/p001/session_0325d9911223/0088_zhuo3_zhuo_2234babc.wav,tone_labeled,p001,session_0325d9911223,0088,,zhuo3,zhuo,3,,2234babc,.wav,legacy_session,ok
raw/mandarin-tone-recordings/audio_fixed_abe/p001/session_0325d9911223/0089_peng3_peng_5c47e81f.wav,tone_labeled,p001,session_0325d9911223,0089,,peng3,peng,3,,5c47e81f,.wav,legacy_session,ok
raw/mandarin-tone-recordings/audio_fixed_abe/p001/session_0325d9911223/0090_zan4_zan_8868334e.wav,tone_labeled,p001,session_0325d9911223,0090,,zan4,zan,4,,8868334e,.wav,legacy_session,ok
raw/mandarin-tone-recordings/audio_fixed_abe/p001/session_0325d9911223/0091_zhong2_zhong_91206aa5.wav,tone_labeled,p001,session_0325d9911223,0091,,zhong2,zhong,2,,91206aa5,.wav,legacy_session,ok
raw/mandarin-tone-recordings/audio_fixed_abe/p001/session_0325d9911223/0092_niang3_niang_6f130dc3.wav,tone_labeled,p001,session_0325d9911223,0092,,niang3,niang,3,,6f130dc3,.wav,legacy_session,ok
raw/mandarin-tone-recordings/audio_fixed_abe/p001/session_0325d9911223/0093_hua2_hua_fd4e17a0.wav,tone_labeled,p001,session_0325d9911223,0093,,hua2,hua,2,,fd4e17a0,.wav,legacy_session,ok
raw/mandarin-tone-recordings/audio_fixed_abe/p001/session_0325d9911223/0094_de1_de_04da3c54.wav,tone_labeled,p001,session_0325d9911223,0094,,de1,de,1,,04da3c54,.wav,legacy_session,ok
raw/mandarin-tone-recordings/audio_fixed_abe/p001/session_0325d9911223/0095_ya1_ya_1f893d6d.wav,tone_labeled,p001,session_0325d9911223,0095,,ya1,ya,1,,1f893d6d,.wav,legacy_session,ok
raw/mandarin-tone-recordings/audio_fixed_abe/p001/session_0325d9911223/0096_ri1_ri_88d6d907.wav,tone_labeled,p001,session_0325d9911223,0096,,ri1,ri,1,,88d6d907,.wav,legacy_session,ok
raw/mandarin-tone-recordings/audio_fixed_abe/p001/session_0325d9911223/0097_qiong3_qiong_0b71d167.wav,tone_labeled,p001,session_0325d9911223,0097,,qiong3,qiong,3,,0b71d167,.wav,legacy_session,ok
raw/mandarin-tone-recordings/audio_fixed_abe/p001/session_0325d9911223/0098_diu3_diu_762fda5c.wav,tone_labeled,p001,session_0325d9911223,0098,,diu3,diu,3,,762fda5c,.wav,legacy_session,ok
raw/mandarin-tone-recordings/audio_fixed_abe/p001/session_0325d9911223/0099_lu4_lu_163a400e.wav,tone_labeled,p001,session_0325d9911223,0099,,lu4,lu,4,,163a400e,.wav,legacy_session,ok
raw/mandarin-tone-recordings/audio_fixed_abe/p001/session_0325d9911223/0100_kui1_kui_1126127e.wav,tone_labeled,p001,session_0325d9911223,0100,,kui1,kui,1,,1126127e,.wav,legacy_session,ok
raw/mandarin-tone-recordings/audio_fixed_abe/p001/session_0325d9911223/0101_xiao2_xiao_eecb53ea.wav,tone_labeled,p001,session_0325d9911223,0101,,xiao2,xiao,2,,eecb53ea,.wav,legacy_session,ok
raw/mandarin-tone-recordings/audio_fixed_abe/p001/session_0325d9911223/0102_chuo2_chuo_59ebebf5.wav,tone_labeled,p001,session_0325d9911223,0102,,chuo2,chuo,2,,59ebebf5,.wav,legacy_session,ok
raw/mandarin-tone-recordings/audio_fixed_abe/p001/session_0325d9911223/0103_shui2_shui_281d5b6e.wav,tone_labeled,p001,session_0325d9911223,0103,,shui2,shui,2,,281d5b6e,.wav,legacy_session,ok
raw/mandarin-tone-recordings/audio_fixed_abe/p001/session_0325d9911223/0104_pie3_pie_5f3e883b.wav,tone_labeled,p001,session_0325d9911223,0104,,pie3,pie,3,,5f3e883b,.wav,legacy_session,ok
raw/mandarin-tone-recordings/audio_fixed_abe/p001/session_0325d9911223/0105_en3_en_1119708e.wav,tone_labeled,p001,session_0325d9911223,0105,,en3,en,3,,1119708e,.wav,legacy_session,ok
raw/mandarin-tone-recordings/audio_fixed_abe/p001/session_0325d9911223/0106_sou1_sou_3dbb77ff.wav,tone_labeled,p001,session_0325d9911223,0106,,sou1,sou,1,,3dbb77ff,.wav,legacy_session,ok
raw/mandarin-tone-recordings/audio_fixed_abe/p001/session_0325d9911223/0107_qvan1_qvan_a6cedc28.wav,tone_labeled,p001,session_0325d9911223,0107,,qvan1,qvan,1,,a6cedc28,.wav,legacy_session,ok
raw/mandarin-tone-recordings/audio_fixed_abe/p001/session_34c37d449b5b/0001_kuai2_kuai_c4fad224.wav,tone_labeled,p001,session_34c37d449b5b,0001,,kuai2,kuai,2,,c4fad224,.wav,legacy_session,ok
raw/mandarin-tone-recordings/audio_fixed_abe/p001/session_34c37d449b5b/0002_zhuai1_zhuai_314d7327.wav,tone_labeled,p001,session_34c37d449b5b,0002,,zhuai1,zhuai,1,,314d7327,.wav,legacy_session,ok
raw/mandarin-tone-recordings/audio_fixed_abe/p001/session_34c37d449b5b/0003_zhe4_zhe_71832153.wav,tone_labeled,p001,session_34c37d449b5b,0003,,zhe4,zhe,4,,71832153,.wav,legacy_session,ok
raw/mandarin-tone-recordings/audio_fixed_abe/p001/session_34c37d449b5b/0004_wu2_wu_182ac129.wav,tone_labeled,p001,session_34c37d449b5b,0004,,wu2,wu,2,,182ac129,.wav,legacy_session,ok
raw/mandarin-tone-recordings/audio_fixed_abe/p001/session_e4b6fd952fac/0001_men1_men_05c89cd3.wav,tone_labeled,p001,session_e4b6fd952fac,0001,,men1,men,1,,05c89cd3,.wav,legacy_session,ok
raw/mandarin-tone-recordings/audio_fixed_abe/p001/session_e4b6fd952fac/0002_xun4_xun_b9639ade.wav,tone_labeled,p001,session_e4b6fd952fac,0002,,xun4,xun,4,,b9639ade,.wav,legacy_session,ok
raw/mandarin-tone-recordings/audio_fixed_abe/p001/session_e4b6fd952fac/0003_dun3_dun_810ae872.wav,tone_labeled,p001,session_e4b6fd952fac,0003,,dun3,dun,3,,810ae872,.wav,legacy_session,ok
raw/mandarin-tone-recordings/audio_fixed_abe/p001/session_e4b6fd952fac/0004_fang1_fang_56991b91.wav,tone_labeled,p001,session_e4b6fd952fac,0004,,fang1,fang,1,,56991b91,.wav,legacy_session,ok
raw/mandarin-tone-recordings/audio_fixed_abe/p001/session_e4b6fd952fac/0005_sang1_sang_23f9af48.wav,tone_labeled,p001,session_e4b6fd952fac,0005,,sang1,sang,1,,23f9af48,.wav,legacy_session,ok
raw/mandarin-tone-recordings/audio_fixed_abe/p001/session_e4b6fd952fac/0006_tun2_tun_2b858093.wav,tone_labeled,p001,session_e4b6fd952fac,0006,,tun2,tun,2,,2b858093,.wav,legacy_session,ok
raw/mandarin-tone-recordings/audio_fixed_abe/p001/session_e4b6fd952fac/0007_cui4_cui_38363a2c.wav,tone_labeled,p001,session_e4b6fd952fac,0007,,cui4,cui,4,,38363a2c,.wav,legacy_session,ok
raw/mandarin-tone-recordings/audio_fixed_abe/p002/07cb1a25-e39a-4439-817c-668651e0be16_wen1.wav,tone_labeled,p002,,,,wen1,wen,1,,07cb1a25-e39a-4439-817c-668651e0be16,.wav,uuid_label,ok
raw/mandarin-tone-recordings/audio_fixed_abe/p002/152d53b8-5226-4f7a-9bbe-68bb3a19921d_pang4.wav,tone_labeled,p002,,,,pang4,pang,4,,152d53b8-5226-4f7a-9bbe-68bb3a19921d,.wav,uuid_label,ok
raw/mandarin-tone-recordings/audio_fixed_abe/p002/5cd5f84c-f6a7-46e0-931a-2d6aa1e7dc01_lei2.wav,tone_labeled,p002,,,,lei2,lei,2,,5cd5f84c-f6a7-46e0-931a-2d6aa1e7dc01,.wav,uuid_label,ok
raw/mandarin-tone-recordings/audio_fixed_abe/p002/6da4f8d4-e1d9-4cac-9c71-b30ed9e6da56_pang4.wav,tone_labeled,p002,,,,pang4,pang,4,,6da4f8d4-e1d9-4cac-9c71-b30ed9e6da56,.wav,uuid_label,ok
raw/mandarin-tone-recordings/audio_fixed_abe/p002/d4875365-ccc9-41d1-973a-c22499dba73a_keng5.wav,tone_labeled,p002,,,,keng5,keng,5,,d4875365-ccc9-41d1-973a-c22499dba73a,.wav,uuid_label,ok
raw/mandarin-tone-recordings/audio_fixed_abe/p002/d70fda65-fc09-4b9b-a21d-19f99b1f0d2e_pang4.wav,tone_labeled,p002,,,,pang4,pang,4,,d70fda65-fc09-4b9b-a21d-19f99b1f0d2e,.wav,uuid_label,ok
raw/mandarin-tone-recordings/audio_fixed_abe/p002/e2c2b23b-b902-4ac1-bb03-8426f779bcd5_lei2.wav,tone_labeled,p002,,,,lei2,lei,2,,e2c2b23b-b902-4ac1-bb03-8426f779bcd5,.wav,uuid_label,ok
raw/mandarin-tone-recordings/audio_fixed_abe/p0069/session_d6667449c2f5/0001_huai4_huai_33ca42e9.wav,tone_labeled,p0069,session_d6667449c2f5,0001,,huai4,huai,4,,33ca42e9,.wav,legacy_session,ok
raw/mandarin-tone-recordings/audio_fixed_abe/p0069/session_d6667449c2f5/0001_huai4_huai_fbd4c4db.wav,tone_labeled,p0069,session_d6667449c2f5,0001,,huai4,huai,4,,fbd4c4db,.wav,legacy_session,ok
raw/mandarin-tone-recordings/audio_fixed_abe/p0071/session_063a48ca3343/0001_gua_unspecified_gua_202dc5d8.wav,tone_labeled,p0071,session_063a48ca3343,0001,,gua,gua,,,202dc5d8,.wav,legacy_session,ok
raw/mandarin-tone-recordings/audio_fixed_abe/p0071/session_063a48ca3343/0002_zan_unspecified_zan_1f818834.wav,tone_labeled,p0071,session_063a48ca3343,0002,,zan,zan,,,1f818834,.wav,legacy_session,ok
raw/mandarin-tone-recordings/audio_fixed_abe/p0071/session_063a48ca3343/0003_hui_unspecified_hui_4976041b.wav,tone_labeled,p0071,session_063a48ca3343,0003,,hui,hui,,,4976041b,.wav,legacy_session,ok
raw/mandarin-tone-recordings/audio_fixed_abe/p0071/session_063a48ca3343/0004_zhan_unspecified_zhan_0d2971a4.wav,tone_labeled,p0071,session_063a48ca3343,0004,,zhan,zhan,,,0d2971a4,.wav,legacy_session,ok
raw/mandarin-tone-recordings/audio_fixed_abe/p0071/session_063a48ca3343/0005_rua_unspecified_rua_3a74e3eb.wav,tone_labeled,p0071,session_063a48ca3343,0005,,rua,rua,,,3a74e3eb,.wav,legacy_session,ok
raw/mandarin-tone-recordings/audio_fixed_abe/p0071/session_063a48ca3343/0006_zi_unspecified_zi_de8f4379.wav,tone_labeled,p0071,session_063a48ca3343,0006,,zi,zi,,,de8f4379,.wav,legacy_session,ok
raw/mandarin-tone-recordings/audio_fixed_abe/p0071/session_063a48ca3343/0007_jun_unspecified_jun_319b22a2.wav,tone_labeled,p0071,session_063a48ca3343,0007,,jun,jun,,,319b22a2,.wav,legacy_session,ok
raw/mandarin-tone-recordings/audio_fixed_abe/p0071/session_063a48ca3343/0008_zai_unspecified_zai_f0bf5da4.wav,tone_labeled,p0071,session_063a48ca3343,0008,,zai,zai,,,f0bf5da4,.wav,legacy_session,ok
raw/mandarin-tone-recordings/audio_fixed_abe/p0071/session_063a48ca3343/0009_jiao_unspecified_jiao_0cde66e7.wav,tone_labeled,p0071,session_063a48ca3343,0009,,jiao,jiao,,,0cde66e7,.wav,legacy_session,ok
raw/mandarin-tone-recordings/audio_fixed_abe/p0071/session_063a48ca3343/0010_gao_unspecified_gao_a3d32993.wav,tone_labeled,p0071,session_063a48ca3343,0010,,gao,gao,,,a3d32993,.wav,legacy_session,ok
raw/mandarin-tone-recordings/audio_fixed_abe/p0071/session_063a48ca3343/0011_dang_unspecified_dang_ae50d7ac.wav,tone_labeled,p0071,session_063a48ca3343,0011,,dang,dang,,,ae50d7ac,.wav,legacy_session,ok
raw/mandarin-tone-recordings/audio_fixed_abe/p0071/session_063a48ca3343/0012_che_unspecified_che_c35563b8.wav,tone_labeled,p0071,session_063a48ca3343,0012,,che,che,,,c35563b8,.wav,legacy_session,ok
raw/mandarin-tone-recordings/audio_fixed_abe/p0071/session_063a48ca3343/0013_seng_unspecified_seng_abca4958.wav,tone_labeled,p0071,session_063a48ca3343,0013,,seng,seng,,,abca4958,.wav,legacy_session,ok
raw/mandarin-tone-recordings/audio_fixed_abe/p0071/session_063a48ca3343/0014_run_unspecified_run_15d1ab13.wav,tone_labeled,p0071,session_063a48ca3343,0014,,run,run,,,15d1ab13,.wav,legacy_session,ok
raw/mandarin-tone-recordings/audio_fixed_abe/p0071/session_063a48ca3343/0015_shun_unspecified_shun_63cc82bb.wav,tone_labeled,p0071,session_063a48ca3343,0015,,shun,shun,,,63cc82bb,.wav,legacy_session,ok
raw/mandarin-tone-recordings/audio_fixed_abe/p0071/session_063a48ca3343/0016_ying_unspecified_ying_a75fcd0e.wav,tone_labeled,p0071,session_063a48ca3343,0016,,ying,ying,,,a75fcd0e,.wav,legacy_session,ok
raw/mandarin-tone-recordings/audio_fixed_abe/p0071/session_063a48ca3343/0017_min_unspecified_min_01e1f850.wav,tone_labeled,p0071,session_063a48ca3343,0017,,min,min,,,01e1f850,.wav,legacy_session,ok
raw/mandarin-tone-recordings/audio_fixed_abe/p0071/session_063a48ca3343/0018_mao_unspecified_mao_acea8380.wav,tone_labeled,p0071,session_063a48ca3343,0018,,mao,mao,,,acea8380,.wav,legacy_session,ok
raw/mandarin-tone-recordings/audio_fixed_abe/p0071/session_063a48ca3343/0019_bing_unspecified_bing_f221be8d.wav,tone_labeled,p0071,session_063a48ca3343,0019,,bing,bing,,,f221be8d,.wav,legacy_session,ok
raw/mandarin-tone-recordings/audio_fixed_abe/p0071/session_063a48ca3343/0020_mian_unspecified_mian_edf127f2.wav,tone_labeled,p0071,session_063a48ca3343,0020,,mian,mian,,,edf127f2,.wav,legacy_session,ok
raw/mandarin-tone-recordings/audio_fixed_abe/p0071/session_063a48ca3343/0021_si_unspecified_si_d35758e8.wav,tone_labeled,p0071,session_063a48ca3343,0021,,si,si,,,d35758e8,.wav,legacy_session,ok
raw/mandarin-tone-recordings/audio_fixed_abe/p0071/session_063a48ca3343/0022_po_unspecified_po_2a9495c5.wav,tone_labeled,p0071,session_063a48ca3343,0022,,po,po,,,2a9495c5,.wav,legacy_session,ok
raw/mandarin-tone-recordings/audio_fixed_abe/p0071/session_063a48ca3343/0023_bo_unspecified_bo_378e5ad9.wav,tone_labeled,p0071,session_063a48ca3343,0023,,bo,bo,,,378e5ad9,.wav,legacy_session,ok
raw/mandarin-tone-recordings/audio_fixed_abe/p0071/session_063a48ca3343/0024_kei_unspecified_kei_79adbd4e.wav,tone_labeled,p0071,session_063a48ca3343,0024,,kei,kei,,,79adbd4e,.wav,legacy_session,ok
raw/mandarin-tone-recordings/audio_fixed_abe/p0071/session_063a48ca3343/0025_hei_unspecified_hei_1700b99e.wav,tone_labeled,p0071,session_063a48ca3343,0025,,hei,hei,,,1700b99e,.wav,legacy_session,ok
raw/mandarin-tone-recordings/audio_fixed_abe/p0071/session_063a48ca3343/0026_ga_unspecified_ga_8cc14ec3.wav,tone_labeled,p0071,session_063a48ca3343,0026,,ga,ga,,,8cc14ec3,.wav,legacy_session,ok
raw/mandarin-tone-recordings/audio_fixed_abe/p0071/session_063a48ca3343/0027_ding_unspecified_ding_5a267cd2.wav,tone_labeled,p0071,session_063a48ca3343,0027,,ding,ding,,,5a267cd2,.wav,legacy_session,ok
raw/mandarin-tone-recordings/audio_fixed_abe/p0071/session_063a48ca3343/0028_e_unspecified_e_20d8dafe.wav,tone_labeled,p0071,session_063a48ca3343,0028,,e,e,,,20d8dafe,.wav,legacy_session,ok
raw/mandarin-tone-recordings/audio_fixed_abe/p0071/session_063a48ca3343/0029_su_unspecified_su_f1aacfcd.wav,tone_labeled,p0071,session_063a48ca3343,0029,,su,su,,,f1aacfcd,.wav,legacy_session,ok
raw/mandarin-tone-recordings/audio_fixed_abe/p0071/session_063a48ca3343/0030_san_unspecified_san_3b7a742f.wav,tone_labeled,p0071,session_063a48ca3343,0030,,san,san,,,3b7a742f,.wav,legacy_session,ok
raw/mandarin-tone-recordings/audio_fixed_abe/p0071/session_063a48ca3343/0031_sun_unspecified_sun_9546b660.wav,tone_labeled,p0071,session_063a48ca3343,0031,,sun,sun,,,9546b660,.wav,legacy_session,ok
raw/mandarin-tone-recordings/audio_fixed_abe/p0071/session_063a48ca3343/0032_yong_unspecified_yong_195730bb.wav,tone_labeled,p0071,session_063a48ca3343,0032,,yong,yong,,,195730bb,.wav,legacy_session,ok
raw/mandarin-tone-recordings/audio_fixed_abe/p0071/session_063a48ca3343/0033_shai_unspecified_shai_4d442ec0.wav,tone_labeled,p0071,session_063a48ca3343,0033,,shai,shai,,,4d442ec0,.wav,legacy_session,ok
raw/mandarin-tone-recordings/audio_fixed_abe/p0071/session_063a48ca3343/0034_deng_unspecified_deng_32ef6ed2.wav,tone_labeled,p0071,session_063a48ca3343,0034,,deng,deng,,,32ef6ed2,.wav,legacy_session,ok
raw/mandarin-tone-recordings/audio_fixed_abe/p0071/session_063a48ca3343/0035_ban_unspecified_ban_ff691a8b.wav,tone_labeled,p0071,session_063a48ca3343,0035,,ban,ban,,,ff691a8b,.wav,legacy_session,ok
raw/mandarin-tone-recordings/audio_fixed_abe/p0071/session_063a48ca3343/0036_teng_unspecified_teng_063d585c.wav,tone_labeled,p0071,session_063a48ca3343,0036,,teng,teng,,,063d585c,.wav,legacy_session,ok
raw/mandarin-tone-recordings/audio_fixed_abe/p0071/session_063a48ca3343/0037_ba_unspecified_ba_73f7e0c3.wav,tone_labeled,p0071,session_063a48ca3343,0037,,ba,ba,,,73f7e0c3,.wav,legacy_session,ok
raw/mandarin-tone-recordings/audio_fixed_abe/p0071/session_063a48ca3343/0038_dou_unspecified_dou_63483767.wav,tone_labeled,p0071,session_063a48ca3343,0038,,dou,dou,,,63483767,.wav,legacy_session,ok
raw/mandarin-tone-recordings/audio_fixed_abe/p0071/session_063a48ca3343/0039_ming_unspecified_ming_d0226ef9.wav,tone_labeled,p0071,session_063a48ca3343,0039,,ming,ming,,,d0226ef9,.wav,legacy_session,ok
raw/mandarin-tone-recordings/audio_fixed_abe/p0071/session_063a48ca3343/0040_shi_unspecified_shi_d575cea5.wav,tone_labeled,p0071,session_063a48ca3343,0040,,shi,shi,,,d575cea5,.wav,legacy_session,ok
raw/mandarin-tone-recordings/audio_fixed_abe/p0071/session_063a48ca3343/0041_zhai_unspecified_zhai_89d6cda2.wav,tone_labeled,p0071,session_063a48ca3343,0041,,zhai,zhai,,,89d6cda2,.wav,legacy_session,ok
raw/mandarin-tone-recordings/audio_fixed_abe/p0071/session_063a48ca3343/0042_meng_unspecified_meng_9eaaf790.wav,tone_labeled,p0071,session_063a48ca3343,0042,,meng,meng,,,9eaaf790,.wav,legacy_session,ok
raw/mandarin-tone-recordings/audio_fixed_abe/p0071/session_063a48ca3343/0043_duan_unspecified_duan_45f3c817.wav,tone_labeled,p0071,session_063a48ca3343,0043,,duan,duan,,,45f3c817,.wav,legacy_session,ok
raw/mandarin-tone-recordings/audio_fixed_abe/p0071/session_063a48ca3343/0044_pian_unspecified_pian_f7cdd3ad.wav,tone_labeled,p0071,session_063a48ca3343,0044,,pian,pian,,,f7cdd3ad,.wav,legacy_session,ok
raw/mandarin-tone-recordings/audio_fixed_abe/p0071/session_063a48ca3343/0045_zhun_unspecified_zhun_3d727efe.wav,tone_labeled,p0071,session_063a48ca3343,0045,,zhun,zhun,,,3d727efe,.wav,legacy_session,ok
raw/mandarin-tone-recordings/audio_fixed_abe/p0071/session_063a48ca3343/0046_yvn_unspecified_yvn_48196ab4.wav,tone_labeled,p0071,session_063a48ca3343,0046,,yvn,yvn,,,48196ab4,.wav,legacy_session,ok
raw/mandarin-tone-recordings/audio_fixed_abe/p0071/session_063a48ca3343/0047_cong_unspecified_cong_b85182d7.wav,tone_labeled,p0071,session_063a48ca3343,0047,,cong,cong,,,b85182d7,.wav,legacy_session,ok
raw/mandarin-tone-recordings/audio_fixed_abe/p0071/session_063a48ca3343/0048_ou_unspecified_ou_c413532b.wav,tone_labeled,p0071,session_063a48ca3343,0048,,ou,ou,,,c413532b,.wav,legacy_session,ok
raw/mandarin-tone-recordings/audio_fixed_abe/p0071/session_063a48ca3343/0049_te_unspecified_te_50ba802d.wav,tone_labeled,p0071,session_063a48ca3343,0049,,te,te,,,50ba802d,.wav,legacy_session,ok
raw/mandarin-tone-recordings/audio_fixed_abe/p0071/session_063a48ca3343/0050_can_unspecified_can_98008c7d.wav,tone_labeled,p0071,session_063a48ca3343,0050,,can,can,,,98008c7d,.wav,legacy_session,ok
raw/mandarin-tone-recordings/audio_fixed_abe/p0071/session_063a48ca3343/0051_fei_unspecified_fei_6cc7c8b8.wav,tone_labeled,p0071,session_063a48ca3343,0051,,fei,fei,,,6cc7c8b8,.wav,legacy_session,ok
raw/mandarin-tone-recordings/audio_fixed_abe/p0071/session_063a48ca3343/0052_ling_unspecified_ling_5b129f1d.wav,tone_labeled,p0071,session_063a48ca3343,0052,,ling,ling,,,5b129f1d,.wav,legacy_session,ok
raw/mandarin-tone-recordings/audio_fixed_abe/p0071/session_063a48ca3343/0053_nv_unspecified_nv_35397772.wav,tone_labeled,p0071,session_063a48ca3343,0053,,nv,nv,,,35397772,.wav,legacy_session,ok
raw/mandarin-tone-recordings/audio_fixed_abe/p0071/session_063a48ca3343/0054_pin_unspecified_pin_a93629df.wav,tone_labeled,p0071,session_063a48ca3343,0054,,pin,pin,,,a93629df,.wav,legacy_session,ok
raw/mandarin-tone-recordings/audio_fixed_abe/p0071/session_063a48ca3343/0055_tou_unspecified_tou_18421d91.wav,tone_labeled,p0071,session_063a48ca3343,0055,,tou,tou,,,18421d91,.wav,legacy_session,ok
raw/mandarin-tone-recordings/audio_fixed_abe/p0071/session_063a48ca3343/0056_la_unspecified_la_76a7404c.wav,tone_labeled,p0071,session_063a48ca3343,0056,,la,la,,,76a7404c,.wav,legacy_session,ok
raw/mandarin-tone-recordings/audio_fixed_abe/p0071/session_063a48ca3343/0057_shao_unspecified_shao_6996a5c8.wav,tone_labeled,p0071,session_063a48ca3343,0057,,shao,shao,,,6996a5c8,.wav,legacy_session,ok
raw/mandarin-tone-recordings/audio_fixed_abe/p0071/session_063a48ca3343/0058_guang_unspecified_guang_d97c3348.wav,tone_labeled,p0071,session_063a48ca3343,0058,,guang,guang,,,d97c3348,.wav,legacy_session,ok
raw/mandarin-tone-recordings/audio_fixed_abe/p0071/session_063a48ca3343/0059_miu_unspecified_miu_c742c7e5.wav,tone_labeled,p0071,session_063a48ca3343,0059,,miu,miu,,,c742c7e5,.wav,legacy_session,ok
raw/mandarin-tone-recordings/audio_fixed_abe/p0071/session_063a48ca3343/0060_sen_unspecified_sen_a41f537e.wav,tone_labeled,p0071,session_063a48ca3343,0060,,sen,sen,,,a41f537e,.wav,legacy_session,ok
raw/mandarin-tone-recordings/audio_fixed_abe/p0071/session_063a48ca3343/0061_sui_unspecified_sui_cf6745d8.wav,tone_labeled,p0071,session_063a48ca3343,0061,,sui,sui,,,cf6745d8,.wav,legacy_session,ok
raw/mandarin-tone-recordings/audio_fixed_abe/p0071/session_063a48ca3343/0062_zeng_unspecified_zeng_743067f5.wav,tone_labeled,p0071,session_063a48ca3343,0062,,zeng,zeng,,,743067f5,.wav,legacy_session,ok
raw/mandarin-tone-recordings/audio_fixed_abe/p0071/session_063a48ca3343/0063_jia_unspecified_jia_ac12697c.wav,tone_labeled,p0071,session_063a48ca3343,0063,,jia,jia,,,ac12697c,.wav,legacy_session,ok
raw/mandarin-tone-recordings/audio_fixed_abe/p0071/session_063a48ca3343/0064_ren_unspecified_ren_ec2e2b64.wav,tone_labeled,p0071,session_063a48ca3343,0064,,ren,ren,,,ec2e2b64,.wav,legacy_session,ok
raw/mandarin-tone-recordings/audio_fixed_abe/p0071/session_063a48ca3343/0065_zong_unspecified_zong_70150be2.wav,tone_labeled,p0071,session_063a48ca3343,0065,,zong,zong,,,70150be2,.wav,legacy_session,ok
raw/mandarin-tone-recordings/audio_fixed_abe/p0071/session_063a48ca3343/0066_fiao_unspecified_fiao_a9a4493e.wav,tone_labeled,p0071,session_063a48ca3343,0066,,fiao,fiao,,,a9a4493e,.wav,legacy_session,ok
raw/mandarin-tone-recordings/audio_fixed_abe/p0071/session_063a48ca3343/0067_qin_unspecified_qin_750b6e04.wav,tone_labeled,p0071,session_063a48ca3343,0067,,qin,qin,,,750b6e04,.wav,legacy_session,ok
raw/mandarin-tone-recordings/audio_fixed_abe/p0071/session_063a48ca3343/0068_miao_unspecified_miao_4b9406f9.wav,tone_labeled,p0071,session_063a48ca3343,0068,,miao,miao,,,4b9406f9,.wav,legacy_session,ok
raw/mandarin-tone-recordings/audio_fixed_abe/p0071/session_063a48ca3343/0069_mu_unspecified_mu_bff8a5b4.wav,tone_labeled,p0071,session_063a48ca3343,0069,,mu,mu,,,bff8a5b4,.wav,legacy_session,ok
raw/mandarin-tone-recordings/audio_fixed_abe/p0071/session_063a48ca3343/0070_han_unspecified_han_ffcb8148.wav,tone_labeled,p0071,session_063a48ca3343,0070,,han,han,,,ffcb8148,.wav,legacy_session,ok
raw/mandarin-tone-recordings/audio_fixed_abe/p0071/session_063a48ca3343/0071_zhou_unspecified_zhou_426f3c00.wav,tone_labeled,p0071,session_063a48ca3343,0071,,zhou,zhou,,,426f3c00,.wav,legacy_session,ok
raw/mandarin-tone-recordings/audio_fixed_abe/p0071/session_063a48ca3343/0072_yi_unspecified_yi_888bc1d1.wav,tone_labeled,p0071,session_063a48ca3343,0072,,yi,yi,,,888bc1d1,.wav,legacy_session,ok
raw/mandarin-tone-recordings/audio_fixed_abe/p0071/session_063a48ca3343/0073_huai_unspecified_huai_4666ff19.wav,tone_labeled,p0071,session_063a48ca3343,0073,,huai,huai,,,4666ff19,.wav,legacy_session,ok
raw/mandarin-tone-recordings/audio_fixed_abe/p0071/session_063a48ca3343/0074_de_unspecified_de_68a8d285.wav,tone_labeled,p0071,session_063a48ca3343,0074,,de,de,,,68a8d285,.wav,legacy_session,ok
raw/mandarin-tone-recordings/audio_fixed_abe/p0071/session_063a48ca3343/0075_he_unspecified_he_0fea10c8.wav,tone_labeled,p0071,session_063a48ca3343,0075,,he,he,,,0fea10c8,.wav,legacy_session,ok
raw/mandarin-tone-recordings/audio_fixed_abe/p0071/session_063a48ca3343/0076_qi_unspecified_qi_cd3d6802.wav,tone_labeled,p0071,session_063a48ca3343,0076,,qi,qi,,,cd3d6802,.wav,legacy_session,ok
raw/mandarin-tone-recordings/audio_fixed_abe/p0071/session_063a48ca3343/0077_du_unspecified_du_9de6670a.wav,tone_labeled,p0071,session_063a48ca3343,0077,,du,du,,,9de6670a,.wav,legacy_session,ok
raw/mandarin-tone-recordings/audio_fixed_abe/p0071/session_063a48ca3343/0078_zang_unspecified_zang_3be8c51a.wav,tone_labeled,p0071,session_063a48ca3343,0078,,zang,zang,,,3be8c51a,.wav,legacy_session,ok
raw/mandarin-tone-recordings/audio_fixed_abe/p0071/session_063a48ca3343/0079_huan_unspecified_huan_4bf76a02.wav,tone_labeled,p0071,session_063a48ca3343,0079,,huan,huan,,,4bf76a02,.wav,legacy_session,ok
raw/mandarin-tone-recordings/audio_fixed_abe/p0071/session_063a48ca3343/0080_nang_unspecified_nang_51bdbc15.wav,tone_labeled,p0071,session_063a48ca3343,0080,,nang,nang,,,51bdbc15,.wav,legacy_session,ok
raw/mandarin-tone-recordings/audio_fixed_abe/p0071/session_063a48ca3343/0081_niang_unspecified_niang_1da36188.wav,tone_labeled,p0071,session_063a48ca3343,0081,,niang,niang,,,1da36188,.wav,legacy_session,ok
raw/mandarin-tone-recordings/audio_fixed_abe/p0071/session_063a48ca3343/0082_dui_unspecified_dui_3dd32067.wav,tone_labeled,p0071,session_063a48ca3343,0082,,dui,dui,,,3dd32067,.wav,legacy_session,ok
raw/mandarin-tone-recordings/audio_fixed_abe/p0071/session_063a48ca3343/0083_nong_unspecified_nong_3ffa8341.wav,tone_labeled,p0071,session_063a48ca3343,0083,,nong,nong,,,3ffa8341,.wav,legacy_session,ok
raw/mandarin-tone-recordings/audio_fixed_abe/p0071/session_063a48ca3343/0084_xing_unspecified_xing_75388f99.wav,tone_labeled,p0071,session_063a48ca3343,0084,,xing,xing,,,75388f99,.wav,legacy_session,ok
raw/mandarin-tone-recordings/audio_fixed_abe/p0071/session_063a48ca3343/0085_lang_unspecified_lang_5d061a97.wav,tone_labeled,p0071,session_063a48ca3343,0085,,lang,lang,,,5d061a97,.wav,legacy_session,ok
raw/mandarin-tone-recordings/audio_fixed_abe/p0071/session_063a48ca3343/0086_ping_unspecified_ping_2fe5139a.wav,tone_labeled,p0071,session_063a48ca3343,0086,,ping,ping,,,2fe5139a,.wav,legacy_session,ok
raw/mandarin-tone-recordings/audio_fixed_abe/p0071/session_063a48ca3343/0087_hou_unspecified_hou_3d16abe7.wav,tone_labeled,p0071,session_063a48ca3343,0087,,hou,hou,,,3d16abe7,.wav,legacy_session,ok
raw/mandarin-tone-recordings/audio_fixed_abe/p0071/session_063a48ca3343/0088_shou_unspecified_shou_ba38363d.wav,tone_labeled,p0071,session_063a48ca3343,0088,,shou,shou,,,ba38363d,.wav,legacy_session,ok
raw/mandarin-tone-recordings/audio_fixed_abe/p0071/session_063a48ca3343/0089_reng_unspecified_reng_2c309a22.wav,tone_labeled,p0071,session_063a48ca3343,0089,,reng,reng,,,2c309a22,.wav,legacy_session,ok
raw/mandarin-tone-recordings/audio_fixed_abe/p0071/session_063a48ca3343/0090_cha_unspecified_cha_647d4276.wav,tone_labeled,p0071,session_063a48ca3343,0090,,cha,cha,,,647d4276,.wav,legacy_session,ok
raw/mandarin-tone-recordings/audio_fixed_abe/p0071/session_063a48ca3343/0091_mang_unspecified_mang_676bb898.wav,tone_labeled,p0071,session_063a48ca3343,0091,,mang,mang,,,676bb898,.wav,legacy_session,ok
raw/mandarin-tone-recordings/audio_fixed_abe/p0071/session_063a48ca3343/0092_hu_unspecified_hu_45f4496d.wav,tone_labeled,p0071,session_063a48ca3343,0092,,hu,hu,,,45f4496d,.wav,legacy_session,ok
raw/mandarin-tone-recordings/audio_fixed_abe/p0071/session_063a48ca3343/0093_ang_unspecified_ang_e2fd9aa7.wav,tone_labeled,p0071,session_063a48ca3343,0093,,ang,ang,,,e2fd9aa7,.wav,legacy_session,ok
raw/mandarin-tone-recordings/audio_fixed_abe/p0071/session_063a48ca3343/0094_xuan_unspecified_xuan_f4ecbc27.wav,tone_labeled,p0071,session_063a48ca3343,0094,,xuan,xuan,,,f4ecbc27,.wav,legacy_session,ok
raw/mandarin-tone-recordings/audio_fixed_abe/p0071/session_063a48ca3343/0095_zhui_unspecified_zhui_e4810acf.wav,tone_labeled,p0071,session_063a48ca3343,0095,,zhui,zhui,,,e4810acf,.wav,legacy_session,ok
raw/mandarin-tone-recordings/audio_fixed_abe/p0071/session_063a48ca3343/0096_ken_unspecified_ken_114b74a1.wav,tone_labeled,p0071,session_063a48ca3343,0096,,ken,ken,,,114b74a1,.wav,legacy_session,ok
raw/mandarin-tone-recordings/audio_fixed_abe/p0071/session_063a48ca3343/0097_bao_unspecified_bao_3ac37205.wav,tone_labeled,p0071,session_063a48ca3343,0097,,bao,bao,,,3ac37205,.wav,legacy_session,ok
raw/mandarin-tone-recordings/audio_fixed_abe/p0071/session_063a48ca3343/0098_jiang_unspecified_jiang_4c80c007.wav,tone_labeled,p0071,session_063a48ca3343,0098,,jiang,jiang,,,4c80c007,.wav,legacy_session,ok
raw/mandarin-tone-recordings/audio_fixed_abe/p0071/session_063a48ca3343/0099_shuai_unspecified_shuai_346916a6.wav,tone_labeled,p0071,session_063a48ca3343,0099,,shuai,shuai,,,346916a6,.wav,legacy_session,ok
raw/mandarin-tone-recordings/audio_fixed_abe/p0071/session_063a48ca3343/0100_sai_unspecified_sai_320fd3ad.wav,tone_labeled,p0071,session_063a48ca3343,0100,,sai,sai,,,320fd3ad,.wav,legacy_session,ok
raw/mandarin-tone-recordings/audio_fixed_abe/p0071/session_063a48ca3343/0101_rou_unspecified_rou_25b38532.wav,tone_labeled,p0071,session_063a48ca3343,0101,,rou,rou,,,25b38532,.wav,legacy_session,ok
raw/mandarin-tone-recordings/audio_fixed_abe/p0071/session_063a48ca3343/0102_jvan_unspecified_jvan_6b111f40.wav,tone_labeled,p0071,session_063a48ca3343,0102,,jvan,jvan,,,6b111f40,.wav,legacy_session,ok
raw/mandarin-tone-recordings/audio_fixed_abe/p0071/session_063a48ca3343/0103_sang_unspecified_sang_ae11d4c6.wav,tone_labeled,p0071,session_063a48ca3343,0103,,sang,sang,,,ae11d4c6,.wav,legacy_session,ok
raw/mandarin-tone-recordings/audio_fixed_abe/p0071/session_063a48ca3343/0104_biao_unspecified_biao_1e4a0048.wav,tone_labeled,p0071,session_063a48ca3343,0104,,biao,biao,,,1e4a0048,.wav,legacy_session,ok
raw/mandarin-tone-recordings/audio_fixed_abe/p0071/session_063a48ca3343/0105_gong_unspecified_gong_4c7e6d12.wav,tone_labeled,p0071,session_063a48ca3343,0105,,gong,gong,,,4c7e6d12,.wav,legacy_session,ok
raw/mandarin-tone-recordings/audio_fixed_abe/p0071/session_063a48ca3343/0106_nun_unspecified_nun_23180865.wav,tone_labeled,p0071,session_063a48ca3343,0106,,nun,nun,,,23180865,.wav,legacy_session,ok
raw/mandarin-tone-recordings/audio_fixed_abe/p0071/session_063a48ca3343/0107_shang_unspecified_shang_464cb720.wav,tone_labeled,p0071,session_063a48ca3343,0107,,shang,shang,,,464cb720,.wav,legacy_session,ok
raw/mandarin-tone-recordings/audio_fixed_abe/p0071/session_063a48ca3343/0108_dun_unspecified_dun_fa86d02d.wav,tone_labeled,p0071,session_063a48ca3343,0108,,dun,dun,,,fa86d02d,.wav,legacy_session,ok
raw/mandarin-tone-recordings/audio_fixed_abe/p0071/session_063a48ca3343/0109_lan_unspecified_lan_af8cdc08.wav,tone_labeled,p0071,session_063a48ca3343,0109,,lan,lan,,,af8cdc08,.wav,legacy_session,ok
raw/mandarin-tone-recordings/audio_fixed_abe/p0071/session_063a48ca3343/0110_jing_unspecified_jing_5e68a901.wav,tone_labeled,p0071,session_063a48ca3343,0110,,jing,jing,,,5e68a901,.wav,legacy_session,ok
raw/mandarin-tone-recordings/audio_fixed_abe/p0071/session_063a48ca3343/0111_yan_unspecified_yan_5a90178a.wav,tone_labeled,p0071,session_063a48ca3343,0111,,yan,yan,,,5a90178a,.wav,legacy_session,ok
raw/mandarin-tone-recordings/audio_fixed_abe/p0071/session_063a48ca3343/0112_shui_unspecified_shui_0345cd6f.wav,tone_labeled,p0071,session_063a48ca3343,0112,,shui,shui,,,0345cd6f,.wav,legacy_session,ok
raw/mandarin-tone-recordings/audio_fixed_abe/p0071/session_063a48ca3343/0113_ai_unspecified_ai_c66cbb66.wav,tone_labeled,p0071,session_063a48ca3343,0113,,ai,ai,,,c66cbb66,.wav,legacy_session,ok
raw/mandarin-tone-recordings/audio_fixed_abe/p0071/session_063a48ca3343/0114_luo_unspecified_luo_62d1fbac.wav,tone_labeled,p0071,session_063a48ca3343,0114,,luo,luo,,,62d1fbac,.wav,legacy_session,ok
raw/mandarin-tone-recordings/audio_fixed_abe/p0071/session_063a48ca3343/0115_pou_unspecified_pou_7bbbc966.wav,tone_labeled,p0071,session_063a48ca3343,0115,,pou,pou,,,7bbbc966,.wav,legacy_session,ok
raw/mandarin-tone-recordings/audio_fixed_abe/p0071/session_063a48ca3343/0116_tei_unspecified_tei_640a49b9.wav,tone_labeled,p0071,session_063a48ca3343,0116,,tei,tei,,,640a49b9,.wav,legacy_session,ok
raw/mandarin-tone-recordings/audio_fixed_abe/p0071/session_063a48ca3343/0117_wo_unspecified_wo_b9f01186.wav,tone_labeled,p0071,session_063a48ca3343,0117,,wo,wo,,,b9f01186,.wav,legacy_session,ok
raw/mandarin-tone-recordings/audio_fixed_abe/p0071/session_063a48ca3343/0118_lve_unspecified_lve_a09dc869.wav,tone_labeled,p0071,session_063a48ca3343,0118,,lve,lve,,,a09dc869,.wav,legacy_session,ok
raw/mandarin-tone-recordings/audio_fixed_abe/p0071/session_063a48ca3343/0119_ce_unspecified_ce_505b4fc6.wav,tone_labeled,p0071,session_063a48ca3343,0119,,ce,ce,,,505b4fc6,.wav,legacy_session,ok
raw/mandarin-tone-recordings/audio_fixed_abe/p0071/session_063a48ca3343/0120_qia_unspecified_qia_951a39aa.wav,tone_labeled,p0071,session_063a48ca3343,0120,,qia,qia,,,951a39aa,.wav,legacy_session,ok
raw/mandarin-tone-recordings/audio_fixed_abe/p0071/session_063a48ca3343/0121_kua_unspecified_kua_d06c21a7.wav,tone_labeled,p0071,session_063a48ca3343,0121,,kua,kua,,,d06c21a7,.wav,legacy_session,ok
raw/mandarin-tone-recordings/audio_fixed_abe/p0071/session_063a48ca3343/0122_tie_unspecified_tie_9e2d33ba.wav,tone_labeled,p0071,session_063a48ca3343,0122,,tie,tie,,,9e2d33ba,.wav,legacy_session,ok
raw/mandarin-tone-recordings/audio_fixed_abe/p0071/session_063a48ca3343/0123_wa_unspecified_wa_d60386a6.wav,tone_labeled,p0071,session_063a48ca3343,0123,,wa,wa,,,d60386a6,.wav,legacy_session,ok
raw/mandarin-tone-recordings/audio_fixed_abe/p0071/session_063a48ca3343/0124_tuo_unspecified_tuo_5877a605.wav,tone_labeled,p0071,session_063a48ca3343,0124,,tuo,tuo,,,5877a605,.wav,legacy_session,ok
raw/mandarin-tone-recordings/audio_fixed_abe/p0071/session_063a48ca3343/0125_zha_unspecified_zha_70f15fef.wav,tone_labeled,p0071,session_063a48ca3343,0125,,zha,zha,,,70f15fef,.wav,legacy_session,ok
raw/mandarin-tone-recordings/audio_fixed_abe/p0071/session_063a48ca3343/0126_chun_unspecified_chun_c2025e25.wav,tone_labeled,p0071,session_063a48ca3343,0126,,chun,chun,,,c2025e25,.wav,legacy_session,ok
raw/mandarin-tone-recordings/audio_fixed_abe/p0071/session_063a48ca3343/0127_tai_unspecified_tai_263bca02.wav,tone_labeled,p0071,session_063a48ca3343,0127,,tai,tai,,,263bca02,.wav,legacy_session,ok
raw/mandarin-tone-recordings/audio_fixed_abe/p0071/session_063a48ca3343/0128_wu_unspecified_wu_067f692b.wav,tone_labeled,p0071,session_063a48ca3343,0128,,wu,wu,,,067f692b,.wav,legacy_session,ok
raw/mandarin-tone-recordings/audio_fixed_abe/p0071/session_063a48ca3343/0129_gan_unspecified_gan_c6c22818.wav,tone_labeled,p0071,session_063a48ca3343,0129,,gan,gan,,,c6c22818,.wav,legacy_session,ok
raw/mandarin-tone-recordings/audio_fixed_abe/p0071/session_063a48ca3343/0130_zhuai_unspecified_zhuai_10752db5.wav,tone_labeled,p0071,session_063a48ca3343,0130,,zhuai,zhuai,,,10752db5,.wav,legacy_session,ok
raw/mandarin-tone-recordings/audio_fixed_abe/p0071/session_063a48ca3343/0131_ke_unspecified_ke_c8c25aeb.wav,tone_labeled,p0071,session_063a48ca3343,0131,,ke,ke,,,c8c25aeb,.wav,legacy_session,ok
raw/mandarin-tone-recordings/audio_fixed_abe/p0071/session_063a48ca3343/0132_ru_unspecified_ru_151040e2.wav,tone_labeled,p0071,session_063a48ca3343,0132,,ru,ru,,,151040e2,.wav,legacy_session,ok
raw/mandarin-tone-recordings/audio_fixed_abe/p0071/session_063a48ca3343/0133_nuan_unspecified_nuan_d1d567e3.wav,tone_labeled,p0071,session_063a48ca3343,0133,,nuan,nuan,,,d1d567e3,.wav,legacy_session,ok
raw/mandarin-tone-recordings/audio_fixed_abe/p0071/session_063a48ca3343/0134_zou_unspecified_zou_ba0a4c70.wav,tone_labeled,p0071,session_063a48ca3343,0134,,zou,zou,,,ba0a4c70,.wav,legacy_session,ok
raw/mandarin-tone-recordings/audio_fixed_abe/p0071/session_063a48ca3343/0135_zhang_unspecified_zhang_e5975c29.wav,tone_labeled,p0071,session_063a48ca3343,0135,,zhang,zhang,,,e5975c29,.wav,legacy_session,ok
raw/mandarin-tone-recordings/audio_fixed_abe/p0071/session_063a48ca3343/0136_bai_unspecified_bai_dd7956bc.wav,tone_labeled,p0071,session_063a48ca3343,0136,,bai,bai,,,dd7956bc,.wav,legacy_session,ok
raw/mandarin-tone-recordings/audio_fixed_abe/p0071/session_063a48ca3343/0137_den_unspecified_den_8f36cedb.wav,tone_labeled,p0071,session_063a48ca3343,0137,,den,den,,,8f36cedb,.wav,legacy_session,ok
raw/mandarin-tone-recordings/audio_fixed_abe/p0071/session_063a48ca3343/0138_zhong_unspecified_zhong_a708e46d.wav,tone_labeled,p0071,session_063a48ca3343,0138,,zhong,zhong,,,a708e46d,.wav,legacy_session,ok
raw/mandarin-tone-recordings/audio_fixed_abe/p0071/session_063a48ca3343/0139_xiong_unspecified_xiong_fd680eb0.wav,tone_labeled,p0071,session_063a48ca3343,0139,,xiong,xiong,,,fd680eb0,.wav,legacy_session,ok
raw/mandarin-tone-recordings/audio_fixed_abe/p0071/session_063a48ca3343/0140_wei_unspecified_wei_26becd4a.wav,tone_labeled,p0071,session_063a48ca3343,0140,,wei,wei,,,26becd4a,.wav,legacy_session,ok
raw/mandarin-tone-recordings/audio_fixed_abe/p0071/session_063a48ca3343/0141_chi_unspecified_chi_9487e578.wav,tone_labeled,p0071,session_063a48ca3343,0141,,chi,chi,,,9487e578,.wav,legacy_session,ok
raw/mandarin-tone-recordings/audio_fixed_abe/p0071/session_063a48ca3343/0142_tian_unspecified_tian_288b27e3.wav,tone_labeled,p0071,session_063a48ca3343,0142,,tian,tian,,,288b27e3,.wav,legacy_session,ok
raw/mandarin-tone-recordings/audio_fixed_abe/p0071/session_063a48ca3343/0143_cu_unspecified_cu_8edf796d.wav,tone_labeled,p0071,session_063a48ca3343,0143,,cu,cu,,,8edf796d,.wav,legacy_session,ok
raw/mandarin-tone-recordings/audio_fixed_abe/p0071/session_063a48ca3343/0144_pie_unspecified_pie_ab8841e4.wav,tone_labeled,p0071,session_063a48ca3343,0144,,pie,pie,,,ab8841e4,.wav,legacy_session,ok
raw/mandarin-tone-recordings/audio_fixed_abe/p0071/session_063a48ca3343/0145_yin_unspecified_yin_5c84244f.wav,tone_labeled,p0071,session_063a48ca3343,0145,,yin,yin,,,5c84244f,.wav,legacy_session,ok
raw/mandarin-tone-recordings/audio_fixed_abe/p0071/session_063a48ca3343/0146_luan_unspecified_luan_bd2df073.wav,tone_labeled,p0071,session_063a48ca3343,0146,,luan,luan,,,bd2df073,.wav,legacy_session,ok
raw/mandarin-tone-recordings/audio_fixed_abe/p0071/session_063a48ca3343/0147_na_unspecified_na_0b628a32.wav,tone_labeled,p0071,session_063a48ca3343,0147,,na,na,,,0b628a32,.wav,legacy_session,ok
raw/mandarin-tone-recordings/audio_fixed_abe/p0071/session_063a48ca3343/0148_ruan_unspecified_ruan_2c0c1189.wav,tone_labeled,p0071,session_063a48ca3343,0148,,ruan,ruan,,,2c0c1189,.wav,legacy_session,ok
raw/mandarin-tone-recordings/audio_fixed_abe/p0071/session_063a48ca3343/0149_ji_unspecified_ji_40ee8a05.wav,tone_labeled,p0071,session_063a48ca3343,0149,,ji,ji,,,40ee8a05,.wav,legacy_session,ok
raw/mandarin-tone-recordings/audio_fixed_abe/p0071/session_063a48ca3343/0150_en_unspecified_en_930363f1.wav,tone_labeled,p0071,session_063a48ca3343,0150,,en,en,,,930363f1,.wav,legacy_session,ok
raw/mandarin-tone-recordings/audio_fixed_abe/p0071/session_063a48ca3343/0151_dao_unspecified_dao_1c70ffe5.wav,tone_labeled,p0071,session_063a48ca3343,0151,,dao,dao,,,1c70ffe5,.wav,legacy_session,ok
raw/mandarin-tone-recordings/audio_fixed_abe/p0071/session_063a48ca3343/0152_ye_unspecified_ye_f6dc87ba.wav,tone_labeled,p0071,session_063a48ca3343,0152,,ye,ye,,,f6dc87ba,.wav,legacy_session,ok
raw/mandarin-tone-recordings/audio_fixed_abe/p0071/session_063a48ca3343/0153_bang_unspecified_bang_f33630f0.wav,tone_labeled,p0071,session_063a48ca3343,0153,,bang,bang,,,f33630f0,.wav,legacy_session,ok
raw/mandarin-tone-recordings/audio_fixed_abe/p0071/session_063a48ca3343/0154_ze_unspecified_ze_70b2fa1d.wav,tone_labeled,p0071,session_063a48ca3343,0154,,ze,ze,,,70b2fa1d,.wav,legacy_session,ok
raw/mandarin-tone-recordings/audio_fixed_abe/p0071/session_063a48ca3343/0155_mie_unspecified_mie_ee8755f3.wav,tone_labeled,p0071,session_063a48ca3343,0155,,mie,mie,,,ee8755f3,.wav,legacy_session,ok
raw/mandarin-tone-recordings/audio_fixed_abe/p0071/session_063a48ca3343/0156_xiang_unspecified_xiang_943ff8e9.wav,tone_labeled,p0071,session_063a48ca3343,0156,,xiang,xiang,,,943ff8e9,.wav,legacy_session,ok
raw/mandarin-tone-recordings/audio_fixed_abe/p0071/session_063a48ca3343/0157_leng_unspecified_leng_9db34ef6.wav,tone_labeled,p0071,session_063a48ca3343,0157,,leng,leng,,,9db34ef6,.wav,legacy_session,ok
raw/mandarin-tone-recordings/audio_fixed_abe/p0071/session_063a48ca3343/0158_chuo_unspecified_chuo_bd69233c.wav,tone_labeled,p0071,session_063a48ca3343,0158,,chuo,chuo,,,bd69233c,.wav,legacy_session,ok
raw/mandarin-tone-recordings/audio_fixed_abe/p0071/session_063a48ca3343/0159_guan_unspecified_guan_792fb55f.wav,tone_labeled,p0071,session_063a48ca3343,0159,,guan,guan,,,792fb55f,.wav,legacy_session,ok
raw/mandarin-tone-recordings/audio_fixed_abe/p0071/session_063a48ca3343/0160_nu_unspecified_nu_8bc4abea.wav,tone_labeled,p0071,session_063a48ca3343,0160,,nu,nu,,,8bc4abea,.wav,legacy_session,ok
raw/mandarin-tone-recordings/audio_fixed_abe/p0071/session_063a48ca3343/0161_cang_unspecified_cang_37d20943.wav,tone_labeled,p0071,session_063a48ca3343,0161,,cang,cang,,,37d20943,.wav,legacy_session,ok
raw/mandarin-tone-recordings/audio_fixed_abe/p0071/session_063a48ca3343/0162_diao_unspecified_diao_3f4e0395.wav,tone_labeled,p0071,session_063a48ca3343,0162,,diao,diao,,,3f4e0395,.wav,legacy_session,ok
raw/mandarin-tone-recordings/audio_fixed_abe/p0071/session_063a48ca3343/0163_jin_unspecified_jin_26bd059d.wav,tone_labeled,p0071,session_063a48ca3343,0163,,jin,jin,,,26bd059d,.wav,legacy_session,ok
raw/mandarin-tone-recordings/audio_fixed_abe/p0071/session_063a48ca3343/0164_da_unspecified_da_5857030e.wav,tone_labeled,p0071,session_063a48ca3343,0164,,da,da,,,5857030e,.wav,legacy_session,ok
raw/mandarin-tone-recordings/audio_fixed_abe/p0071/session_063a48ca3343/0165_pai_unspecified_pai_c342218a.wav,tone_labeled,p0071,session_063a48ca3343,0165,,pai,pai,,,c342218a,.wav,legacy_session,ok
raw/mandarin-tone-recordings/audio_fixed_abe/p0071/session_063a48ca3343/0166_an_unspecified_an_342683f9.wav,tone_labeled,p0071,session_063a48ca3343,0166,,an,an,,,342683f9,.wav,legacy_session,ok
raw/mandarin-tone-recordings/audio_fixed_abe/p0071/session_063a48ca3343/0167_sheng_unspecified_sheng_f5337f29.wav,tone_labeled,p0071,session_063a48ca3343,0167,,sheng,sheng,,,f5337f29,.wav,legacy_session,ok
raw/mandarin-tone-recordings/audio_fixed_abe/p0071/session_063a48ca3343/0168_qve_unspecified_qve_f4d3bac1.wav,tone_labeled,p0071,session_063a48ca3343,0168,,qve,qve,,,f4d3bac1,.wav,legacy_session,ok
raw/mandarin-tone-recordings/audio_fixed_abe/p0071/session_063a48ca3343/0169_zhua_unspecified_zhua_dea5e3b0.wav,tone_labeled,p0071,session_063a48ca3343,0169,,zhua,zhua,,,dea5e3b0,.wav,legacy_session,ok
raw/mandarin-tone-recordings/audio_fixed_abe/p0071/session_063a48ca3343/0170_you_unspecified_you_676f5f77.wav,tone_labeled,p0071,session_063a48ca3343,0170,,you,you,,,676f5f77,.wav,legacy_session,ok
raw/mandarin-tone-recordings/audio_fixed_abe/p0071/session_063a48ca3343/0171_song_unspecified_song_abd3e76d.wav,tone_labeled,p0071,session_063a48ca3343,0171,,song,song,,,abd3e76d,.wav,legacy_session,ok
raw/mandarin-tone-recordings/audio_fixed_abe/p0071/session_063a48ca3343/0172_cei_unspecified_cei_33d4eefe.wav,tone_labeled,p0071,session_063a48ca3343,0172,,cei,cei,,,33d4eefe,.wav,legacy_session,ok
raw/mandarin-tone-recordings/audio_fixed_abe/p0071/session_063a48ca3343/0173_pu_unspecified_pu_cd96ef39.wav,tone_labeled,p0071,session_063a48ca3343,0173,,pu,pu,,,cd96ef39,.wav,legacy_session,ok
raw/mandarin-tone-recordings/audio_fixed_abe/p0071/session_063a48ca3343/0174_ning_unspecified_ning_85620b4e.wav,tone_labeled,p0071,session_063a48ca3343,0174,,ning,ning,,,85620b4e,.wav,legacy_session,ok
raw/mandarin-tone-recordings/audio_fixed_abe/p0071/session_063a48ca3343/0175_le_unspecified_le_8797cb2b.wav,tone_labeled,p0071,session_063a48ca3343,0175,,le,le,,,8797cb2b,.wav,legacy_session,ok
raw/mandarin-tone-recordings/audio_fixed_abe/p0071/session_063a48ca3343/0176_shen_unspecified_shen_1b95a4ea.wav,tone_labeled,p0071,session_063a48ca3343,0176,,shen,shen,,,1b95a4ea,.wav,legacy_session,ok
raw/mandarin-tone-recordings/audio_fixed_abe/p0071/session_063a48ca3343/0177_zuo_unspecified_zuo_6e0cf56d.wav,tone_labeled,p0071,session_063a48ca3343,0177,,zuo,zuo,,,6e0cf56d,.wav,legacy_session,ok
raw/mandarin-tone-recordings/audio_fixed_abe/p0071/session_063a48ca3343/0178_guai_unspecified_guai_5141f454.wav,tone_labeled,p0071,session_063a48ca3343,0178,,guai,guai,,,5141f454,.wav,legacy_session,ok
raw/mandarin-tone-recordings/audio_fixed_abe/p0071/session_063a48ca3343/0179_jiong_unspecified_jiong_b26b20df.wav,tone_labeled,p0071,session_063a48ca3343,0179,,jiong,jiong,,,b26b20df,.wav,legacy_session,ok
raw/mandarin-tone-recordings/audio_fixed_abe/p0071/session_063a48ca3343/0180_ti_unspecified_ti_a4cc0f63.wav,tone_labeled,p0071,session_063a48ca3343,0180,,ti,ti,,,a4cc0f63,.wav,legacy_session,ok
raw/mandarin-tone-recordings/audio_fixed_abe/p0071/session_063a48ca3343/0181_lie_unspecified_lie_bef1d78b.wav,tone_labeled,p0071,session_063a48ca3343,0181,,lie,lie,,,bef1d78b,.wav,legacy_session,ok
raw/mandarin-tone-recordings/audio_fixed_abe/p0071/session_063a48ca3343/0182_liao_unspecified_liao_8af4876e.wav,tone_labeled,p0071,session_063a48ca3343,0182,,liao,liao,,,8af4876e,.wav,legacy_session,ok
raw/mandarin-tone-recordings/audio_fixed_abe/p0071/session_063a48ca3343/0183_ta_unspecified_ta_3c7779db.wav,tone_labeled,p0071,session_063a48ca3343,0183,,ta,ta,,,3c7779db,.wav,legacy_session,ok
raw/mandarin-tone-recordings/audio_fixed_abe/p0071/session_063a48ca3343/0184_zhen_unspecified_zhen_fe7a30a3.wav,tone_labeled,p0071,session_063a48ca3343,0184,,zhen,zhen,,,fe7a30a3,.wav,legacy_session,ok
raw/mandarin-tone-recordings/audio_fixed_abe/p0071/session_063a48ca3343/0185_lia_unspecified_lia_09a39209.wav,tone_labeled,p0071,session_063a48ca3343,0185,,lia,lia,,,09a39209,.wav,legacy_session,ok
raw/mandarin-tone-recordings/audio_fixed_abe/p0071/session_063a48ca3343/0186_xin_unspecified_xin_3c90cab3.wav,tone_labeled,p0071,session_063a48ca3343,0186,,xin,xin,,,3c90cab3,.wav,legacy_session,ok
raw/mandarin-tone-recordings/audio_fixed_abe/p0071/session_063a48ca3343/0187_die_unspecified_die_c9fef8cd.wav,tone_labeled,p0071,session_063a48ca3343,0187,,die,die,,,c9fef8cd,.wav,legacy_session,ok
raw/mandarin-tone-recordings/audio_fixed_abe/p0071/session_063a48ca3343/0188_lai_unspecified_lai_df6e1310.wav,tone_labeled,p0071,session_063a48ca3343,0188,,lai,lai,,,df6e1310,.wav,legacy_session,ok
raw/mandarin-tone-recordings/audio_fixed_abe/p0071/session_063a48ca3343/0189_shuo_unspecified_shuo_7d280a16.wav,tone_labeled,p0071,session_063a48ca3343,0189,,shuo,shuo,,,7d280a16,.wav,legacy_session,ok
raw/mandarin-tone-recordings/audio_fixed_abe/p0071/session_063a48ca3343/0190_chou_unspecified_chou_75e6cce9.wav,tone_labeled,p0071,session_063a48ca3343,0190,,chou,chou,,,75e6cce9,.wav,legacy_session,ok
raw/mandarin-tone-recordings/audio_fixed_abe/p0071/session_063a48ca3343/0191_kuo_unspecified_kuo_6810a01a.wav,tone_labeled,p0071,session_063a48ca3343,0191,,kuo,kuo,,,6810a01a,.wav,legacy_session,ok
raw/mandarin-tone-recordings/audio_fixed_abe/p0071/session_063a48ca3343/0192_re_unspecified_re_1c85750c.wav,tone_labeled,p0071,session_063a48ca3343,0192,,re,re,,,1c85750c,.wav,legacy_session,ok
raw/mandarin-tone-recordings/audio_fixed_abe/p0071/session_063a48ca3343/0193_zhu_unspecified_zhu_13f79242.wav,tone_labeled,p0071,session_063a48ca3343,0193,,zhu,zhu,,,13f79242,.wav,legacy_session,ok
raw/mandarin-tone-recordings/audio_fixed_abe/p0071/session_063a48ca3343/0194_chen_unspecified_chen_64a503e4.wav,tone_labeled,p0071,session_063a48ca3343,0194,,chen,chen,,,64a503e4,.wav,legacy_session,ok
raw/mandarin-tone-recordings/audio_fixed_abe/p0071/session_063a48ca3343/0195_nie_unspecified_nie_0e3e6c8b.wav,tone_labeled,p0071,session_063a48ca3343,0195,,nie,nie,,,0e3e6c8b,.wav,legacy_session,ok
raw/mandarin-tone-recordings/audio_fixed_abe/p0071/session_063a48ca3343/0195_nie_unspecified_nie_7f1c6448.wav,tone_labeled,p0071,session_063a48ca3343,0195,,nie,nie,,,7f1c6448,.wav,legacy_session,ok
raw/mandarin-tone-recordings/audio_fixed_abe/p0071/session_063a48ca3343/0196_wen_unspecified_wen_fa100c04.wav,tone_labeled,p0071,session_063a48ca3343,0196,,wen,wen,,,fa100c04,.wav,legacy_session,ok
raw/mandarin-tone-recordings/audio_fixed_abe/p0071/session_063a48ca3343/0197_chui_unspecified_chui_13e42218.wav,tone_labeled,p0071,session_063a48ca3343,0197,,chui,chui,,,13e42218,.wav,legacy_session,ok
raw/mandarin-tone-recordings/audio_fixed_abe/p0071/session_063a48ca3343/0198_tui_unspecified_tui_57ba0e43.wav,tone_labeled,p0071,session_063a48ca3343,0198,,tui,tui,,,57ba0e43,.wav,legacy_session,ok
raw/mandarin-tone-recordings/audio_fixed_abe/p0071/session_063a48ca3343/0199_kui_unspecified_kui_3eefe996.wav,tone_labeled,p0071,session_063a48ca3343,0199,,kui,kui,,,3eefe996,.wav,legacy_session,ok
raw/mandarin-tone-recordings/audio_fixed_abe/p0071/session_063a48ca3343/0200_nian_unspecified_nian_558e5b61.wav,tone_labeled,p0071,session_063a48ca3343,0200,,nian,nian,,,558e5b61,.wav,legacy_session,ok
raw/mandarin-tone-recordings/audio_fixed_abe/p0071/session_063a48ca3343/0201_men_unspecified_men_c7e55e2f.wav,tone_labeled,p0071,session_063a48ca3343,0201,,men,men,,,c7e55e2f,.wav,legacy_session,ok
raw/mandarin-tone-recordings/audio_fixed_abe/p0071/session_063a48ca3343/0202_jian_unspecified_jian_3d5a894d.wav,tone_labeled,p0071,session_063a48ca3343,0202,,jian,jian,,,3d5a894d,.wav,legacy_session,ok
raw/mandarin-tone-recordings/audio_fixed_abe/p0071/session_063a48ca3343/0203_dia_unspecified_dia_0f2da95b.wav,tone_labeled,p0071,session_063a48ca3343,0203,,dia,dia,,,0f2da95b,.wav,legacy_session,ok
raw/mandarin-tone-recordings/audio_fixed_abe/p0071/session_063a48ca3343/0204_xi_unspecified_xi_f1ead08a.wav,tone_labeled,p0071,session_063a48ca3343,0204,,xi,xi,,,f1ead08a,.wav,legacy_session,ok
raw/mandarin-tone-recordings/audio_fixed_abe/p0071/session_063a48ca3343/0205_zuan_unspecified_zuan_273110d6.wav,tone_labeled,p0071,session_063a48ca3343,0205,,zuan,zuan,,,273110d6,.wav,legacy_session,ok
raw/mandarin-tone-recordings/audio_fixed_abe/p0071/session_063a48ca3343/0206_gun_unspecified_gun_f45dc9f1.wav,tone_labeled,p0071,session_063a48ca3343,0206,,gun,gun,,,f45dc9f1,.wav,legacy_session,ok
raw/mandarin-tone-recordings/audio_fixed_abe/p0071/session_063a48ca3343/0207_ting_unspecified_ting_bb5dbb68.wav,tone_labeled,p0071,session_063a48ca3343,0207,,ting,ting,,,bb5dbb68,.wav,legacy_session,ok
raw/mandarin-tone-recordings/audio_fixed_abe/p0071/session_063a48ca3343/0208_bin_unspecified_bin_09df7191.wav,tone_labeled,p0071,session_063a48ca3343,0208,,bin,bin,,,09df7191,.wav,legacy_session,ok
raw/mandarin-tone-recordings/audio_fixed_abe/p0071/session_063a48ca3343/0209_cun_unspecified_cun_036c794a.wav,tone_labeled,p0071,session_063a48ca3343,0209,,cun,cun,,,036c794a,.wav,legacy_session,ok
raw/mandarin-tone-recordings/audio_fixed_abe/p0071/session_063a48ca3343/0210_duo_unspecified_duo_e2a963d7.wav,tone_labeled,p0071,session_063a48ca3343,0210,,duo,duo,,,e2a963d7,.wav,legacy_session,ok
raw/mandarin-tone-recordings/audio_fixed_abe/p0071/session_063a48ca3343/0211_zhe_unspecified_zhe_971c11fc.wav,tone_labeled,p0071,session_063a48ca3343,0211,,zhe,zhe,,,971c11fc,.wav,legacy_session,ok
raw/mandarin-tone-recordings/audio_fixed_abe/p0071/session_063a48ca3343/0212_pi_unspecified_pi_f8b239f7.wav,tone_labeled,p0071,session_063a48ca3343,0212,,pi,pi,,,f8b239f7,.wav,legacy_session,ok
raw/mandarin-tone-recordings/audio_fixed_abe/p0071/session_063a48ca3343/0213_ge_unspecified_ge_47a50e63.wav,tone_labeled,p0071,session_063a48ca3343,0213,,ge,ge,,,47a50e63,.wav,legacy_session,ok
raw/mandarin-tone-recordings/audio_fixed_abe/p0071/session_063a48ca3343/0214_jie_unspecified_jie_4b732732.wav,tone_labeled,p0071,session_063a48ca3343,0214,,jie,jie,,,4b732732,.wav,legacy_session,ok
raw/mandarin-tone-recordings/audio_fixed_abe/p0071/session_063a48ca3343/0215_zhao_unspecified_zhao_a803abab.wav,tone_labeled,p0071,session_063a48ca3343,0215,,zhao,zhao,,,a803abab,.wav,legacy_session,ok
raw/mandarin-tone-recordings/audio_fixed_abe/p0071/session_063a48ca3343/0216_fang_unspecified_fang_1eb62452.wav,tone_labeled,p0071,session_063a48ca3343,0216,,fang,fang,,,1eb62452,.wav,legacy_session,ok
raw/mandarin-tone-recordings/audio_fixed_abe/p0071/session_063a48ca3343/0217_ca_unspecified_ca_c97e13ad.wav,tone_labeled,p0071,session_063a48ca3343,0217,,ca,ca,,,c97e13ad,.wav,legacy_session,ok
raw/mandarin-tone-recordings/audio_fixed_abe/p0071/session_063a48ca3343/0218_cheng_unspecified_cheng_0e0bf482.wav,tone_labeled,p0071,session_063a48ca3343,0218,,cheng,cheng,,,0e0bf482,.wav,legacy_session,ok
raw/mandarin-tone-recordings/audio_fixed_abe/p0071/session_063a48ca3343/0219_gou_unspecified_gou_c7d0c0b0.wav,tone_labeled,p0071,session_063a48ca3343,0219,,gou,gou,,,c7d0c0b0,.wav,legacy_session,ok
raw/mandarin-tone-recordings/audio_fixed_abe/p0071/session_063a48ca3343/0220_zei_unspecified_zei_6b1c776f.wav,tone_labeled,p0071,session_063a48ca3343,0220,,zei,zei,,,6b1c776f,.wav,legacy_session,ok
raw/mandarin-tone-recordings/audio_fixed_abe/p0071/session_063a48ca3343/0221_sou_unspecified_sou_8ca3022d.wav,tone_labeled,p0071,session_063a48ca3343,0221,,sou,sou,,,8ca3022d,.wav,legacy_session,ok
raw/mandarin-tone-recordings/audio_fixed_abe/p0071/session_063a48ca3343/0222_quan_unspecified_quan_b0351821.wav,tone_labeled,p0071,session_063a48ca3343,0222,,quan,quan,,,b0351821,.wav,legacy_session,ok
raw/mandarin-tone-recordings/audio_fixed_abe/p0071/session_063a48ca3343/0223_gui_unspecified_gui_be0bed8c.wav,tone_labeled,p0071,session_063a48ca3343,0223,,gui,gui,,,be0bed8c,.wav,legacy_session,ok
raw/mandarin-tone-recordings/audio_fixed_abe/p0071/session_063a48ca3343/0224_qing_unspecified_qing_148b8b99.wav,tone_labeled,p0071,session_063a48ca3343,0224,,qing,qing,,,148b8b99,.wav,legacy_session,ok
raw/mandarin-tone-recordings/audio_fixed_abe/p0071/session_063a48ca3343/0225_ruo_unspecified_ruo_ee46c8b4.wav,tone_labeled,p0071,session_063a48ca3343,0225,,ruo,ruo,,,ee46c8b4,.wav,legacy_session,ok
raw/mandarin-tone-recordings/audio_fixed_abe/p0071/session_063a48ca3343/0226_nou_unspecified_nou_60dbf277.wav,tone_labeled,p0071,session_063a48ca3343,0226,,nou,nou,,,60dbf277,.wav,legacy_session,ok
raw/mandarin-tone-recordings/audio_fixed_abe/p0071/session_063a48ca3343/0227_ci_unspecified_ci_ace21b4b.wav,tone_labeled,p0071,session_063a48ca3343,0227,,ci,ci,,,ace21b4b,.wav,legacy_session,ok
raw/mandarin-tone-recordings/audio_fixed_abe/p0071/session_063a48ca3343/0228_juan_unspecified_juan_7d0df099.wav,tone_labeled,p0071,session_063a48ca3343,0228,,juan,juan,,,7d0df099,.wav,legacy_session,ok
raw/mandarin-tone-recordings/audio_fixed_abe/p0071/session_063a48ca3343/0229_qun_unspecified_qun_8a8cc5f2.wav,tone_labeled,p0071,session_063a48ca3343,0229,,qun,qun,,,8a8cc5f2,.wav,legacy_session,ok
raw/mandarin-tone-recordings/audio_fixed_abe/p0071/session_063a48ca3343/0230_xian_unspecified_xian_ba949805.wav,tone_labeled,p0071,session_063a48ca3343,0230,,xian,xian,,,ba949805,.wav,legacy_session,ok
raw/mandarin-tone-recordings/audio_fixed_abe/p0071/session_063a48ca3343/0231_shua_unspecified_shua_514357b6.wav,tone_labeled,p0071,session_063a48ca3343,0231,,shua,shua,,,514357b6,.wav,legacy_session,ok
raw/mandarin-tone-recordings/audio_fixed_abe/p0071/session_063a48ca3343/0232_hao_unspecified_hao_d87e9335.wav,tone_labeled,p0071,session_063a48ca3343,0232,,hao,hao,,,d87e9335,.wav,legacy_session,ok
raw/mandarin-tone-recordings/audio_fixed_abe/p0071/session_063a48ca3343/0233_mo_unspecified_mo_6dbebee7.wav,tone_labeled,p0071,session_063a48ca3343,0233,,mo,mo,,,6dbebee7,.wav,legacy_session,ok
raw/mandarin-tone-recordings/audio_fixed_abe/p0071/session_063a48ca3343/0234_sha_unspecified_sha_458c6a07.wav,tone_labeled,p0071,session_063a48ca3343,0234,,sha,sha,,,458c6a07,.wav,legacy_session,ok
raw/mandarin-tone-recordings/audio_fixed_abe/p0071/session_063a48ca3343/0235_liu_unspecified_liu_4696d1bf.wav,tone_labeled,p0071,session_063a48ca3343,0235,,liu,liu,,,4696d1bf,.wav,legacy_session,ok
raw/mandarin-tone-recordings/audio_fixed_abe/p0071/session_063a48ca3343/0236_xia_unspecified_xia_2f7ec239.wav,tone_labeled,p0071,session_063a48ca3343,0236,,xia,xia,,,2f7ec239,.wav,legacy_session,ok
raw/mandarin-tone-recordings/audio_fixed_abe/p0071/session_063a48ca3343/0237_qiu_unspecified_qiu_8af9c3e0.wav,tone_labeled,p0071,session_063a48ca3343,0237,,qiu,qiu,,,8af9c3e0,.wav,legacy_session,ok
raw/mandarin-tone-recordings/audio_fixed_abe/p0071/session_063a48ca3343/0238_chong_unspecified_chong_024c5953.wav,tone_labeled,p0071,session_063a48ca3343,0238,,chong,chong,,,024c5953,.wav,legacy_session,ok
raw/mandarin-tone-recordings/audio_fixed_abe/p0071/session_063a48ca3343/0239_qiong_unspecified_qiong_0d65a54d.wav,tone_labeled,p0071,session_063a48ca3343,0239,,qiong,qiong,,,0d65a54d,.wav,legacy_session,ok
raw/mandarin-tone-recordings/audio_fixed_abe/p0071/session_063a48ca3343/0240_qiang_unspecified_qiang_60706dff.wav,tone_labeled,p0071,session_063a48ca3343,0240,,qiang,qiang,,,60706dff,.wav,legacy_session,ok
raw/mandarin-tone-recordings/audio_fixed_abe/p0071/session_063a48ca3343/0241_gu_unspecified_gu_de9eb5cd.wav,tone_labeled,p0071,session_063a48ca3343,0241,,gu,gu,,,de9eb5cd,.wav,legacy_session,ok
raw/mandarin-tone-recordings/audio_fixed_abe/p0071/session_063a48ca3343/0242_chuang_unspecified_chuang_cffd7b4d.wav,tone_labeled,p0071,session_063a48ca3343,0242,,chuang,chuang,,,cffd7b4d,.wav,legacy_session,ok
raw/mandarin-tone-recordings/audio_fixed_abe/p0071/session_063a48ca3343/0243_neng_unspecified_neng_414eaca1.wav,tone_labeled,p0071,session_063a48ca3343,0243,,neng,neng,,,414eaca1,.wav,legacy_session,ok
raw/mandarin-tone-recordings/audio_fixed_abe/p0071/session_063a48ca3343/0244_pan_unspecified_pan_3857cdb7.wav,tone_labeled,p0071,session_063a48ca3343,0244,,pan,pan,,,3857cdb7,.wav,legacy_session,ok
raw/mandarin-tone-recordings/audio_fixed_abe/p0071/session_063a48ca3343/0245_fo_unspecified_fo_3b57acb3.wav,tone_labeled,p0071,session_063a48ca3343,0245,,fo,fo,,,3b57acb3,.wav,legacy_session,ok
raw/mandarin-tone-recordings/audio_fixed_abe/p0071/session_063a48ca3343/0246_nin_unspecified_nin_4352105c.wav,tone_labeled,p0071,session_063a48ca3343,0246,,nin,nin,,,4352105c,.wav,legacy_session,ok
raw/mandarin-tone-recordings/audio_fixed_abe/p0071/session_063a48ca3343/0247_xiao_unspecified_xiao_1a251369.wav,tone_labeled,p0071,session_063a48ca3343,0247,,xiao,xiao,,,1a251369,.wav,legacy_session,ok
raw/mandarin-tone-recordings/audio_fixed_abe/p0071/session_063a48ca3343/0248_qiao_unspecified_qiao_79f64b9b.wav,tone_labeled,p0071,session_063a48ca3343,0248,,qiao,qiao,,,79f64b9b,.wav,legacy_session,ok
raw/mandarin-tone-recordings/audio_fixed_abe/p0071/session_063a48ca3343/0249_cao_unspecified_cao_3f8bbde7.wav,tone_labeled,p0071,session_063a48ca3343,0249,,cao,cao,,,3f8bbde7,.wav,legacy_session,ok
raw/mandarin-tone-recordings/audio_fixed_abe/p0071/session_063a48ca3343/0250_za_unspecified_za_76282098.wav,tone_labeled,p0071,session_063a48ca3343,0250,,za,za,,,76282098,.wav,legacy_session,ok
raw/mandarin-tone-recordings/audio_fixed_abe/p0071/session_063a48ca3343/0251_zheng_unspecified_zheng_53ded52c.wav,tone_labeled,p0071,session_063a48ca3343,0251,,zheng,zheng,,,53ded52c,.wav,legacy_session,ok
raw/mandarin-tone-recordings/audio_fixed_abe/p0071/session_063a48ca3343/0252_lou_unspecified_lou_20436c4d.wav,tone_labeled,p0071,session_063a48ca3343,0252,,lou,lou,,,20436c4d,.wav,legacy_session,ok
raw/mandarin-tone-recordings/audio_fixed_abe/p0071/session_063a48ca3343/0253_rui_unspecified_rui_fc761e2f.wav,tone_labeled,p0071,session_063a48ca3343,0253,,rui,rui,,,fc761e2f,.wav,legacy_session,ok
raw/mandarin-tone-recordings/audio_fixed_abe/p0071/session_063a48ca3343/0254_chao_unspecified_chao_efb96f1a.wav,tone_labeled,p0071,session_063a48ca3343,0254,,chao,chao,,,efb96f1a,.wav,legacy_session,ok
raw/mandarin-tone-recordings/audio_fixed_abe/p0071/session_063a48ca3343/0255_lu_unspecified_lu_035308b0.wav,tone_labeled,p0071,session_063a48ca3343,0255,,lu,lu,,,035308b0,.wav,legacy_session,ok
raw/mandarin-tone-recordings/audio_fixed_abe/p0071/session_063a48ca3343/0256_ei_unspecified_ei_08f72937.wav,tone_labeled,p0071,session_063a48ca3343,0256,,ei,ei,,,08f72937,.wav,legacy_session,ok
raw/mandarin-tone-recordings/audio_fixed_abe/p0071/session_063a48ca3343/0257_kun_unspecified_kun_2dd11827.wav,tone_labeled,p0071,session_063a48ca3343,0257,,kun,kun,,,2dd11827,.wav,legacy_session,ok
raw/mandarin-tone-recordings/audio_fixed_abe/p0071/session_063a48ca3343/0258_hong_unspecified_hong_4fa4a498.wav,tone_labeled,p0071,session_063a48ca3343,0258,,hong,hong,,,4fa4a498,.wav,legacy_session,ok
raw/mandarin-tone-recordings/audio_fixed_abe/p0071/session_063a48ca3343/0259_tao_unspecified_tao_1260117d.wav,tone_labeled,p0071,session_063a48ca3343,0259,,tao,tao,,,1260117d,.wav,legacy_session,ok
raw/mandarin-tone-recordings/audio_fixed_abe/p0071/session_063a48ca3343/0260_zhuan_unspecified_zhuan_981ad3af.wav,tone_labeled,p0071,session_063a48ca3343,0260,,zhuan,zhuan,,,981ad3af,.wav,legacy_session,ok
raw/mandarin-tone-recordings/audio_fixed_abe/p0071/session_063a48ca3343/0261_bei_unspecified_bei_2d201343.wav,tone_labeled,p0071,session_063a48ca3343,0261,,bei,bei,,,2d201343,.wav,legacy_session,ok
raw/mandarin-tone-recordings/audio_fixed_abe/p0071/session_063a48ca3343/0262_gai_unspecified_gai_ed518fbc.wav,tone_labeled,p0071,session_063a48ca3343,0262,,gai,gai,,,ed518fbc,.wav,legacy_session,ok
raw/mandarin-tone-recordings/audio_fixed_abe/p0071/session_063a48ca3343/0263_lao_unspecified_lao_e91ee34e.wav,tone_labeled,p0071,session_063a48ca3343,0263,,lao,lao,,,e91ee34e,.wav,legacy_session,ok
raw/mandarin-tone-recordings/audio_fixed_abe/p0071/session_063a48ca3343/0264_nao_unspecified_nao_b31f62f4.wav,tone_labeled,p0071,session_063a48ca3343,0264,,nao,nao,,,b31f62f4,.wav,legacy_session,ok
raw/mandarin-tone-recordings/audio_fixed_abe/p0071/session_063a48ca3343/0265_piao_unspecified_piao_0b312afc.wav,tone_labeled,p0071,session_063a48ca3343,0265,,piao,piao,,,0b312afc,.wav,legacy_session,ok
raw/mandarin-tone-recordings/audio_fixed_abe/p0071/session_063a48ca3343/0266_huo_unspecified_huo_5de9518e.wav,tone_labeled,p0071,session_063a48ca3343,0266,,huo,huo,,,5de9518e,.wav,legacy_session,ok
raw/mandarin-tone-recordings/audio_fixed_abe/p0071/session_063a48ca3343/0267_cui_unspecified_cui_94d968fe.wav,tone_labeled,p0071,session_063a48ca3343,0267,,cui,cui,,,94d968fe,.wav,legacy_session,ok
raw/mandarin-tone-recordings/audio_fixed_abe/p0071/session_063a48ca3343/0268_chua_unspecified_chua_573cb241.wav,tone_labeled,p0071,session_063a48ca3343,0268,,chua,chua,,,573cb241,.wav,legacy_session,ok
raw/mandarin-tone-recordings/audio_fixed_abe/p0071/session_063a48ca3343/0269_lin_unspecified_lin_67c18a8f.wav,tone_labeled,p0071,session_063a48ca3343,0269,,lin,lin,,,67c18a8f,.wav,legacy_session,ok
raw/mandarin-tone-recordings/audio_fixed_abe/p0071/session_063a48ca3343/0270_shan_unspecified_shan_9f1337a2.wav,tone_labeled,p0071,session_063a48ca3343,0270,,shan,shan,,,9f1337a2,.wav,legacy_session,ok
raw/mandarin-tone-recordings/audio_fixed_abe/p0071/session_063a48ca3343/0271_kong_unspecified_kong_01259137.wav,tone_labeled,p0071,session_063a48ca3343,0271,,kong,kong,,,01259137,.wav,legacy_session,ok
raw/mandarin-tone-recordings/audio_fixed_abe/p0071/session_063a48ca3343/0272_yang_unspecified_yang_4fd06f30.wav,tone_labeled,p0071,session_063a48ca3343,0272,,yang,yang,,,4fd06f30,.wav,legacy_session,ok
raw/mandarin-tone-recordings/audio_fixed_abe/p0071/session_063a48ca3343/0273_mei_unspecified_mei_5a7c73a1.wav,tone_labeled,p0071,session_063a48ca3343,0273,,mei,mei,,,5a7c73a1,.wav,legacy_session,ok
raw/mandarin-tone-recordings/audio_fixed_abe/p0071/session_063a48ca3343/0274_nen_unspecified_nen_d9a7b382.wav,tone_labeled,p0071,session_063a48ca3343,0274,,nen,nen,,,d9a7b382,.wav,legacy_session,ok
raw/mandarin-tone-recordings/audio_fixed_abe/p0071/session_063a48ca3343/0275_wai_unspecified_wai_e093cb3f.wav,tone_labeled,p0071,session_063a48ca3343,0275,,wai,wai,,,e093cb3f,.wav,legacy_session,ok
raw/mandarin-tone-recordings/audio_fixed_abe/p0071/session_063a48ca3343/0276_qvn_unspecified_qvn_fd8783c1.wav,tone_labeled,p0071,session_063a48ca3343,0276,,qvn,qvn,,,fd8783c1,.wav,legacy_session,ok
raw/mandarin-tone-recordings/audio_fixed_abe/p0071/session_063a48ca3343/0277_pao_unspecified_pao_659424a8.wav,tone_labeled,p0071,session_063a48ca3343,0277,,pao,pao,,,659424a8,.wav,legacy_session,ok
raw/mandarin-tone-recordings/audio_fixed_abe/p0071/session_063a48ca3343/0278_chu_unspecified_chu_f0bfad0b.wav,tone_labeled,p0071,session_063a48ca3343,0278,,chu,chu,,,f0bfad0b,.wav,legacy_session,ok
raw/mandarin-tone-recordings/audio_fixed_abe/p0071/session_063a48ca3343/0279_wan_unspecified_wan_5aaac67e.wav,tone_labeled,p0071,session_063a48ca3343,0279,,wan,wan,,,5aaac67e,.wav,legacy_session,ok
raw/mandarin-tone-recordings/audio_fixed_abe/p0071/session_063a48ca3343/0280_zen_unspecified_zen_acb13b25.wav,tone_labeled,p0071,session_063a48ca3343,0280,,zen,zen,,,acb13b25,.wav,legacy_session,ok
raw/mandarin-tone-recordings/audio_fixed_abe/p0071/session_063a48ca3343/0281_feng_unspecified_feng_ff2409df.wav,tone_labeled,p0071,session_063a48ca3343,0281,,feng,feng,,,ff2409df,.wav,legacy_session,ok
raw/mandarin-tone-recordings/audio_fixed_abe/p0071/session_063a48ca3343/0282_pa_unspecified_pa_504ad8ea.wav,tone_labeled,p0071,session_063a48ca3343,0282,,pa,pa,,,504ad8ea,.wav,legacy_session,ok
raw/mandarin-tone-recordings/audio_fixed_abe/p0071/session_063a48ca3343/0283_nei_unspecified_nei_cceea4e3.wav,tone_labeled,p0071,session_063a48ca3343,0283,,nei,nei,,,cceea4e3,.wav,legacy_session,ok
raw/mandarin-tone-recordings/audio_fixed_abe/p0071/session_063a48ca3343/0284_cou_unspecified_cou_e7f2633e.wav,tone_labeled,p0071,session_063a48ca3343,0284,,cou,cou,,,e7f2633e,.wav,legacy_session,ok
raw/mandarin-tone-recordings/audio_fixed_abe/p0071/session_063a48ca3343/0285_rang_unspecified_rang_97e737ba.wav,tone_labeled,p0071,session_063a48ca3343,0285,,rang,rang,,,97e737ba,.wav,legacy_session,ok
raw/mandarin-tone-recordings/audio_fixed_abe/p0071/session_063a48ca3343/0286_gei_unspecified_gei_ef04b7cc.wav,tone_labeled,p0071,session_063a48ca3343,0286,,gei,gei,,,ef04b7cc,.wav,legacy_session,ok
raw/mandarin-tone-recordings/audio_fixed_abe/p0071/session_063a48ca3343/0287_ne_unspecified_ne_ddf1f657.wav,tone_labeled,p0071,session_063a48ca3343,0287,,ne,ne,,,ddf1f657,.wav,legacy_session,ok
raw/mandarin-tone-recordings/audio_fixed_abe/p0071/session_063a48ca3343/0288_ran_unspecified_ran_5d785feb.wav,tone_labeled,p0071,session_063a48ca3343,0288,,ran,ran,,,5d785feb,.wav,legacy_session,ok
raw/mandarin-tone-recordings/audio_fixed_abe/p0071/session_063a48ca3343/0289_hai_unspecified_hai_cc369d3e.wav,tone_labeled,p0071,session_063a48ca3343,0289,,hai,hai,,,cc369d3e,.wav,legacy_session,ok
raw/mandarin-tone-recordings/audio_fixed_abe/p0071/session_063a48ca3343/0290_xve_unspecified_xve_ca21dbd3.wav,tone_labeled,p0071,session_063a48ca3343,0290,,xve,xve,,,ca21dbd3,.wav,legacy_session,ok
raw/mandarin-tone-recordings/audio_fixed_abe/p0071/session_063a48ca3343/0291_kan_unspecified_kan_12fe2958.wav,tone_labeled,p0071,session_063a48ca3343,0291,,kan,kan,,,12fe2958,.wav,legacy_session,ok
raw/mandarin-tone-recordings/audio_fixed_abe/p0071/session_063a48ca3343/0292_yve_unspecified_yve_03ab952b.wav,tone_labeled,p0071,session_063a48ca3343,0292,,yve,yve,,,03ab952b,.wav,legacy_session,ok
raw/mandarin-tone-recordings/audio_fixed_abe/p0071/session_063a48ca3343/0293_shuan_unspecified_shuan_0549f211.wav,tone_labeled,p0071,session_063a48ca3343,0293,,shuan,shuan,,,0549f211,.wav,legacy_session,ok
raw/mandarin-tone-recordings/audio_fixed_abe/p0071/session_063a48ca3343/0294_qv_unspecified_qv_fca92bc1.wav,tone_labeled,p0071,session_063a48ca3343,0294,,qv,qv,,,fca92bc1,.wav,legacy_session,ok
raw/mandarin-tone-recordings/audio_fixed_abe/p0071/session_063a48ca3343/0295_rong_unspecified_rong_790aa1f1.wav,tone_labeled,p0071,session_063a48ca3343,0295,,rong,rong,,,790aa1f1,.wav,legacy_session,ok
raw/mandarin-tone-recordings/audio_fixed_abe/p0071/session_063a48ca3343/0296_kao_unspecified_kao_3a9b4c07.wav,tone_labeled,p0071,session_063a48ca3343,0296,,kao,kao,,,3a9b4c07,.wav,legacy_session,ok
raw/mandarin-tone-recordings/audio_fixed_abe/p0071/session_063a48ca3343/0297_kou_unspecified_kou_08ecd538.wav,tone_labeled,p0071,session_063a48ca3343,0297,,kou,kou,,,08ecd538,.wav,legacy_session,ok
raw/mandarin-tone-recordings/audio_fixed_abe/p0071/session_063a48ca3343/0298_dei_unspecified_dei_d2f66e00.wav,tone_labeled,p0071,session_063a48ca3343,0298,,dei,dei,,,d2f66e00,.wav,legacy_session,ok
raw/mandarin-tone-recordings/audio_fixed_abe/p0071/session_063a48ca3343/0299_lei_unspecified_lei_57c1f066.wav,tone_labeled,p0071,session_063a48ca3343,0299,,lei,lei,,,57c1f066,.wav,legacy_session,ok
raw/mandarin-tone-recordings/audio_fixed_abe/p0071/session_063a48ca3343/0300_yv_unspecified_yv_50cbab2f.wav,tone_labeled,p0071,session_063a48ca3343,0300,,yv,yv,,,50cbab2f,.wav,legacy_session,ok
raw/mandarin-tone-recordings/audio_fixed_abe/p0071/session_063a48ca3343/0301_mai_unspecified_mai_7b19f75d.wav,tone_labeled,p0071,session_063a48ca3343,0301,,mai,mai,,,7b19f75d,.wav,legacy_session,ok
raw/mandarin-tone-recordings/audio_fixed_abe/p0071/session_063a48ca3343/0302_zhi_unspecified_zhi_e180280a.wav,tone_labeled,p0071,session_063a48ca3343,0302,,zhi,zhi,,,e180280a,.wav,legacy_session,ok
raw/mandarin-tone-recordings/audio_fixed_abe/p0071/session_063a48ca3343/0303_fu_unspecified_fu_6779dfe9.wav,tone_labeled,p0071,session_063a48ca3343,0303,,fu,fu,,,6779dfe9,.wav,legacy_session,ok
raw/mandarin-tone-recordings/audio_fixed_abe/p0071/session_063a48ca3343/0304_xie_unspecified_xie_4ff5966b.wav,tone_labeled,p0071,session_063a48ca3343,0304,,xie,xie,,,4ff5966b,.wav,legacy_session,ok
raw/mandarin-tone-recordings/audio_fixed_abe/p0071/session_063a48ca3343/0305_hen_unspecified_hen_a53ee17b.wav,tone_labeled,p0071,session_063a48ca3343,0305,,hen,hen,,,a53ee17b,.wav,legacy_session,ok
raw/mandarin-tone-recordings/audio_fixed_abe/p0071/session_063a48ca3343/0306_wang_unspecified_wang_ccc3b2dd.wav,tone_labeled,p0071,session_063a48ca3343,0306,,wang,wang,,,ccc3b2dd,.wav,legacy_session,ok
raw/mandarin-tone-recordings/audio_fixed_abe/p0071/session_063a48ca3343/0307_zhuang_unspecified_zhuang_34e853d6.wav,tone_labeled,p0071,session_063a48ca3343,0307,,zhuang,zhuang,,,34e853d6,.wav,legacy_session,ok
raw/mandarin-tone-recordings/audio_fixed_abe/p0071/session_063a48ca3343/0308_nai_unspecified_nai_1b34d046.wav,tone_labeled,p0071,session_063a48ca3343,0308,,nai,nai,,,1b34d046,.wav,legacy_session,ok
raw/mandarin-tone-recordings/audio_fixed_abe/p0071/session_063a48ca3343/0309_beng_unspecified_beng_ecd345e3.wav,tone_labeled,p0071,session_063a48ca3343,0309,,beng,beng,,,ecd345e3,.wav,legacy_session,ok
raw/mandarin-tone-recordings/audio_fixed_abe/p0071/session_063a48ca3343/0310_gang_unspecified_gang_d500906e.wav,tone_labeled,p0071,session_063a48ca3343,0310,,gang,gang,,,d500906e,.wav,legacy_session,ok
raw/mandarin-tone-recordings/audio_fixed_abe/p0071/session_063a48ca3343/0311_dian_unspecified_dian_bb7828de.wav,tone_labeled,p0071,session_063a48ca3343,0311,,dian,dian,,,bb7828de,.wav,legacy_session,ok
raw/mandarin-tone-recordings/audio_fixed_abe/p0071/session_063a48ca3343/0312_guo_unspecified_guo_1c77edc6.wav,tone_labeled,p0071,session_063a48ca3343,0312,,guo,guo,,,1c77edc6,.wav,legacy_session,ok
raw/mandarin-tone-recordings/audio_fixed_abe/p0071/session_063a48ca3343/0313_shei_unspecified_shei_39d6d893.wav,tone_labeled,p0071,session_063a48ca3343,0313,,shei,shei,,,39d6d893,.wav,legacy_session,ok
raw/mandarin-tone-recordings/audio_fixed_abe/p0071/session_063a48ca3343/0314_nve_unspecified_nve_b6db8142.wav,tone_labeled,p0071,session_063a48ca3343,0314,,nve,nve,,,b6db8142,.wav,legacy_session,ok
raw/mandarin-tone-recordings/audio_fixed_abe/p0071/session_063a48ca3343/0315_weng_unspecified_weng_923ff050.wav,tone_labeled,p0071,session_063a48ca3343,0315,,weng,weng,,,923ff050,.wav,legacy_session,ok
raw/mandarin-tone-recordings/audio_fixed_abe/p0071/session_063a48ca3343/0316_ben_unspecified_ben_f48b6c18.wav,tone_labeled,p0071,session_063a48ca3343,0316,,ben,ben,,,f48b6c18,.wav,legacy_session,ok
raw/mandarin-tone-recordings/audio_fixed_abe/p0071/session_063a48ca3343/0317_li_unspecified_li_e0c66c03.wav,tone_labeled,p0071,session_063a48ca3343,0317,,li,li,,,e0c66c03,.wav,legacy_session,ok
raw/mandarin-tone-recordings/audio_fixed_abe/p0071/session_063a48ca3343/0318_fou_unspecified_fou_caab9adf.wav,tone_labeled,p0071,session_063a48ca3343,0318,,fou,fou,,,caab9adf,.wav,legacy_session,ok
raw/mandarin-tone-recordings/audio_fixed_abe/p0071/session_063a48ca3343/0319_man_unspecified_man_37acf15d.wav,tone_labeled,p0071,session_063a48ca3343,0319,,man,man,,,37acf15d,.wav,legacy_session,ok
raw/mandarin-tone-recordings/audio_fixed_abe/p0071/session_063a48ca3343/0320_keng_unspecified_keng_7b92e400.wav,tone_labeled,p0071,session_063a48ca3343,0320,,keng,keng,,,7b92e400,.wav,legacy_session,ok
raw/mandarin-tone-recordings/audio_fixed_abe/p0071/session_063a48ca3343/0321_fa_unspecified_fa_a0b3765a.wav,tone_labeled,p0071,session_063a48ca3343,0321,,fa,fa,,,a0b3765a,.wav,legacy_session,ok
raw/mandarin-tone-recordings/audio_fixed_abe/p0071/session_063a48ca3343/0322_cuan_unspecified_cuan_e451d4fc.wav,tone_labeled,p0071,session_063a48ca3343,0322,,cuan,cuan,,,e451d4fc,.wav,legacy_session,ok
raw/mandarin-tone-recordings/audio_fixed_abe/p0071/session_063a48ca3343/0323_qie_unspecified_qie_b683bf74.wav,tone_labeled,p0071,session_063a48ca3343,0323,,qie,qie,,,b683bf74,.wav,legacy_session,ok
raw/mandarin-tone-recordings/audio_fixed_abe/p0071/session_063a48ca3343/0324_geng_unspecified_geng_95e721ec.wav,tone_labeled,p0071,session_063a48ca3343,0324,,geng,geng,,,95e721ec,.wav,legacy_session,ok
raw/mandarin-tone-recordings/audio_fixed_abe/p0071/session_063a48ca3343/0325_nuo_unspecified_nuo_0253a0b3.wav,tone_labeled,p0071,session_063a48ca3343,0325,,nuo,nuo,,,0253a0b3,.wav,legacy_session,ok
raw/mandarin-tone-recordings/audio_fixed_abe/p0071/session_063a48ca3343/0325_nuo_unspecified_nuo_93445f65.wav,tone_labeled,p0071,session_063a48ca3343,0325,,nuo,nuo,,,93445f65,.wav,legacy_session,ok
raw/mandarin-tone-recordings/audio_fixed_abe/p0071/session_063a48ca3343/0325_nuo_unspecified_nuo_e225fb8e.wav,tone_labeled,p0071,session_063a48ca3343,0325,,nuo,nuo,,,e225fb8e,.wav,legacy_session,ok
raw/mandarin-tone-recordings/audio_fixed_abe/p0071/session_063a48ca3343/0326_qvan_unspecified_qvan_bcd4493f.wav,tone_labeled,p0071,session_063a48ca3343,0326,,qvan,qvan,,,bcd4493f,.wav,legacy_session,ok
raw/mandarin-tone-recordings/audio_fixed_abe/p0071/session_063a48ca3343/0327_zhei_unspecified_zhei_e6822a7f.wav,tone_labeled,p0071,session_063a48ca3343,0327,,zhei,zhei,,,e6822a7f,.wav,legacy_session,ok
raw/mandarin-tone-recordings/audio_fixed_abe/p0071/session_063a48ca3343/0328_fan_unspecified_fan_cfccad8e.wav,tone_labeled,p0071,session_063a48ca3343,0328,,fan,fan,,,cfccad8e,.wav,legacy_session,ok
raw/mandarin-tone-recordings/audio_fixed_abe/p0071/session_063a48ca3343/0329_zui_unspecified_zui_257e6887.wav,tone_labeled,p0071,session_063a48ca3343,0329,,zui,zui,,,257e6887,.wav,legacy_session,ok
raw/mandarin-tone-recordings/audio_fixed_abe/p0071/session_063a48ca3343/0330_eng_unspecified_eng_c469e7d1.wav,tone_labeled,p0071,session_063a48ca3343,0330,,eng,eng,,,c469e7d1,.wav,legacy_session,ok
raw/mandarin-tone-recordings/audio_fixed_abe/p0071/session_063a48ca3343/0331_kuang_unspecified_kuang_7ba98e8e.wav,tone_labeled,p0071,session_063a48ca3343,0331,,kuang,kuang,,,7ba98e8e,.wav,legacy_session,ok
raw/mandarin-tone-recordings/audio_fixed_abe/p0071/session_063a48ca3343/0332_shuang_unspecified_shuang_f97f4e40.wav,tone_labeled,p0071,session_063a48ca3343,0332,,shuang,shuang,,,f97f4e40,.wav,legacy_session,ok
raw/mandarin-tone-recordings/audio_fixed_abe/p0071/session_063a48ca3343/0333_xiu_unspecified_xiu_f8ac3a5f.wav,tone_labeled,p0071,session_063a48ca3343,0333,,xiu,xiu,,,f8ac3a5f,.wav,legacy_session,ok
raw/mandarin-tone-recordings/audio_fixed_abe/p0071/session_063a48ca3343/0334_zun_unspecified_zun_8b4d1b2f.wav,tone_labeled,p0071,session_063a48ca3343,0334,,zun,zun,,,8b4d1b2f,.wav,legacy_session,ok
raw/mandarin-tone-recordings/audio_fixed_abe/p0071/session_063a48ca3343/0335_ceng_unspecified_ceng_524885e3.wav,tone_labeled,p0071,session_063a48ca3343,0335,,ceng,ceng,,,524885e3,.wav,legacy_session,ok
raw/mandarin-tone-recordings/audio_fixed_abe/p0071/session_063a48ca3343/0336_hun_unspecified_hun_e7257ea8.wav,tone_labeled,p0071,session_063a48ca3343,0336,,hun,hun,,,e7257ea8,.wav,legacy_session,ok
raw/mandarin-tone-recordings/audio_fixed_abe/p0071/session_063a48ca3343/0337_kuai_unspecified_kuai_3b82ee57.wav,tone_labeled,p0071,session_063a48ca3343,0337,,kuai,kuai,,,3b82ee57,.wav,legacy_session,ok
raw/mandarin-tone-recordings/audio_fixed_abe/p0071/session_063a48ca3343/0338_niu_unspecified_niu_e6d57e1f.wav,tone_labeled,p0071,session_063a48ca3343,0338,,niu,niu,,,e6d57e1f,.wav,legacy_session,ok
raw/mandarin-tone-recordings/audio_fixed_abe/p0071/session_063a48ca3343/0339_pen_unspecified_pen_a3c433f1.wav,tone_labeled,p0071,session_063a48ca3343,0339,,pen,pen,,,a3c433f1,.wav,legacy_session,ok
raw/mandarin-tone-recordings/audio_fixed_abe/p0071/session_063a48ca3343/0340_lun_unspecified_lun_53aa8a2c.wav,tone_labeled,p0071,session_063a48ca3343,0340,,lun,lun,,,53aa8a2c,.wav,legacy_session,ok
raw/mandarin-tone-recordings/audio_fixed_abe/p0071/session_063a48ca3343/0341_lian_unspecified_lian_18ba8d8d.wav,tone_labeled,p0071,session_063a48ca3343,0341,,lian,lian,,,18ba8d8d,.wav,legacy_session,ok
raw/mandarin-tone-recordings/audio_fixed_abe/p0071/session_063a48ca3343/0341_lian_unspecified_lian_3bcbe91d.wav,tone_labeled,p0071,session_063a48ca3343,0341,,lian,lian,,,3bcbe91d,.wav,legacy_session,ok
raw/mandarin-tone-recordings/audio_fixed_abe/p0071/session_063a48ca3343/0342_bie_unspecified_bie_ac3097c8.wav,tone_labeled,p0071,session_063a48ca3343,0342,,bie,bie,,,ac3097c8,.wav,legacy_session,ok
raw/mandarin-tone-recordings/audio_fixed_abe/p0071/session_063a48ca3343/0343_mi_unspecified_mi_3d03256c.wav,tone_labeled,p0071,session_063a48ca3343,0343,,mi,mi,,,3d03256c,.wav,legacy_session,ok
raw/mandarin-tone-recordings/audio_fixed_abe/p0071/session_063a48ca3343/0344_tu_unspecified_tu_c6bb95e4.wav,tone_labeled,p0071,session_063a48ca3343,0344,,tu,tu,,,c6bb95e4,.wav,legacy_session,ok
raw/mandarin-tone-recordings/audio_fixed_abe/p0071/session_bff75c13e74e/0001_cai_unspecified_cai_b501b6ba.wav,tone_labeled,p0071,session_bff75c13e74e,0001,,cai,cai,,,b501b6ba,.wav,legacy_session,ok
raw/mandarin-tone-recordings/audio_fixed_abe/p0071/session_bff75c13e74e/0002_peng_unspecified_peng_7a5481c7.wav,tone_labeled,p0071,session_bff75c13e74e,0002,,peng,peng,,,7a5481c7,.wav,legacy_session,ok
raw/mandarin-tone-recordings/audio_fixed_abe/p0071/session_bff75c13e74e/0003_kuan_unspecified_kuan_01ac7816.wav,tone_labeled,p0071,session_bff75c13e74e,0003,,kuan,kuan,,,01ac7816,.wav,legacy_session,ok
raw/mandarin-tone-recordings/audio_fixed_abe/p0071/session_bff75c13e74e/0004_ri_unspecified_ri_0a5b365c.wav,tone_labeled,p0071,session_bff75c13e74e,0004,,ri,ri,,,0a5b365c,.wav,legacy_session,ok
raw/mandarin-tone-recordings/audio_fixed_abe/p0071/session_bff75c13e74e/0005_biang_unspecified_biang_99b2584d.wav,tone_labeled,p0071,session_bff75c13e74e,0005,,biang,biang,,,99b2584d,.wav,legacy_session,ok
raw/mandarin-tone-recordings/audio_fixed_abe/p0071/session_bff75c13e74e/0006_rao_unspecified_rao_74032225.wav,tone_labeled,p0071,session_bff75c13e74e,0006,,rao,rao,,,74032225,.wav,legacy_session,ok
raw/mandarin-tone-recordings/audio_fixed_abe/p0071/session_bff75c13e74e/0007_tiao_unspecified_tiao_74cad2ed.wav,tone_labeled,p0071,session_bff75c13e74e,0007,,tiao,tiao,,,74cad2ed,.wav,legacy_session,ok
raw/mandarin-tone-recordings/audio_fixed_abe/p0071/session_bff75c13e74e/0008_di_unspecified_di_523d5960.wav,tone_labeled,p0071,session_bff75c13e74e,0008,,di,di,,,523d5960,.wav,legacy_session,ok
raw/mandarin-tone-recordings/audio_fixed_abe/p0071/session_bff75c13e74e/0009_heng_unspecified_heng_f261a430.wav,tone_labeled,p0071,session_bff75c13e74e,0009,,heng,heng,,,f261a430,.wav,legacy_session,ok
raw/mandarin-tone-recordings/audio_fixed_abe/p0071/session_bff75c13e74e/0010_xun_unspecified_xun_b267d884.wav,tone_labeled,p0071,session_bff75c13e74e,0010,,xun,xun,,,b267d884,.wav,legacy_session,ok
raw/mandarin-tone-recordings/audio_fixed_abe/p0071/session_bff75c13e74e/0011_suo_unspecified_suo_c6c11559.wav,tone_labeled,p0071,session_bff75c13e74e,0011,,suo,suo,,,c6c11559,.wav,legacy_session,ok
raw/mandarin-tone-recordings/audio_fixed_abe/p0071/session_bff75c13e74e/0012_qian_unspecified_qian_fe8ab8a0.wav,tone_labeled,p0071,session_bff75c13e74e,0012,,qian,qian,,,fe8ab8a0,.wav,legacy_session,ok
raw/mandarin-tone-recordings/audio_fixed_abe/p0071/session_bff75c13e74e/0013_kang_unspecified_kang_0f859710.wav,tone_labeled,p0071,session_bff75c13e74e,0013,,kang,kang,,,0f859710,.wav,legacy_session,ok
raw/mandarin-tone-recordings/audio_fixed_abe/p0071/session_bff75c13e74e/0014_xu_unspecified_xu_6c8e7547.wav,tone_labeled,p0071,session_bff75c13e74e,0014,,xu,xu,,,6c8e7547,.wav,legacy_session,ok
raw/mandarin-tone-recordings/audio_fixed_abe/p0071/session_bff75c13e74e/0015_she_unspecified_she_c9e9999d.wav,tone_labeled,p0071,session_bff75c13e74e,0015,,she,she,,,c9e9999d,.wav,legacy_session,ok
raw/mandarin-tone-recordings/audio_fixed_abe/p0071/session_bff75c13e74e/0016_qu_unspecified_qu_e0f4ef9b.wav,tone_labeled,p0071,session_bff75c13e74e,0016,,qu,qu,,,e0f4ef9b,.wav,legacy_session,ok
raw/mandarin-tone-recordings/audio_fixed_abe/p0071/session_bff75c13e74e/0017_yang_unspecified_yang_d8c65c2e.wav,tone_labeled,p0071,session_bff75c13e74e,0017,,yang,yang,,,d8c65c2e,.wav,legacy_session,ok
raw/mandarin-tone-recordings/audio_fixed_abe/p0071/session_bff75c13e74e/0018_qi_unspecified_qi_114ccfc5.wav,tone_labeled,p0071,session_bff75c13e74e,0018,,qi,qi,,,114ccfc5,.wav,legacy_session,ok
raw/mandarin-tone-recordings/audio_fixed_abe/p0071/session_bff75c13e74e/0019_tang_unspecified_tang_0f64fe2d.wav,tone_labeled,p0071,session_bff75c13e74e,0019,,tang,tang,,,0f64fe2d,.wav,legacy_session,ok
raw/mandarin-tone-recordings/audio_fixed_abe/p0071/session_bff75c13e74e/0020_bo_unspecified_bo_c5d6e117.wav,tone_labeled,p0071,session_bff75c13e74e,0020,,bo,bo,,,c5d6e117,.wav,legacy_session,ok
raw/mandarin-tone-recordings/audio_fixed_abe/p0071/session_bff75c13e74e/0021_gui_unspecified_gui_fc74c6d3.wav,tone_labeled,p0071,session_bff75c13e74e,0021,,gui,gui,,,fc74c6d3,.wav,legacy_session,ok
raw/mandarin-tone-recordings/audio_fixed_abe/p0071/session_bff75c13e74e/0022_niang_unspecified_niang_cf40a20a.wav,tone_labeled,p0071,session_bff75c13e74e,0022,,niang,niang,,,cf40a20a,.wav,legacy_session,ok
raw/mandarin-tone-recordings/audio_fixed_abe/p0071/session_bff75c13e74e/0023_lie_unspecified_lie_51cd0f54.wav,tone_labeled,p0071,session_bff75c13e74e,0023,,lie,lie,,,51cd0f54,.wav,legacy_session,ok
raw/mandarin-tone-recordings/audio_fixed_abe/p0071/session_bff75c13e74e/0024_weng_unspecified_weng_65739dfe.wav,tone_labeled,p0071,session_bff75c13e74e,0024,,weng,weng,,,65739dfe,.wav,legacy_session,ok
raw/mandarin-tone-recordings/audio_fixed_abe/p0071/session_bff75c13e74e/0025_xia_unspecified_xia_b7cf3a58.wav,tone_labeled,p0071,session_bff75c13e74e,0025,,xia,xia,,,b7cf3a58,.wav,legacy_session,ok
raw/mandarin-tone-recordings/audio_fixed_abe/p0071/session_bff75c13e74e/0026_fei_unspecified_fei_0ea9405c.wav,tone_labeled,p0071,session_bff75c13e74e,0026,,fei,fei,,,0ea9405c,.wav,legacy_session,ok
raw/mandarin-tone-recordings/audio_fixed_abe/p0071/session_bff75c13e74e/0027_qvan_unspecified_qvan_02ee33a0.wav,tone_labeled,p0071,session_bff75c13e74e,0027,,qvan,qvan,,,02ee33a0,.wav,legacy_session,ok
raw/mandarin-tone-recordings/audio_fixed_abe/p0071/session_bff75c13e74e/0028_yong_unspecified_yong_1ac33d7c.wav,tone_labeled,p0071,session_bff75c13e74e,0028,,yong,yong,,,1ac33d7c,.wav,legacy_session,ok
raw/mandarin-tone-recordings/audio_fixed_abe/p0071/session_bff75c13e74e/0029_tuo_unspecified_tuo_e81e35a0.wav,tone_labeled,p0071,session_bff75c13e74e,0029,,tuo,tuo,,,e81e35a0,.wav,legacy_session,ok
raw/mandarin-tone-recordings/audio_fixed_abe/p0071/session_bff75c13e74e/0030_tai_unspecified_tai_5440488d.wav,tone_labeled,p0071,session_bff75c13e74e,0030,,tai,tai,,,5440488d,.wav,legacy_session,ok
raw/mandarin-tone-recordings/audio_fixed_abe/p0071/session_bff75c13e74e/0031_chuo_unspecified_chuo_ab07b2ef.wav,tone_labeled,p0071,session_bff75c13e74e,0031,,chuo,chuo,,,ab07b2ef,.wav,legacy_session,ok
raw/mandarin-tone-recordings/audio_fixed_abe/p0071/session_bff75c13e74e/0032_pian_unspecified_pian_7c8748ee.wav,tone_labeled,p0071,session_bff75c13e74e,0032,,pian,pian,,,7c8748ee,.wav,legacy_session,ok
raw/mandarin-tone-recordings/audio_fixed_abe/p0071/session_bff75c13e74e/0033_mai_unspecified_mai_b84865e3.wav,tone_labeled,p0071,session_bff75c13e74e,0033,,mai,mai,,,b84865e3,.wav,legacy_session,ok
raw/mandarin-tone-recordings/audio_fixed_abe/p0071/session_bff75c13e74e/0034_jin_unspecified_jin_5d102d59.wav,tone_labeled,p0071,session_bff75c13e74e,0034,,jin,jin,,,5d102d59,.wav,legacy_session,ok
raw/mandarin-tone-recordings/audio_fixed_abe/p0071/session_bff75c13e74e/0035_cao_unspecified_cao_7d894209.wav,tone_labeled,p0071,session_bff75c13e74e,0035,,cao,cao,,,7d894209,.wav,legacy_session,ok
raw/mandarin-tone-recordings/audio_fixed_abe/p0071/session_bff75c13e74e/0036_wo_unspecified_wo_f09f78aa.wav,tone_labeled,p0071,session_bff75c13e74e,0036,,wo,wo,,,f09f78aa,.wav,legacy_session,ok
raw/mandarin-tone-recordings/audio_fixed_abe/p0071/session_bff75c13e74e/0037_cang_unspecified_cang_3672056a.wav,tone_labeled,p0071,session_bff75c13e74e,0037,,cang,cang,,,3672056a,.wav,legacy_session,ok
raw/mandarin-tone-recordings/audio_fixed_abe/p0071/session_bff75c13e74e/0038_shen_unspecified_shen_5aaf4395.wav,tone_labeled,p0071,session_bff75c13e74e,0038,,shen,shen,,,5aaf4395,.wav,legacy_session,ok
raw/mandarin-tone-recordings/audio_fixed_abe/p0071/session_bff75c13e74e/0039_yao_unspecified_yao_2b317e1c.wav,tone_labeled,p0071,session_bff75c13e74e,0039,,yao,yao,,,2b317e1c,.wav,legacy_session,ok
raw/mandarin-tone-recordings/audio_fixed_abe/p0071/session_bff75c13e74e/0040_shu_unspecified_shu_fb56cebe.wav,tone_labeled,p0071,session_bff75c13e74e,0040,,shu,shu,,,fb56cebe,.wav,legacy_session,ok
raw/mandarin-tone-recordings/audio_fixed_abe/p0071/session_bff75c13e74e/0041_mi_unspecified_mi_9d9698e6.wav,tone_labeled,p0071,session_bff75c13e74e,0041,,mi,mi,,,9d9698e6,.wav,legacy_session,ok
raw/mandarin-tone-recordings/audio_fixed_abe/p0071/session_bff75c13e74e/0042_diu_unspecified_diu_9740b4c0.wav,tone_labeled,p0071,session_bff75c13e74e,0042,,diu,diu,,,9740b4c0,.wav,legacy_session,ok
raw/mandarin-tone-recordings/audio_fixed_abe/p0071/session_bff75c13e74e/0043_chao_unspecified_chao_a9a31361.wav,tone_labeled,p0071,session_bff75c13e74e,0043,,chao,chao,,,a9a31361,.wav,legacy_session,ok
raw/mandarin-tone-recordings/audio_fixed_abe/p0071/session_bff75c13e74e/0044_chang_unspecified_chang_254d444c.wav,tone_labeled,p0071,session_bff75c13e74e,0044,,chang,chang,,,254d444c,.wav,legacy_session,ok
raw/mandarin-tone-recordings/audio_fixed_abe/p0071/session_bff75c13e74e/0045_hong_unspecified_hong_673e1c1e.wav,tone_labeled,p0071,session_bff75c13e74e,0045,,hong,hong,,,673e1c1e,.wav,legacy_session,ok
raw/mandarin-tone-recordings/audio_fixed_abe/p0071/session_bff75c13e74e/0046_nian_unspecified_nian_25730e25.wav,tone_labeled,p0071,session_bff75c13e74e,0046,,nian,nian,,,25730e25,.wav,legacy_session,ok
raw/mandarin-tone-recordings/audio_fixed_abe/p0071/session_bff75c13e74e/0047_fu_unspecified_fu_00f2aa23.wav,tone_labeled,p0071,session_bff75c13e74e,0047,,fu,fu,,,00f2aa23,.wav,legacy_session,ok
raw/mandarin-tone-recordings/audio_fixed_abe/p0071/session_bff75c13e74e/0048_du_unspecified_du_c06fd70b.wav,tone_labeled,p0071,session_bff75c13e74e,0048,,du,du,,,c06fd70b,.wav,legacy_session,ok
raw/mandarin-tone-recordings/audio_fixed_abe/p0071/session_bff75c13e74e/0049_die_unspecified_die_c0dbb1f5.wav,tone_labeled,p0071,session_bff75c13e74e,0049,,die,die,,,c0dbb1f5,.wav,legacy_session,ok
raw/mandarin-tone-recordings/audio_fixed_abe/p0071/session_bff75c13e74e/0050_qun_unspecified_qun_48cf802b.wav,tone_labeled,p0071,session_bff75c13e74e,0050,,qun,qun,,,48cf802b,.wav,legacy_session,ok
raw/mandarin-tone-recordings/audio_fixed_abe/p0071/session_bff75c13e74e/0051_dai_unspecified_dai_a82b40a4.wav,tone_labeled,p0071,session_bff75c13e74e,0051,,dai,dai,,,a82b40a4,.wav,legacy_session,ok
raw/mandarin-tone-recordings/audio_fixed_abe/p0071/session_bff75c13e74e/0052_zhuai_unspecified_zhuai_09bf236f.wav,tone_labeled,p0071,session_bff75c13e74e,0052,,zhuai,zhuai,,,09bf236f,.wav,legacy_session,ok
raw/mandarin-tone-recordings/audio_fixed_abe/p0071/session_bff75c13e74e/0053_can_unspecified_can_2cff428e.wav,tone_labeled,p0071,session_bff75c13e74e,0053,,can,can,,,2cff428e,.wav,legacy_session,ok
raw/mandarin-tone-recordings/audio_fixed_abe/p0071/session_bff75c13e74e/0054_hai_unspecified_hai_a01df36d.wav,tone_labeled,p0071,session_bff75c13e74e,0054,,hai,hai,,,a01df36d,.wav,legacy_session,ok
raw/mandarin-tone-recordings/audio_fixed_abe/p0071/session_bff75c13e74e/0055_gen_unspecified_gen_ca8c9f78.wav,tone_labeled,p0071,session_bff75c13e74e,0055,,gen,gen,,,ca8c9f78,.wav,legacy_session,ok
raw/mandarin-tone-recordings/audio_fixed_abe/p0071/session_bff75c13e74e/0056_da_unspecified_da_de78b815.wav,tone_labeled,p0071,session_bff75c13e74e,0056,,da,da,,,de78b815,.wav,legacy_session,ok
raw/mandarin-tone-recordings/audio_fixed_abe/p0071/session_bff75c13e74e/0057_feng_unspecified_feng_cee05da2.wav,tone_labeled,p0071,session_bff75c13e74e,0057,,feng,feng,,,cee05da2,.wav,legacy_session,ok
raw/mandarin-tone-recordings/audio_fixed_abe/p0071/session_bff75c13e74e/0058_ren_unspecified_ren_241a3802.wav,tone_labeled,p0071,session_bff75c13e74e,0058,,ren,ren,,,241a3802,.wav,legacy_session,ok
raw/mandarin-tone-recordings/audio_fixed_abe/p0071/session_bff75c13e74e/0059_jiang_unspecified_jiang_12a1e42b.wav,tone_labeled,p0071,session_bff75c13e74e,0059,,jiang,jiang,,,12a1e42b,.wav,legacy_session,ok
raw/mandarin-tone-recordings/audio_fixed_abe/p0071/session_bff75c13e74e/0060_ha_unspecified_ha_468c6471.wav,tone_labeled,p0071,session_bff75c13e74e,0060,,ha,ha,,,468c6471,.wav,legacy_session,ok
raw/mandarin-tone-recordings/audio_fixed_abe/p0071/session_bff75c13e74e/0061_pu_unspecified_pu_454e5942.wav,tone_labeled,p0071,session_bff75c13e74e,0061,,pu,pu,,,454e5942,.wav,legacy_session,ok
raw/mandarin-tone-recordings/audio_fixed_abe/p0071/session_bff75c13e74e/0062_lin_unspecified_lin_d74b8d7e.wav,tone_labeled,p0071,session_bff75c13e74e,0062,,lin,lin,,,d74b8d7e,.wav,legacy_session,ok
raw/mandarin-tone-recordings/audio_fixed_abe/p0071/session_bff75c13e74e/0063_jvn_unspecified_jvn_5fc57079.wav,tone_labeled,p0071,session_bff75c13e74e,0063,,jvn,jvn,,,5fc57079,.wav,legacy_session,ok
raw/mandarin-tone-recordings/audio_fixed_abe/p0071/session_bff75c13e74e/0064_cu_unspecified_cu_f899b4a2.wav,tone_labeled,p0071,session_bff75c13e74e,0064,,cu,cu,,,f899b4a2,.wav,legacy_session,ok
raw/mandarin-tone-recordings/audio_fixed_abe/p0071/session_bff75c13e74e/0065_dei_unspecified_dei_7aab27f6.wav,tone_labeled,p0071,session_bff75c13e74e,0065,,dei,dei,,,7aab27f6,.wav,legacy_session,ok
raw/mandarin-tone-recordings/audio_fixed_abe/p0071/session_bff75c13e74e/0066_luan_unspecified_luan_8f54a556.wav,tone_labeled,p0071,session_bff75c13e74e,0066,,luan,luan,,,8f54a556,.wav,legacy_session,ok
raw/mandarin-tone-recordings/audio_fixed_abe/p0071/session_bff75c13e74e/0067_dao_unspecified_dao_39652c23.wav,tone_labeled,p0071,session_bff75c13e74e,0067,,dao,dao,,,39652c23,.wav,legacy_session,ok
raw/mandarin-tone-recordings/audio_fixed_abe/p0071/session_bff75c13e74e/0068_zen_unspecified_zen_98f48709.wav,tone_labeled,p0071,session_bff75c13e74e,0068,,zen,zen,,,98f48709,.wav,legacy_session,ok
raw/mandarin-tone-recordings/audio_fixed_abe/p0071/session_bff75c13e74e/0069_ze_unspecified_ze_d686559b.wav,tone_labeled,p0071,session_bff75c13e74e,0069,,ze,ze,,,d686559b,.wav,legacy_session,ok
raw/mandarin-tone-recordings/audio_fixed_abe/p0071/session_bff75c13e74e/0070_hen_unspecified_hen_d5bf1e61.wav,tone_labeled,p0071,session_bff75c13e74e,0070,,hen,hen,,,d5bf1e61,.wav,legacy_session,ok
raw/mandarin-tone-recordings/audio_fixed_abe/p0071/session_bff75c13e74e/0071_sun_unspecified_sun_ae684127.wav,tone_labeled,p0071,session_bff75c13e74e,0071,,sun,sun,,,ae684127,.wav,legacy_session,ok
raw/mandarin-tone-recordings/audio_fixed_abe/p0071/session_bff75c13e74e/0072_song_unspecified_song_341aee58.wav,tone_labeled,p0071,session_bff75c13e74e,0072,,song,song,,,341aee58,.wav,legacy_session,ok
raw/mandarin-tone-recordings/audio_fixed_abe/p0071/session_bff75c13e74e/0073_sen_unspecified_sen_931c3d8d.wav,tone_labeled,p0071,session_bff75c13e74e,0073,,sen,sen,,,931c3d8d,.wav,legacy_session,ok
raw/mandarin-tone-recordings/audio_fixed_abe/p0071/session_bff75c13e74e/0074_shei_unspecified_shei_26a54c74.wav,tone_labeled,p0071,session_bff75c13e74e,0074,,shei,shei,,,26a54c74,.wav,legacy_session,ok
raw/mandarin-tone-recordings/audio_fixed_abe/p0071/session_bff75c13e74e/0075_bing_unspecified_bing_413e8ed0.wav,tone_labeled,p0071,session_bff75c13e74e,0075,,bing,bing,,,413e8ed0,.wav,legacy_session,ok
raw/mandarin-tone-recordings/audio_fixed_abe/p0071/session_bff75c13e74e/0076_hou_unspecified_hou_c61a0899.wav,tone_labeled,p0071,session_bff75c13e74e,0076,,hou,hou,,,c61a0899,.wav,legacy_session,ok
raw/mandarin-tone-recordings/audio_fixed_abe/p0071/session_bff75c13e74e/0077_qia_unspecified_qia_fd718716.wav,tone_labeled,p0071,session_bff75c13e74e,0077,,qia,qia,,,fd718716,.wav,legacy_session,ok
raw/mandarin-tone-recordings/audio_fixed_abe/p0071/session_bff75c13e74e/0078_cuan_unspecified_cuan_fa6df42b.wav,tone_labeled,p0071,session_bff75c13e74e,0078,,cuan,cuan,,,fa6df42b,.wav,legacy_session,ok
raw/mandarin-tone-recordings/audio_fixed_abe/p0071/session_bff75c13e74e/0079_yan_unspecified_yan_5ec5aaac.wav,tone_labeled,p0071,session_bff75c13e74e,0079,,yan,yan,,,5ec5aaac,.wav,legacy_session,ok
raw/mandarin-tone-recordings/audio_fixed_abe/p0071/session_bff75c13e74e/0080_gai_unspecified_gai_293b3bcb.wav,tone_labeled,p0071,session_bff75c13e74e,0080,,gai,gai,,,293b3bcb,.wav,legacy_session,ok
raw/mandarin-tone-recordings/audio_fixed_abe/p0071/session_bff75c13e74e/0081_ran_unspecified_ran_04952e89.wav,tone_labeled,p0071,session_bff75c13e74e,0081,,ran,ran,,,04952e89,.wav,legacy_session,ok
raw/mandarin-tone-recordings/audio_fixed_abe/p0071/session_bff75c13e74e/0082_lai_unspecified_lai_e2171963.wav,tone_labeled,p0071,session_bff75c13e74e,0082,,lai,lai,,,e2171963,.wav,legacy_session,ok
raw/mandarin-tone-recordings/audio_fixed_abe/p0071/session_bff75c13e74e/0083_tao_unspecified_tao_0c0b7b3f.wav,tone_labeled,p0071,session_bff75c13e74e,0083,,tao,tao,,,0c0b7b3f,.wav,legacy_session,ok
raw/mandarin-tone-recordings/audio_fixed_abe/p0071/session_bff75c13e74e/0084_ru_unspecified_ru_8b4e68e3.wav,tone_labeled,p0071,session_bff75c13e74e,0084,,ru,ru,,,8b4e68e3,.wav,legacy_session,ok
raw/mandarin-tone-recordings/audio_fixed_abe/p0071/session_bff75c13e74e/0085_ba_unspecified_ba_b5bae81c.wav,tone_labeled,p0071,session_bff75c13e74e,0085,,ba,ba,,,b5bae81c,.wav,legacy_session,ok
raw/mandarin-tone-recordings/audio_fixed_abe/p0071/session_bff75c13e74e/0086_ao_unspecified_ao_5b133571.wav,tone_labeled,p0071,session_bff75c13e74e,0086,,ao,ao,,,5b133571,.wav,legacy_session,ok
raw/mandarin-tone-recordings/audio_fixed_abe/p0071/session_bff75c13e74e/0087_nen_unspecified_nen_38ad94f3.wav,tone_labeled,p0071,session_bff75c13e74e,0087,,nen,nen,,,38ad94f3,.wav,legacy_session,ok
raw/mandarin-tone-recordings/audio_fixed_abe/p0071/session_bff75c13e74e/0088_qve_unspecified_qve_46d4505f.wav,tone_labeled,p0071,session_bff75c13e74e,0088,,qve,qve,,,46d4505f,.wav,legacy_session,ok
raw/mandarin-tone-recordings/audio_fixed_abe/p0071/session_bff75c13e74e/0089_jun_unspecified_jun_9445fd63.wav,tone_labeled,p0071,session_bff75c13e74e,0089,,jun,jun,,,9445fd63,.wav,legacy_session,ok
raw/mandarin-tone-recordings/audio_fixed_abe/p0071/session_bff75c13e74e/0090_beng_unspecified_beng_fcb47326.wav,tone_labeled,p0071,session_bff75c13e74e,0090,,beng,beng,,,fcb47326,.wav,legacy_session,ok
raw/mandarin-tone-recordings/audio_fixed_abe/p0071/session_bff75c13e74e/0091_sang_unspecified_sang_ad4ac8ea.wav,tone_labeled,p0071,session_bff75c13e74e,0091,,sang,sang,,,ad4ac8ea,.wav,legacy_session,ok
raw/mandarin-tone-recordings/audio_fixed_abe/p0071/session_bff75c13e74e/0092_dang_unspecified_dang_467af9cb.wav,tone_labeled,p0071,session_bff75c13e74e,0092,,dang,dang,,,467af9cb,.wav,legacy_session,ok
raw/mandarin-tone-recordings/audio_fixed_abe/p0071/session_bff75c13e74e/0093_qiao_unspecified_qiao_3f53bdbc.wav,tone_labeled,p0071,session_bff75c13e74e,0093,,qiao,qiao,,,3f53bdbc,.wav,legacy_session,ok
raw/mandarin-tone-recordings/audio_fixed_abe/p0071/session_bff75c13e74e/0094_nai_unspecified_nai_30e38e01.wav,tone_labeled,p0071,session_bff75c13e74e,0094,,nai,nai,,,30e38e01,.wav,legacy_session,ok
raw/mandarin-tone-recordings/audio_fixed_abe/p0071/session_bff75c13e74e/0095_biao_unspecified_biao_812a8c19.wav,tone_labeled,p0071,session_bff75c13e74e,0095,,biao,biao,,,812a8c19,.wav,legacy_session,ok
raw/mandarin-tone-recordings/audio_fixed_abe/p0071/session_bff75c13e74e/0096_kuang_unspecified_kuang_0d8fbce7.wav,tone_labeled,p0071,session_bff75c13e74e,0096,,kuang,kuang,,,0d8fbce7,.wav,legacy_session,ok
raw/mandarin-tone-recordings/audio_fixed_abe/p0071/session_bff75c13e74e/0097_xvn_unspecified_xvn_fe29af5d.wav,tone_labeled,p0071,session_bff75c13e74e,0097,,xvn,xvn,,,fe29af5d,.wav,legacy_session,ok
raw/mandarin-tone-recordings/audio_fixed_abe/p0071/session_bff75c13e74e/0098_chen_unspecified_chen_9d6f69cc.wav,tone_labeled,p0071,session_bff75c13e74e,0098,,chen,chen,,,9d6f69cc,.wav,legacy_session,ok
raw/mandarin-tone-recordings/audio_fixed_abe/p0071/session_bff75c13e74e/0099_zhe_unspecified_zhe_2e07e007.wav,tone_labeled,p0071,session_bff75c13e74e,0099,,zhe,zhe,,,2e07e007,.wav,legacy_session,ok
raw/mandarin-tone-recordings/audio_fixed_abe/p0071/session_bff75c13e74e/0100_chou_unspecified_chou_781ee59e.wav,tone_labeled,p0071,session_bff75c13e74e,0100,,chou,chou,,,781ee59e,.wav,legacy_session,ok
raw/mandarin-tone-recordings/audio_fixed_abe/p0071/session_bff75c13e74e/0101_zhui_unspecified_zhui_73f99cbd.wav,tone_labeled,p0071,session_bff75c13e74e,0101,,zhui,zhui,,,73f99cbd,.wav,legacy_session,ok
raw/mandarin-tone-recordings/audio_fixed_abe/p0071/session_bff75c13e74e/0102_guan_unspecified_guan_3c1cfd4c.wav,tone_labeled,p0071,session_bff75c13e74e,0102,,guan,guan,,,3c1cfd4c,.wav,legacy_session,ok
raw/mandarin-tone-recordings/audio_fixed_abe/p0071/session_bff75c13e74e/0103_qin_unspecified_qin_87d15d22.wav,tone_labeled,p0071,session_bff75c13e74e,0103,,qin,qin,,,87d15d22,.wav,legacy_session,ok
raw/mandarin-tone-recordings/audio_fixed_abe/p0071/session_bff75c13e74e/0104_te_unspecified_te_1edb5097.wav,tone_labeled,p0071,session_bff75c13e74e,0104,,te,te,,,1edb5097,.wav,legacy_session,ok
raw/mandarin-tone-recordings/audio_fixed_abe/p0071/session_bff75c13e74e/0105_gua_unspecified_gua_66de7188.wav,tone_labeled,p0071,session_bff75c13e74e,0105,,gua,gua,,,66de7188,.wav,legacy_session,ok
raw/mandarin-tone-recordings/audio_fixed_abe/p0071/session_bff75c13e74e/0106_miao_unspecified_miao_d8990ef5.wav,tone_labeled,p0071,session_bff75c13e74e,0106,,miao,miao,,,d8990ef5,.wav,legacy_session,ok
raw/mandarin-tone-recordings/audio_fixed_abe/p0071/session_bff75c13e74e/0107_re_unspecified_re_01ea2ce4.wav,tone_labeled,p0071,session_bff75c13e74e,0107,,re,re,,,01ea2ce4,.wav,legacy_session,ok
raw/mandarin-tone-recordings/audio_fixed_abe/p0071/session_bff75c13e74e/0108_hao_unspecified_hao_cfd0d964.wav,tone_labeled,p0071,session_bff75c13e74e,0108,,hao,hao,,,cfd0d964,.wav,legacy_session,ok
raw/mandarin-tone-recordings/audio_fixed_abe/p0071/session_bff75c13e74e/0109_cun_unspecified_cun_698035d0.wav,tone_labeled,p0071,session_bff75c13e74e,0109,,cun,cun,,,698035d0,.wav,legacy_session,ok
raw/mandarin-tone-recordings/audio_fixed_abe/p0071/session_bff75c13e74e/0110_kuai_unspecified_kuai_4a370c59.wav,tone_labeled,p0071,session_bff75c13e74e,0110,,kuai,kuai,,,4a370c59,.wav,legacy_session,ok
raw/mandarin-tone-recordings/audio_fixed_abe/p0071/session_bff75c13e74e/0111_xing_unspecified_xing_14afc307.wav,tone_labeled,p0071,session_bff75c13e74e,0111,,xing,xing,,,14afc307,.wav,legacy_session,ok
raw/mandarin-tone-recordings/audio_fixed_abe/p0071/session_bff75c13e74e/0112_ben_unspecified_ben_6376d653.wav,tone_labeled,p0071,session_bff75c13e74e,0112,,ben,ben,,,6376d653,.wav,legacy_session,ok
raw/mandarin-tone-recordings/audio_fixed_abe/p0071/session_bff75c13e74e/0113_sui_unspecified_sui_551a0f44.wav,tone_labeled,p0071,session_bff75c13e74e,0113,,sui,sui,,,551a0f44,.wav,legacy_session,ok
raw/mandarin-tone-recordings/audio_fixed_abe/p0071/session_bff75c13e74e/0114_ju_unspecified_ju_ad3eea0d.wav,tone_labeled,p0071,session_bff75c13e74e,0114,,ju,ju,,,ad3eea0d,.wav,legacy_session,ok
raw/mandarin-tone-recordings/audio_fixed_abe/p0071/session_bff75c13e74e/0115_cui_unspecified_cui_8a7a43d5.wav,tone_labeled,p0071,session_bff75c13e74e,0115,,cui,cui,,,8a7a43d5,.wav,legacy_session,ok
raw/mandarin-tone-recordings/audio_fixed_abe/p0071/session_bff75c13e74e/0116_wen_unspecified_wen_b1baf8f5.wav,tone_labeled,p0071,session_bff75c13e74e,0116,,wen,wen,,,b1baf8f5,.wav,legacy_session,ok
raw/mandarin-tone-recordings/audio_fixed_abe/p0071/session_bff75c13e74e/0117_ci_unspecified_ci_975d6e57.wav,tone_labeled,p0071,session_bff75c13e74e,0117,,ci,ci,,,975d6e57,.wav,legacy_session,ok
raw/mandarin-tone-recordings/audio_fixed_abe/p0071/session_bff75c13e74e/0118_chui_unspecified_chui_586d371f.wav,tone_labeled,p0071,session_bff75c13e74e,0118,,chui,chui,,,586d371f,.wav,legacy_session,ok
raw/mandarin-tone-recordings/audio_fixed_abe/p0071/session_bff75c13e74e/0119_za_unspecified_za_f1d4462d.wav,tone_labeled,p0071,session_bff75c13e74e,0119,,za,za,,,f1d4462d,.wav,legacy_session,ok
raw/mandarin-tone-recordings/audio_fixed_abe/p0071/session_bff75c13e74e/0120_bai_unspecified_bai_54d4b870.wav,tone_labeled,p0071,session_bff75c13e74e,0120,,bai,bai,,,54d4b870,.wav,legacy_session,ok
raw/mandarin-tone-recordings/audio_fixed_abe/p0071/session_bff75c13e74e/0121_fen_unspecified_fen_985f81f1.wav,tone_labeled,p0071,session_bff75c13e74e,0121,,fen,fen,,,985f81f1,.wav,legacy_session,ok
raw/mandarin-tone-recordings/audio_fixed_abe/p0071/session_bff75c13e74e/0122_piao_unspecified_piao_3f101baa.wav,tone_labeled,p0071,session_bff75c13e74e,0122,,piao,piao,,,3f101baa,.wav,legacy_session,ok
raw/mandarin-tone-recordings/audio_fixed_abe/p0071/session_bff75c13e74e/0123_jie_unspecified_jie_1b002c69.wav,tone_labeled,p0071,session_bff75c13e74e,0123,,jie,jie,,,1b002c69,.wav,legacy_session,ok
raw/mandarin-tone-recordings/audio_fixed_abe/p0071/session_bff75c13e74e/0124_den_unspecified_den_da16deea.wav,tone_labeled,p0071,session_bff75c13e74e,0124,,den,den,,,da16deea,.wav,legacy_session,ok
raw/mandarin-tone-recordings/audio_fixed_abe/p0071/session_bff75c13e74e/0125_tian_unspecified_tian_7a918586.wav,tone_labeled,p0071,session_bff75c13e74e,0125,,tian,tian,,,7a918586,.wav,legacy_session,ok
raw/mandarin-tone-recordings/audio_fixed_abe/p0071/session_bff75c13e74e/0126_cen_unspecified_cen_70aea76f.wav,tone_labeled,p0071,session_bff75c13e74e,0126,,cen,cen,,,70aea76f,.wav,legacy_session,ok
raw/mandarin-tone-recordings/audio_fixed_abe/p0071/session_bff75c13e74e/0127_huan_unspecified_huan_d604586c.wav,tone_labeled,p0071,session_bff75c13e74e,0127,,huan,huan,,,d604586c,.wav,legacy_session,ok
raw/mandarin-tone-recordings/audio_fixed_abe/p0071/session_bff75c13e74e/0128_huai_unspecified_huai_6187ca67.wav,tone_labeled,p0071,session_bff75c13e74e,0128,,huai,huai,,,6187ca67,.wav,legacy_session,ok
raw/mandarin-tone-recordings/audio_fixed_abe/p0071/session_bff75c13e74e/0129_rang_unspecified_rang_b8de899c.wav,tone_labeled,p0071,session_bff75c13e74e,0129,,rang,rang,,,b8de899c,.wav,legacy_session,ok
raw/mandarin-tone-recordings/audio_fixed_abe/p0071/session_bff75c13e74e/0130_lu_unspecified_lu_446a40a6.wav,tone_labeled,p0071,session_bff75c13e74e,0130,,lu,lu,,,446a40a6,.wav,legacy_session,ok
raw/mandarin-tone-recordings/audio_fixed_abe/p0071/session_bff75c13e74e/0131_bang_unspecified_bang_0525275e.wav,tone_labeled,p0071,session_bff75c13e74e,0131,,bang,bang,,,0525275e,.wav,legacy_session,ok
raw/mandarin-tone-recordings/audio_fixed_abe/p0071/session_bff75c13e74e/0132_ya_unspecified_ya_efdd9169.wav,tone_labeled,p0071,session_bff75c13e74e,0132,,ya,ya,,,efdd9169,.wav,legacy_session,ok
raw/mandarin-tone-recordings/audio_fixed_abe/p0071/session_bff75c13e74e/0133_xiang_unspecified_xiang_98a42b7f.wav,tone_labeled,p0071,session_bff75c13e74e,0133,,xiang,xiang,,,98a42b7f,.wav,legacy_session,ok
raw/mandarin-tone-recordings/audio_fixed_abe/p0071/session_bff75c13e74e/0134_na_unspecified_na_6382e4ee.wav,tone_labeled,p0071,session_bff75c13e74e,0134,,na,na,,,6382e4ee,.wav,legacy_session,ok
raw/mandarin-tone-recordings/audio_fixed_abe/p0071/session_bff75c13e74e/0135_liang_unspecified_liang_1b57b685.wav,tone_labeled,p0071,session_bff75c13e74e,0135,,liang,liang,,,1b57b685,.wav,legacy_session,ok
raw/mandarin-tone-recordings/audio_fixed_abe/p0071/session_bff75c13e74e/0136_ting_unspecified_ting_82e6491f.wav,tone_labeled,p0071,session_bff75c13e74e,0136,,ting,ting,,,82e6491f,.wav,legacy_session,ok
raw/mandarin-tone-recordings/audio_fixed_abe/p0071/session_bff75c13e74e/0137_kai_unspecified_kai_feb59be5.wav,tone_labeled,p0071,session_bff75c13e74e,0137,,kai,kai,,,feb59be5,.wav,legacy_session,ok
raw/mandarin-tone-recordings/audio_fixed_abe/p0071/session_bff75c13e74e/0138_zan_unspecified_zan_f7d4f33f.wav,tone_labeled,p0071,session_bff75c13e74e,0138,,zan,zan,,,f7d4f33f,.wav,legacy_session,ok
raw/mandarin-tone-recordings/audio_fixed_abe/p0071/session_bff75c13e74e/0139_se_unspecified_se_ca96f79d.wav,tone_labeled,p0071,session_bff75c13e74e,0139,,se,se,,,ca96f79d,.wav,legacy_session,ok
raw/mandarin-tone-recordings/audio_fixed_abe/p0071/session_bff75c13e74e/0140_nv_unspecified_nv_d4068aff.wav,tone_labeled,p0071,session_bff75c13e74e,0140,,nv,nv,,,d4068aff,.wav,legacy_session,ok
raw/mandarin-tone-recordings/audio_fixed_abe/p0071/session_bff75c13e74e/0141_xian_unspecified_xian_67883002.wav,tone_labeled,p0071,session_bff75c13e74e,0141,,xian,xian,,,67883002,.wav,legacy_session,ok
raw/mandarin-tone-recordings/audio_fixed_abe/p0071/session_bff75c13e74e/0142_ge_unspecified_ge_3039d83f.wav,tone_labeled,p0071,session_bff75c13e74e,0142,,ge,ge,,,3039d83f,.wav,legacy_session,ok
raw/mandarin-tone-recordings/audio_fixed_abe/p0071/session_bff75c13e74e/0143_chun_unspecified_chun_41f60d26.wav,tone_labeled,p0071,session_bff75c13e74e,0143,,chun,chun,,,41f60d26,.wav,legacy_session,ok
raw/mandarin-tone-recordings/audio_fixed_abe/p0071/session_bff75c13e74e/0144_la_unspecified_la_c6054533.wav,tone_labeled,p0071,session_bff75c13e74e,0144,,la,la,,,c6054533,.wav,legacy_session,ok
raw/mandarin-tone-recordings/audio_fixed_abe/p0071/session_bff75c13e74e/0145_nun_unspecified_nun_7206b98f.wav,tone_labeled,p0071,session_bff75c13e74e,0145,,nun,nun,,,7206b98f,.wav,legacy_session,ok
raw/mandarin-tone-recordings/audio_fixed_abe/p0071/session_bff75c13e74e/0146_mao_unspecified_mao_5358c2ad.wav,tone_labeled,p0071,session_bff75c13e74e,0146,,mao,mao,,,5358c2ad,.wav,legacy_session,ok
raw/mandarin-tone-recordings/audio_fixed_abe/p0071/session_bff75c13e74e/0147_gou_unspecified_gou_db5529b8.wav,tone_labeled,p0071,session_bff75c13e74e,0147,,gou,gou,,,db5529b8,.wav,legacy_session,ok
raw/mandarin-tone-recordings/audio_fixed_abe/p0071/session_bff75c13e74e/0148_kei_unspecified_kei_103ac23d.wav,tone_labeled,p0071,session_bff75c13e74e,0148,,kei,kei,,,103ac23d,.wav,legacy_session,ok
raw/mandarin-tone-recordings/audio_fixed_abe/p0071/session_bff75c13e74e/0149_duan_unspecified_duan_623b80a0.wav,tone_labeled,p0071,session_bff75c13e74e,0149,,duan,duan,,,623b80a0,.wav,legacy_session,ok
raw/mandarin-tone-recordings/audio_fixed_abe/p0071/session_bff75c13e74e/0150_hang_unspecified_hang_4b960f1a.wav,tone_labeled,p0071,session_bff75c13e74e,0150,,hang,hang,,,4b960f1a,.wav,legacy_session,ok
raw/mandarin-tone-recordings/audio_fixed_abe/p0071/session_bff75c13e74e/0151_wu_unspecified_wu_ee4bb94d.wav,tone_labeled,p0071,session_bff75c13e74e,0151,,wu,wu,,,ee4bb94d,.wav,legacy_session,ok
raw/mandarin-tone-recordings/audio_fixed_abe/p0071/session_bff75c13e74e/0152_zou_unspecified_zou_11af1a35.wav,tone_labeled,p0071,session_bff75c13e74e,0152,,zou,zou,,,11af1a35,.wav,legacy_session,ok
raw/mandarin-tone-recordings/audio_fixed_abe/p0071/session_bff75c13e74e/0153_ping_unspecified_ping_15cc2bdf.wav,tone_labeled,p0071,session_bff75c13e74e,0153,,ping,ping,,,15cc2bdf,.wav,legacy_session,ok
raw/mandarin-tone-recordings/audio_fixed_abe/p0071/session_bff75c13e74e/0154_zu_unspecified_zu_4e4a1f73.wav,tone_labeled,p0071,session_bff75c13e74e,0154,,zu,zu,,,4e4a1f73,.wav,legacy_session,ok
raw/mandarin-tone-recordings/audio_fixed_abe/p0071/session_bff75c13e74e/0155_ou_unspecified_ou_21b2f8be.wav,tone_labeled,p0071,session_bff75c13e74e,0155,,ou,ou,,,21b2f8be,.wav,legacy_session,ok
raw/mandarin-tone-recordings/audio_fixed_abe/p0071/session_bff75c13e74e/0156_zhi_unspecified_zhi_4bb2c4a4.wav,tone_labeled,p0071,session_bff75c13e74e,0156,,zhi,zhi,,,4bb2c4a4,.wav,legacy_session,ok
raw/mandarin-tone-recordings/audio_fixed_abe/p0071/session_bff75c13e74e/0157_lei_unspecified_lei_debd6276.wav,tone_labeled,p0071,session_bff75c13e74e,0157,,lei,lei,,,debd6276,.wav,legacy_session,ok
raw/mandarin-tone-recordings/audio_fixed_abe/p0071/session_bff75c13e74e/0158_nang_unspecified_nang_a0fa4621.wav,tone_labeled,p0071,session_bff75c13e74e,0158,,nang,nang,,,a0fa4621,.wav,legacy_session,ok
raw/mandarin-tone-recordings/audio_fixed_abe/p0071/session_bff75c13e74e/0159_shou_unspecified_shou_b2b3bc48.wav,tone_labeled,p0071,session_bff75c13e74e,0159,,shou,shou,,,b2b3bc48,.wav,legacy_session,ok
raw/mandarin-tone-recordings/audio_fixed_abe/p0071/session_bff75c13e74e/0160_quan_unspecified_quan_0e9bae60.wav,tone_labeled,p0071,session_bff75c13e74e,0160,,quan,quan,,,0e9bae60,.wav,legacy_session,ok
raw/mandarin-tone-recordings/audio_fixed_abe/p0071/session_bff75c13e74e/0161_shai_unspecified_shai_dd26d65d.wav,tone_labeled,p0071,session_bff75c13e74e,0161,,shai,shai,,,dd26d65d,.wav,legacy_session,ok
raw/mandarin-tone-recordings/audio_fixed_abe/p0071/session_bff75c13e74e/0162_guai_unspecified_guai_3f93b5cc.wav,tone_labeled,p0071,session_bff75c13e74e,0162,,guai,guai,,,3f93b5cc,.wav,legacy_session,ok
raw/mandarin-tone-recordings/audio_fixed_abe/p0071/session_bff75c13e74e/0163_gei_unspecified_gei_f305d8ea.wav,tone_labeled,p0071,session_bff75c13e74e,0163,,gei,gei,,,f305d8ea,.wav,legacy_session,ok
raw/mandarin-tone-recordings/audio_fixed_abe/p0071/session_bff75c13e74e/0164_zong_unspecified_zong_a5c9c20f.wav,tone_labeled,p0071,session_bff75c13e74e,0164,,zong,zong,,,a5c9c20f,.wav,legacy_session,ok
raw/mandarin-tone-recordings/audio_fixed_abe/p0071/session_bff75c13e74e/0165_shuan_unspecified_shuan_585b82e4.wav,tone_labeled,p0071,session_bff75c13e74e,0165,,shuan,shuan,,,585b82e4,.wav,legacy_session,ok
raw/mandarin-tone-recordings/audio_fixed_abe/p0071/session_bff75c13e74e/0166_ye_unspecified_ye_297db638.wav,tone_labeled,p0071,session_bff75c13e74e,0166,,ye,ye,,,297db638,.wav,legacy_session,ok
raw/mandarin-tone-recordings/audio_fixed_abe/p0071/session_bff75c13e74e/0167_lang_unspecified_lang_a5823206.wav,tone_labeled,p0071,session_bff75c13e74e,0167,,lang,lang,,,a5823206,.wav,legacy_session,ok
raw/mandarin-tone-recordings/audio_fixed_abe/p0071/session_bff75c13e74e/0168_hei_unspecified_hei_999a59c1.wav,tone_labeled,p0071,session_bff75c13e74e,0168,,hei,hei,,,999a59c1,.wav,legacy_session,ok
raw/mandarin-tone-recordings/audio_fixed_abe/p0071/session_bff75c13e74e/0169_xvan_unspecified_xvan_527d17e2.wav,tone_labeled,p0071,session_bff75c13e74e,0169,,xvan,xvan,,,527d17e2,.wav,legacy_session,ok
raw/mandarin-tone-recordings/audio_fixed_abe/p0071/session_bff75c13e74e/0170_zhong_unspecified_zhong_f40565d7.wav,tone_labeled,p0071,session_bff75c13e74e,0170,,zhong,zhong,,,f40565d7,.wav,legacy_session,ok
raw/mandarin-tone-recordings/audio_fixed_abe/p0071/session_bff75c13e74e/0171_jiu_unspecified_jiu_a7e253e9.wav,tone_labeled,p0071,session_bff75c13e74e,0171,,jiu,jiu,,,a7e253e9,.wav,legacy_session,ok
raw/mandarin-tone-recordings/audio_fixed_abe/p0071/session_bff75c13e74e/0172_sa_unspecified_sa_6ca99f39.wav,tone_labeled,p0071,session_bff75c13e74e,0172,,sa,sa,,,6ca99f39,.wav,legacy_session,ok
raw/mandarin-tone-recordings/audio_fixed_abe/p0071/session_bff75c13e74e/0173_fang_unspecified_fang_3939b79a.wav,tone_labeled,p0071,session_bff75c13e74e,0173,,fang,fang,,,3939b79a,.wav,legacy_session,ok
raw/mandarin-tone-recordings/audio_fixed_abe/p0071/session_bff75c13e74e/0174_chuang_unspecified_chuang_a62ec7c2.wav,tone_labeled,p0071,session_bff75c13e74e,0174,,chuang,chuang,,,a62ec7c2,.wav,legacy_session,ok
raw/mandarin-tone-recordings/audio_fixed_abe/p0071/session_bff75c13e74e/0175_tan_unspecified_tan_228d4139.wav,tone_labeled,p0071,session_bff75c13e74e,0175,,tan,tan,,,228d4139,.wav,legacy_session,ok
raw/mandarin-tone-recordings/audio_fixed_abe/p0071/session_bff75c13e74e/0176_pen_unspecified_pen_074a5932.wav,tone_labeled,p0071,session_bff75c13e74e,0176,,pen,pen,,,074a5932,.wav,legacy_session,ok
raw/mandarin-tone-recordings/audio_fixed_abe/p0071/session_bff75c13e74e/0177_qiong_unspecified_qiong_13debf52.wav,tone_labeled,p0071,session_bff75c13e74e,0177,,qiong,qiong,,,13debf52,.wav,legacy_session,ok
raw/mandarin-tone-recordings/audio_fixed_abe/p0071/session_bff75c13e74e/0178_nin_unspecified_nin_86a61ec6.wav,tone_labeled,p0071,session_bff75c13e74e,0178,,nin,nin,,,86a61ec6,.wav,legacy_session,ok
raw/mandarin-tone-recordings/audio_fixed_abe/p0071/session_bff75c13e74e/0179_chuan_unspecified_chuan_9af1a889.wav,tone_labeled,p0071,session_bff75c13e74e,0179,,chuan,chuan,,,9af1a889,.wav,legacy_session,ok
raw/mandarin-tone-recordings/audio_fixed_abe/p0071/session_bff75c13e74e/0180_xin_unspecified_xin_63896f1c.wav,tone_labeled,p0071,session_bff75c13e74e,0180,,xin,xin,,,63896f1c,.wav,legacy_session,ok
raw/mandarin-tone-recordings/audio_fixed_abe/p0071/session_bff75c13e74e/0181_pou_unspecified_pou_6ce050be.wav,tone_labeled,p0071,session_bff75c13e74e,0181,,pou,pou,,,6ce050be,.wav,legacy_session,ok
raw/mandarin-tone-recordings/audio_fixed_abe/p0071/session_bff75c13e74e/0182_bao_unspecified_bao_3c18c4d5.wav,tone_labeled,p0071,session_bff75c13e74e,0182,,bao,bao,,,3c18c4d5,.wav,legacy_session,ok
raw/mandarin-tone-recordings/audio_fixed_abe/p0071/session_bff75c13e74e/0183_pei_unspecified_pei_77ab7ce9.wav,tone_labeled,p0071,session_bff75c13e74e,0183,,pei,pei,,,77ab7ce9,.wav,legacy_session,ok
raw/mandarin-tone-recordings/audio_fixed_abe/p0071/session_bff75c13e74e/0184_su_unspecified_su_753f683c.wav,tone_labeled,p0071,session_bff75c13e74e,0184,,su,su,,,753f683c,.wav,legacy_session,ok
raw/mandarin-tone-recordings/audio_fixed_abe/p0071/session_bff75c13e74e/0185_shao_unspecified_shao_1bbf579a.wav,tone_labeled,p0071,session_bff75c13e74e,0185,,shao,shao,,,1bbf579a,.wav,legacy_session,ok
raw/mandarin-tone-recordings/audio_fixed_abe/p0071/session_bff75c13e74e/0186_shi_unspecified_shi_5dad664a.wav,tone_labeled,p0071,session_bff75c13e74e,0186,,shi,shi,,,5dad664a,.wav,legacy_session,ok
raw/mandarin-tone-recordings/audio_fixed_abe/p0071/session_bff75c13e74e/0187_nao_unspecified_nao_385e0c27.wav,tone_labeled,p0071,session_bff75c13e74e,0187,,nao,nao,,,385e0c27,.wav,legacy_session,ok
raw/mandarin-tone-recordings/audio_fixed_abe/p0071/session_bff75c13e74e/0188_bei_unspecified_bei_477f1ac0.wav,tone_labeled,p0071,session_bff75c13e74e,0188,,bei,bei,,,477f1ac0,.wav,legacy_session,ok
raw/mandarin-tone-recordings/audio_fixed_abe/p0071/session_bff75c13e74e/0189_dan_unspecified_dan_7bd39c58.wav,tone_labeled,p0071,session_bff75c13e74e,0189,,dan,dan,,,7bd39c58,.wav,legacy_session,ok
raw/mandarin-tone-recordings/audio_fixed_abe/p0071/session_bff75c13e74e/0190_chi_unspecified_chi_d59efec6.wav,tone_labeled,p0071,session_bff75c13e74e,0190,,chi,chi,,,d59efec6,.wav,legacy_session,ok
raw/mandarin-tone-recordings/audio_fixed_abe/p0071/session_bff75c13e74e/0191_san_unspecified_san_84bfb80d.wav,tone_labeled,p0071,session_bff75c13e74e,0191,,san,san,,,84bfb80d,.wav,legacy_session,ok
raw/mandarin-tone-recordings/audio_fixed_abe/p0071/session_bff75c13e74e/0192_xuan_unspecified_xuan_4b2b103c.wav,tone_labeled,p0071,session_bff75c13e74e,0192,,xuan,xuan,,,4b2b103c,.wav,legacy_session,ok
raw/mandarin-tone-recordings/audio_fixed_abe/p0071/session_bff75c13e74e/0193_pa_unspecified_pa_e10c972c.wav,tone_labeled,p0071,session_bff75c13e74e,0193,,pa,pa,,,e10c972c,.wav,legacy_session,ok
raw/mandarin-tone-recordings/audio_fixed_abe/p0071/session_bff75c13e74e/0194_bie_unspecified_bie_c5a88903.wav,tone_labeled,p0071,session_bff75c13e74e,0194,,bie,bie,,,c5a88903,.wav,legacy_session,ok
raw/mandarin-tone-recordings/audio_fixed_abe/p0071/session_bff75c13e74e/0195_xie_unspecified_xie_939cf122.wav,tone_labeled,p0071,session_bff75c13e74e,0195,,xie,xie,,,939cf122,.wav,legacy_session,ok
raw/mandarin-tone-recordings/audio_fixed_abe/p0071/session_bff75c13e74e/0196_gu_unspecified_gu_9c0f31ba.wav,tone_labeled,p0071,session_bff75c13e74e,0196,,gu,gu,,,9c0f31ba,.wav,legacy_session,ok
raw/mandarin-tone-recordings/audio_fixed_abe/p0071/session_bff75c13e74e/0197_qvn_unspecified_qvn_c766774e.wav,tone_labeled,p0071,session_bff75c13e74e,0197,,qvn,qvn,,,c766774e,.wav,legacy_session,ok
raw/mandarin-tone-recordings/audio_fixed_abe/p0071/session_bff75c13e74e/0198_wei_unspecified_wei_4aa4d8f7.wav,tone_labeled,p0071,session_bff75c13e74e,0198,,wei,wei,,,4aa4d8f7,.wav,legacy_session,ok
raw/mandarin-tone-recordings/audio_fixed_abe/p0071/session_bff75c13e74e/0199_gan_unspecified_gan_3213ea74.wav,tone_labeled,p0071,session_bff75c13e74e,0199,,gan,gan,,,3213ea74,.wav,legacy_session,ok
raw/mandarin-tone-recordings/audio_fixed_abe/p0071/session_bff75c13e74e/0200_zhai_unspecified_zhai_ac0a4303.wav,tone_labeled,p0071,session_bff75c13e74e,0200,,zhai,zhai,,,ac0a4303,.wav,legacy_session,ok
raw/mandarin-tone-recordings/audio_fixed_abe/p0071/session_bff75c13e74e/0201_chua_unspecified_chua_99dd4595.wav,tone_labeled,p0071,session_bff75c13e74e,0201,,chua,chua,,,99dd4595,.wav,legacy_session,ok
raw/mandarin-tone-recordings/audio_fixed_abe/p0071/session_bff75c13e74e/0202_ni_unspecified_ni_9caf5229.wav,tone_labeled,p0071,session_bff75c13e74e,0202,,ni,ni,,,9caf5229,.wav,legacy_session,ok
raw/mandarin-tone-recordings/audio_fixed_abe/p0071/session_bff75c13e74e/0203_zhua_unspecified_zhua_56712d1b.wav,tone_labeled,p0071,session_bff75c13e74e,0203,,zhua,zhua,,,56712d1b,.wav,legacy_session,ok
raw/mandarin-tone-recordings/audio_fixed_abe/p0071/session_bff75c13e74e/0204_hun_unspecified_hun_85842eb3.wav,tone_labeled,p0071,session_bff75c13e74e,0204,,hun,hun,,,85842eb3,.wav,legacy_session,ok
raw/mandarin-tone-recordings/audio_fixed_abe/p0071/session_bff75c13e74e/0205_mie_unspecified_mie_11e65c35.wav,tone_labeled,p0071,session_bff75c13e74e,0205,,mie,mie,,,11e65c35,.wav,legacy_session,ok
raw/mandarin-tone-recordings/audio_fixed_abe/p0071/session_bff75c13e74e/0206_jve_unspecified_jve_6c663af6.wav,tone_labeled,p0071,session_bff75c13e74e,0206,,jve,jve,,,6c663af6,.wav,legacy_session,ok
raw/mandarin-tone-recordings/audio_fixed_abe/p0071/session_bff75c13e74e/0207_lou_unspecified_lou_1ee39933.wav,tone_labeled,p0071,session_bff75c13e74e,0207,,lou,lou,,,1ee39933,.wav,legacy_session,ok
raw/mandarin-tone-recordings/audio_fixed_abe/p0071/session_bff75c13e74e/0208_zhuang_unspecified_zhuang_c595f8ee.wav,tone_labeled,p0071,session_bff75c13e74e,0208,,zhuang,zhuang,,,c595f8ee,.wav,legacy_session,ok
raw/mandarin-tone-recordings/audio_fixed_abe/p0071/session_bff75c13e74e/0209_dong_unspecified_dong_a9d00f62.wav,tone_labeled,p0071,session_bff75c13e74e,0209,,dong,dong,,,a9d00f62,.wav,legacy_session,ok
raw/mandarin-tone-recordings/audio_fixed_abe/p0071/session_bff75c13e74e/0210_ji_unspecified_ji_f3c7e9d4.wav,tone_labeled,p0071,session_bff75c13e74e,0210,,ji,ji,,,f3c7e9d4,.wav,legacy_session,ok
raw/mandarin-tone-recordings/audio_fixed_abe/p0071/session_bff75c13e74e/0211_reng_unspecified_reng_9ccd1eec.wav,tone_labeled,p0071,session_bff75c13e74e,0211,,reng,reng,,,9ccd1eec,.wav,legacy_session,ok
raw/mandarin-tone-recordings/audio_fixed_abe/p0071/session_bff75c13e74e/0212_nong_unspecified_nong_7a8e7e09.wav,tone_labeled,p0071,session_bff75c13e74e,0212,,nong,nong,,,7a8e7e09,.wav,legacy_session,ok
raw/mandarin-tone-recordings/audio_fixed_abe/p0071/session_bff75c13e74e/0213_huo_unspecified_huo_316a4ec4.wav,tone_labeled,p0071,session_bff75c13e74e,0213,,huo,huo,,,316a4ec4,.wav,legacy_session,ok
raw/mandarin-tone-recordings/audio_fixed_abe/p0071/session_bff75c13e74e/0214_wai_unspecified_wai_4026c5dc.wav,tone_labeled,p0071,session_bff75c13e74e,0214,,wai,wai,,,4026c5dc,.wav,legacy_session,ok
raw/mandarin-tone-recordings/audio_fixed_abe/p0071/session_bff75c13e74e/0215_kong_unspecified_kong_a5a5d5f6.wav,tone_labeled,p0071,session_bff75c13e74e,0215,,kong,kong,,,a5a5d5f6,.wav,legacy_session,ok
raw/mandarin-tone-recordings/audio_fixed_abe/p0071/session_bff75c13e74e/0216_kun_unspecified_kun_f51fc32e.wav,tone_labeled,p0071,session_bff75c13e74e,0216,,kun,kun,,,f51fc32e,.wav,legacy_session,ok
raw/mandarin-tone-recordings/audio_fixed_abe/p0071/session_bff75c13e74e/0217_qv_unspecified_qv_4c69be1e.wav,tone_labeled,p0071,session_bff75c13e74e,0217,,qv,qv,,,4c69be1e,.wav,legacy_session,ok
raw/mandarin-tone-recordings/audio_fixed_abe/p0071/session_bff75c13e74e/0218_zei_unspecified_zei_80a8e668.wav,tone_labeled,p0071,session_bff75c13e74e,0218,,zei,zei,,,80a8e668,.wav,legacy_session,ok
raw/mandarin-tone-recordings/audio_fixed_abe/p0071/session_bff75c13e74e/0219_en_unspecified_en_46f5504d.wav,tone_labeled,p0071,session_bff75c13e74e,0219,,en,en,,,46f5504d,.wav,legacy_session,ok
raw/mandarin-tone-recordings/audio_fixed_abe/p0071/session_bff75c13e74e/0220_dou_unspecified_dou_889e5c21.wav,tone_labeled,p0071,session_bff75c13e74e,0220,,dou,dou,,,889e5c21,.wav,legacy_session,ok
raw/mandarin-tone-recordings/audio_fixed_abe/p0071/session_bff75c13e74e/0221_yv_unspecified_yv_d01573f4.wav,tone_labeled,p0071,session_bff75c13e74e,0221,,yv,yv,,,d01573f4,.wav,legacy_session,ok
raw/mandarin-tone-recordings/audio_fixed_abe/p0071/session_bff75c13e74e/0222_po_unspecified_po_a6ac97f9.wav,tone_labeled,p0071,session_bff75c13e74e,0222,,po,po,,,a6ac97f9,.wav,legacy_session,ok
raw/mandarin-tone-recordings/audio_fixed_abe/p0071/session_bff75c13e74e/0223_man_unspecified_man_33c9463c.wav,tone_labeled,p0071,session_bff75c13e74e,0223,,man,man,,,33c9463c,.wav,legacy_session,ok
raw/mandarin-tone-recordings/audio_fixed_abe/p0071/session_bff75c13e74e/0224_ta_unspecified_ta_0d378c30.wav,tone_labeled,p0071,session_bff75c13e74e,0224,,ta,ta,,,0d378c30,.wav,legacy_session,ok
raw/mandarin-tone-recordings/audio_fixed_abe/p0071/session_bff75c13e74e/0225_rui_unspecified_rui_0f856f21.wav,tone_labeled,p0071,session_bff75c13e74e,0225,,rui,rui,,,0f856f21,.wav,legacy_session,ok
raw/mandarin-tone-recordings/audio_fixed_abe/p0071/session_bff75c13e74e/0226_li_unspecified_li_0319a912.wav,tone_labeled,p0071,session_bff75c13e74e,0226,,li,li,,,0319a912,.wav,legacy_session,ok
raw/mandarin-tone-recordings/audio_fixed_abe/p0071/session_bff75c13e74e/0227_nuan_unspecified_nuan_503dcd15.wav,tone_labeled,p0071,session_bff75c13e74e,0227,,nuan,nuan,,,503dcd15,.wav,legacy_session,ok
raw/mandarin-tone-recordings/audio_fixed_abe/p0071/session_bff75c13e74e/0228_juan_unspecified_juan_8b139690.wav,tone_labeled,p0071,session_bff75c13e74e,0228,,juan,juan,,,8b139690,.wav,legacy_session,ok
raw/mandarin-tone-recordings/audio_fixed_abe/p0071/session_bff75c13e74e/0229_qiang_unspecified_qiang_cdd85f85.wav,tone_labeled,p0071,session_bff75c13e74e,0229,,qiang,qiang,,,cdd85f85,.wav,legacy_session,ok
raw/mandarin-tone-recordings/audio_fixed_abe/p0071/session_bff75c13e74e/0230_xve_unspecified_xve_0e6cf0a9.wav,tone_labeled,p0071,session_bff75c13e74e,0230,,xve,xve,,,0e6cf0a9,.wav,legacy_session,ok
raw/mandarin-tone-recordings/audio_fixed_abe/p0071/session_bff75c13e74e/0231_cei_unspecified_cei_8aa91ad5.wav,tone_labeled,p0071,session_bff75c13e74e,0231,,cei,cei,,,8aa91ad5,.wav,legacy_session,ok
raw/mandarin-tone-recordings/audio_fixed_abe/p0071/session_bff75c13e74e/0232_ku_unspecified_ku_80abb541.wav,tone_labeled,p0071,session_bff75c13e74e,0232,,ku,ku,,,80abb541,.wav,legacy_session,ok
raw/mandarin-tone-recordings/audio_fixed_abe/p0071/session_bff75c13e74e/0233_zhuo_unspecified_zhuo_3ecaf6e2.wav,tone_labeled,p0071,session_bff75c13e74e,0233,,zhuo,zhuo,,,3ecaf6e2,.wav,legacy_session,ok
raw/mandarin-tone-recordings/audio_fixed_abe/p0071/session_bff75c13e74e/0234_wang_unspecified_wang_4576ded8.wav,tone_labeled,p0071,session_bff75c13e74e,0234,,wang,wang,,,4576ded8,.wav,legacy_session,ok
raw/mandarin-tone-recordings/audio_fixed_abe/p0071/session_bff75c13e74e/0235_ken_unspecified_ken_d2356606.wav,tone_labeled,p0071,session_bff75c13e74e,0235,,ken,ken,,,d2356606,.wav,legacy_session,ok
raw/mandarin-tone-recordings/audio_fixed_abe/p0071/session_bff75c13e74e/0236_bin_unspecified_bin_7d6f9db3.wav,tone_labeled,p0071,session_bff75c13e74e,0236,,bin,bin,,,7d6f9db3,.wav,legacy_session,ok
raw/mandarin-tone-recordings/audio_fixed_abe/p0071/session_bff75c13e74e/0237_zhen_unspecified_zhen_cef1ee90.wav,tone_labeled,p0071,session_bff75c13e74e,0237,,zhen,zhen,,,cef1ee90,.wav,legacy_session,ok
raw/mandarin-tone-recordings/audio_fixed_abe/p0071/session_bff75c13e74e/0238_ka_unspecified_ka_ac48bc5a.wav,tone_labeled,p0071,session_bff75c13e74e,0238,,ka,ka,,,ac48bc5a,.wav,legacy_session,ok
raw/mandarin-tone-recordings/audio_fixed_abe/p0071/session_bff75c13e74e/0239_jiao_unspecified_jiao_75763b06.wav,tone_labeled,p0071,session_bff75c13e74e,0239,,jiao,jiao,,,75763b06,.wav,legacy_session,ok
raw/mandarin-tone-recordings/audio_fixed_abe/p0071/session_bff75c13e74e/0240_ce_unspecified_ce_57a48af6.wav,tone_labeled,p0071,session_bff75c13e74e,0240,,ce,ce,,,57a48af6,.wav,legacy_session,ok
raw/mandarin-tone-recordings/audio_fixed_abe/p0071/session_bff75c13e74e/0241_yi_unspecified_yi_d3eb0b88.wav,tone_labeled,p0071,session_bff75c13e74e,0241,,yi,yi,,,d3eb0b88,.wav,legacy_session,ok
raw/mandarin-tone-recordings/audio_fixed_abe/p0071/session_bff75c13e74e/0242_pan_unspecified_pan_0bf80f6a.wav,tone_labeled,p0071,session_bff75c13e74e,0242,,pan,pan,,,0bf80f6a,.wav,legacy_session,ok
raw/mandarin-tone-recordings/audio_fixed_abe/p0071/session_bff75c13e74e/0243_kuo_unspecified_kuo_b0a3b866.wav,tone_labeled,p0071,session_bff75c13e74e,0243,,kuo,kuo,,,b0a3b866,.wav,legacy_session,ok
raw/mandarin-tone-recordings/audio_fixed_abe/p0071/session_bff75c13e74e/0244_seng_unspecified_seng_141502fc.wav,tone_labeled,p0071,session_bff75c13e74e,0244,,seng,seng,,,141502fc,.wav,legacy_session,ok
raw/mandarin-tone-recordings/audio_fixed_abe/p0071/session_bff75c13e74e/0245_pi_unspecified_pi_4b2ac75b.wav,tone_labeled,p0071,session_bff75c13e74e,0245,,pi,pi,,,4b2ac75b,.wav,legacy_session,ok
raw/mandarin-tone-recordings/audio_fixed_abe/p0071/session_bff75c13e74e/0246_hui_unspecified_hui_a0d08824.wav,tone_labeled,p0071,session_bff75c13e74e,0246,,hui,hui,,,a0d08824,.wav,legacy_session,ok
raw/mandarin-tone-recordings/audio_fixed_abe/p0071/session_bff75c13e74e/0247_rong_unspecified_rong_428c1718.wav,tone_labeled,p0071,session_bff75c13e74e,0247,,rong,rong,,,428c1718,.wav,legacy_session,ok
raw/mandarin-tone-recordings/audio_fixed_abe/p0071/session_bff75c13e74e/0248_fiao_unspecified_fiao_75dd3cf6.wav,tone_labeled,p0071,session_bff75c13e74e,0248,,fiao,fiao,,,75dd3cf6,.wav,legacy_session,ok
raw/mandarin-tone-recordings/audio_fixed_abe/p0071/session_bff75c13e74e/0249_zi_unspecified_zi_e9c6f8b9.wav,tone_labeled,p0071,session_bff75c13e74e,0249,,zi,zi,,,e9c6f8b9,.wav,legacy_session,ok
raw/mandarin-tone-recordings/audio_fixed_abe/p0071/session_bff75c13e74e/0250_mei_unspecified_mei_252b8e7b.wav,tone_labeled,p0071,session_bff75c13e74e,0250,,mei,mei,,,252b8e7b,.wav,legacy_session,ok
raw/mandarin-tone-recordings/audio_fixed_abe/p0071/session_bff75c13e74e/0251_zhou_unspecified_zhou_f25ceff6.wav,tone_labeled,p0071,session_bff75c13e74e,0251,,zhou,zhou,,,f25ceff6,.wav,legacy_session,ok
raw/mandarin-tone-recordings/audio_fixed_abe/p0071/session_bff75c13e74e/0252_jvan_unspecified_jvan_308595db.wav,tone_labeled,p0071,session_bff75c13e74e,0252,,jvan,jvan,,,308595db,.wav,legacy_session,ok
raw/mandarin-tone-recordings/audio_fixed_abe/p0071/session_bff75c13e74e/0253_zun_unspecified_zun_2853121f.wav,tone_labeled,p0071,session_bff75c13e74e,0253,,zun,zun,,,2853121f,.wav,legacy_session,ok
raw/mandarin-tone-recordings/audio_fixed_abe/p0071/session_bff75c13e74e/0254_zhuan_unspecified_zhuan_b26b40cc.wav,tone_labeled,p0071,session_bff75c13e74e,0254,,zhuan,zhuan,,,b26b40cc,.wav,legacy_session,ok
raw/mandarin-tone-recordings/audio_fixed_abe/p0071/session_bff75c13e74e/0255_you_unspecified_you_0e0e13b4.wav,tone_labeled,p0071,session_bff75c13e74e,0255,,you,you,,,0e0e13b4,.wav,legacy_session,ok
raw/mandarin-tone-recordings/audio_fixed_abe/p0071/session_bff75c13e74e/0256_shan_unspecified_shan_fcbd037a.wav,tone_labeled,p0071,session_bff75c13e74e,0256,,shan,shan,,,fcbd037a,.wav,legacy_session,ok
raw/mandarin-tone-recordings/audio_fixed_abe/p0071/session_bff75c13e74e/0257_tong_unspecified_tong_3e5ffbf5.wav,tone_labeled,p0071,session_bff75c13e74e,0257,,tong,tong,,,3e5ffbf5,.wav,legacy_session,ok
raw/mandarin-tone-recordings/audio_fixed_abe/p0071/session_bff75c13e74e/0258_shuang_unspecified_shuang_602add63.wav,tone_labeled,p0071,session_bff75c13e74e,0258,,shuang,shuang,,,602add63,.wav,legacy_session,ok
raw/mandarin-tone-recordings/audio_fixed_abe/p0071/session_bff75c13e74e/0259_lia_unspecified_lia_cf4bf474.wav,tone_labeled,p0071,session_bff75c13e74e,0259,,lia,lia,,,cf4bf474,.wav,legacy_session,ok
raw/mandarin-tone-recordings/audio_fixed_abe/p0071/session_bff75c13e74e/0260_dian_unspecified_dian_938d2081.wav,tone_labeled,p0071,session_bff75c13e74e,0260,,dian,dian,,,938d2081,.wav,legacy_session,ok
raw/mandarin-tone-recordings/audio_fixed_abe/p0071/session_bff75c13e74e/0261_pao_unspecified_pao_32dfcd2b.wav,tone_labeled,p0071,session_bff75c13e74e,0261,,pao,pao,,,32dfcd2b,.wav,legacy_session,ok
raw/mandarin-tone-recordings/audio_fixed_abe/p0071/session_bff75c13e74e/0262_cong_unspecified_cong_1d895a9d.wav,tone_labeled,p0071,session_bff75c13e74e,0262,,cong,cong,,,1d895a9d,.wav,legacy_session,ok
raw/mandarin-tone-recordings/audio_fixed_abe/p0071/session_bff75c13e74e/0263_nu_unspecified_nu_3023acf9.wav,tone_labeled,p0071,session_bff75c13e74e,0263,,nu,nu,,,3023acf9,.wav,legacy_session,ok
raw/mandarin-tone-recordings/audio_fixed_abe/p0071/session_bff75c13e74e/0264_kui_unspecified_kui_da3c0414.wav,tone_labeled,p0071,session_bff75c13e74e,0264,,kui,kui,,,da3c0414,.wav,legacy_session,ok
raw/mandarin-tone-recordings/audio_fixed_abe/p0071/session_bff75c13e74e/0265_suan_unspecified_suan_e129be64.wav,tone_labeled,p0071,session_bff75c13e74e,0265,,suan,suan,,,e129be64,.wav,legacy_session,ok
raw/mandarin-tone-recordings/audio_fixed_abe/p0071/session_bff75c13e74e/0266_deng_unspecified_deng_c162094d.wav,tone_labeled,p0071,session_bff75c13e74e,0266,,deng,deng,,,c162094d,.wav,legacy_session,ok
raw/mandarin-tone-recordings/audio_fixed_abe/p0071/session_bff75c13e74e/0267_sou_unspecified_sou_a8fc1267.wav,tone_labeled,p0071,session_bff75c13e74e,0267,,sou,sou,,,a8fc1267,.wav,legacy_session,ok
raw/mandarin-tone-recordings/audio_fixed_abe/p0071/session_bff75c13e74e/0268_ding_unspecified_ding_d4c3e99f.wav,tone_labeled,p0071,session_bff75c13e74e,0268,,ding,ding,,,d4c3e99f,.wav,legacy_session,ok
raw/mandarin-tone-recordings/audio_fixed_abe/p0071/session_bff75c13e74e/0269_han_unspecified_han_f66c75fe.wav,tone_labeled,p0071,session_bff75c13e74e,0269,,han,han,,,f66c75fe,.wav,legacy_session,ok
raw/mandarin-tone-recordings/audio_fixed_abe/p0071/session_bff75c13e74e/0270_rua_unspecified_rua_7eb9ce8e.wav,tone_labeled,p0071,session_bff75c13e74e,0270,,rua,rua,,,7eb9ce8e,.wav,legacy_session,ok
raw/mandarin-tone-recordings/audio_fixed_abe/p0071/session_bff75c13e74e/0271_kua_unspecified_kua_e911935f.wav,tone_labeled,p0071,session_bff75c13e74e,0271,,kua,kua,,,e911935f,.wav,legacy_session,ok
raw/mandarin-tone-recordings/audio_fixed_abe/p0071/session_bff75c13e74e/0272_cheng_unspecified_cheng_1acf28dc.wav,tone_labeled,p0071,session_bff75c13e74e,0272,,cheng,cheng,,,1acf28dc,.wav,legacy_session,ok
raw/mandarin-tone-recordings/audio_fixed_abe/p0071/session_bff75c13e74e/0273_chan_unspecified_chan_520128ba.wav,tone_labeled,p0071,session_bff75c13e74e,0273,,chan,chan,,,520128ba,.wav,legacy_session,ok
raw/mandarin-tone-recordings/audio_fixed_abe/p0071/session_bff75c13e74e/0274_mu_unspecified_mu_8559cb9f.wav,tone_labeled,p0071,session_bff75c13e74e,0274,,mu,mu,,,8559cb9f,.wav,legacy_session,ok
raw/mandarin-tone-recordings/audio_fixed_abe/p0071/session_bff75c13e74e/0275_teng_unspecified_teng_96502e4d.wav,tone_labeled,p0071,session_bff75c13e74e,0275,,teng,teng,,,96502e4d,.wav,legacy_session,ok
raw/mandarin-tone-recordings/audio_fixed_abe/p0071/session_bff75c13e74e/0276_zhan_unspecified_zhan_54612397.wav,tone_labeled,p0071,session_bff75c13e74e,0276,,zhan,zhan,,,54612397,.wav,legacy_session,ok
raw/mandarin-tone-recordings/audio_fixed_abe/p0071/session_bff75c13e74e/0277_yo_unspecified_yo_3f4a3da0.wav,tone_labeled,p0071,session_bff75c13e74e,0277,,yo,yo,,,3f4a3da0,.wav,legacy_session,ok
raw/mandarin-tone-recordings/audio_fixed_abe/p0071/session_bff75c13e74e/0278_zha_unspecified_zha_08ad42d0.wav,tone_labeled,p0071,session_bff75c13e74e,0278,,zha,zha,,,08ad42d0,.wav,legacy_session,ok
raw/mandarin-tone-recordings/audio_fixed_abe/p0071/session_bff75c13e74e/0279_hua_unspecified_hua_440e9220.wav,tone_labeled,p0071,session_bff75c13e74e,0279,,hua,hua,,,440e9220,.wav,legacy_session,ok
raw/mandarin-tone-recordings/audio_fixed_abe/p0071/session_bff75c13e74e/0280_meng_unspecified_meng_7b166a23.wav,tone_labeled,p0071,session_bff75c13e74e,0280,,meng,meng,,,7b166a23,.wav,legacy_session,ok
raw/mandarin-tone-recordings/audio_fixed_abe/p0071/session_bff75c13e74e/0281_niu_unspecified_niu_2508c58a.wav,tone_labeled,p0071,session_bff75c13e74e,0281,,niu,niu,,,2508c58a,.wav,legacy_session,ok
raw/mandarin-tone-recordings/audio_fixed_abe/p0071/session_bff75c13e74e/0282_ruan_unspecified_ruan_8aa9149d.wav,tone_labeled,p0071,session_bff75c13e74e,0282,,ruan,ruan,,,8aa9149d,.wav,legacy_session,ok
raw/mandarin-tone-recordings/audio_fixed_abe/p0071/session_bff75c13e74e/0283_gao_unspecified_gao_ce66b5c8.wav,tone_labeled,p0071,session_bff75c13e74e,0283,,gao,gao,,,ce66b5c8,.wav,legacy_session,ok
raw/mandarin-tone-recordings/audio_fixed_abe/p0071/session_bff75c13e74e/0284_niao_unspecified_niao_0a1d591b.wav,tone_labeled,p0071,session_bff75c13e74e,0284,,niao,niao,,,0a1d591b,.wav,legacy_session,ok
raw/mandarin-tone-recordings/audio_fixed_abe/p0071/session_bff75c13e74e/0285_chong_unspecified_chong_373b099c.wav,tone_labeled,p0071,session_bff75c13e74e,0285,,chong,chong,,,373b099c,.wav,legacy_session,ok
raw/mandarin-tone-recordings/audio_fixed_abe/p0071/session_bff75c13e74e/0286_tou_unspecified_tou_afcc7a7e.wav,tone_labeled,p0071,session_bff75c13e74e,0286,,tou,tou,,,afcc7a7e,.wav,legacy_session,ok
raw/mandarin-tone-recordings/audio_fixed_abe/p0071/session_bff75c13e74e/0287_fan_unspecified_fan_3d86836f.wav,tone_labeled,p0071,session_bff75c13e74e,0287,,fan,fan,,,3d86836f,.wav,legacy_session,ok
raw/mandarin-tone-recordings/audio_fixed_abe/p0071/session_bff75c13e74e/0288_zhao_unspecified_zhao_2488266f.wav,tone_labeled,p0071,session_bff75c13e74e,0288,,zhao,zhao,,,2488266f,.wav,legacy_session,ok
raw/mandarin-tone-recordings/audio_fixed_abe/p0071/session_bff75c13e74e/0289_leng_unspecified_leng_54edebc9.wav,tone_labeled,p0071,session_bff75c13e74e,0289,,leng,leng,,,54edebc9,.wav,legacy_session,ok
raw/mandarin-tone-recordings/audio_fixed_abe/p0071/session_bff75c13e74e/0290_xi_unspecified_xi_2bd3a9ba.wav,tone_labeled,p0071,session_bff75c13e74e,0290,,xi,xi,,,2bd3a9ba,.wav,legacy_session,ok
raw/mandarin-tone-recordings/audio_fixed_abe/p0071/session_bff75c13e74e/0291_a_unspecified_a_e540cded.wav,tone_labeled,p0071,session_bff75c13e74e,0291,,a,a,,,e540cded,.wav,legacy_session,ok
raw/mandarin-tone-recordings/audio_fixed_abe/p0071/session_bff75c13e74e/0292_zao_unspecified_zao_6a3f1cbe.wav,tone_labeled,p0071,session_bff75c13e74e,0292,,zao,zao,,,6a3f1cbe,.wav,legacy_session,ok
raw/mandarin-tone-recordings/audio_fixed_abe/p0071/session_bff75c13e74e/0293_miu_unspecified_miu_a063a7a8.wav,tone_labeled,p0071,session_bff75c13e74e,0293,,miu,miu,,,a063a7a8,.wav,legacy_session,ok
raw/mandarin-tone-recordings/audio_fixed_abe/p0071/session_bff75c13e74e/0294_guo_unspecified_guo_21ef0c58.wav,tone_labeled,p0071,session_bff75c13e74e,0294,,guo,guo,,,21ef0c58,.wav,legacy_session,ok
raw/mandarin-tone-recordings/audio_fixed_abe/p0071/session_bff75c13e74e/0295_ne_unspecified_ne_d2224b31.wav,tone_labeled,p0071,session_bff75c13e74e,0295,,ne,ne,,,d2224b31,.wav,legacy_session,ok
raw/mandarin-tone-recordings/audio_fixed_abe/p0071/session_bff75c13e74e/0296_ban_unspecified_ban_fe46aa7b.wav,tone_labeled,p0071,session_bff75c13e74e,0296,,ban,ban,,,fe46aa7b,.wav,legacy_session,ok
raw/mandarin-tone-recordings/audio_fixed_abe/p0071/session_bff75c13e74e/0297_wa_unspecified_wa_c64240fa.wav,tone_labeled,p0071,session_bff75c13e74e,0297,,wa,wa,,,c64240fa,.wav,legacy_session,ok
raw/mandarin-tone-recordings/audio_fixed_abe/p0071/session_bff75c13e74e/0298_gong_unspecified_gong_8edb6b70.wav,tone_labeled,p0071,session_bff75c13e74e,0298,,gong,gong,,,8edb6b70,.wav,legacy_session,ok
raw/mandarin-tone-recordings/audio_fixed_abe/p0071/session_bff75c13e74e/0299_zeng_unspecified_zeng_34e75319.wav,tone_labeled,p0071,session_bff75c13e74e,0299,,zeng,zeng,,,34e75319,.wav,legacy_session,ok
raw/mandarin-tone-recordings/audio_fixed_abe/p0071/session_bff75c13e74e/0300_pai_unspecified_pai_a64b230c.wav,tone_labeled,p0071,session_bff75c13e74e,0300,,pai,pai,,,a64b230c,.wav,legacy_session,ok
raw/mandarin-tone-recordings/audio_fixed_abe/p0071/session_bff75c13e74e/0301_jing_unspecified_jing_a33d3a20.wav,tone_labeled,p0071,session_bff75c13e74e,0301,,jing,jing,,,a33d3a20,.wav,legacy_session,ok
raw/mandarin-tone-recordings/audio_fixed_abe/p0071/session_bff75c13e74e/0302_jia_unspecified_jia_28cbadae.wav,tone_labeled,p0071,session_bff75c13e74e,0302,,jia,jia,,,28cbadae,.wav,legacy_session,ok
raw/mandarin-tone-recordings/audio_fixed_abe/p0071/session_bff75c13e74e/0303_xiao_unspecified_xiao_2286518b.wav,tone_labeled,p0071,session_bff75c13e74e,0303,,xiao,xiao,,,2286518b,.wav,legacy_session,ok
raw/mandarin-tone-recordings/audio_fixed_abe/p0071/session_bff75c13e74e/0304_fa_unspecified_fa_fd0ac671.wav,tone_labeled,p0071,session_bff75c13e74e,0304,,fa,fa,,,fd0ac671,.wav,legacy_session,ok
raw/mandarin-tone-recordings/audio_fixed_abe/p0071/session_bff75c13e74e/0305_shui_unspecified_shui_b77c0aab.wav,tone_labeled,p0071,session_bff75c13e74e,0305,,shui,shui,,,b77c0aab,.wav,legacy_session,ok
raw/mandarin-tone-recordings/audio_fixed_abe/p0071/session_bff75c13e74e/0306_shun_unspecified_shun_6594b477.wav,tone_labeled,p0071,session_bff75c13e74e,0306,,shun,shun,,,6594b477,.wav,legacy_session,ok
raw/mandarin-tone-recordings/audio_fixed_abe/p0071/session_bff75c13e74e/0307_huang_unspecified_huang_1d81e4fb.wav,tone_labeled,p0071,session_bff75c13e74e,0307,,huang,huang,,,1d81e4fb,.wav,legacy_session,ok
raw/mandarin-tone-recordings/audio_fixed_abe/p0071/session_bff75c13e74e/0308_wan_unspecified_wan_800f9717.wav,tone_labeled,p0071,session_bff75c13e74e,0308,,wan,wan,,,800f9717,.wav,legacy_session,ok
raw/mandarin-tone-recordings/audio_fixed_abe/p0071/session_bff75c13e74e/0309_zhu_unspecified_zhu_9df17086.wav,tone_labeled,p0071,session_bff75c13e74e,0309,,zhu,zhu,,,9df17086,.wav,legacy_session,ok
raw/mandarin-tone-recordings/audio_fixed_abe/p0071/session_bff75c13e74e/0310_tu_unspecified_tu_b5480be0.wav,tone_labeled,p0071,session_bff75c13e74e,0310,,tu,tu,,,b5480be0,.wav,legacy_session,ok
raw/mandarin-tone-recordings/audio_fixed_abe/p0071/session_bff75c13e74e/0311_ruo_unspecified_ruo_837989d8.wav,tone_labeled,p0071,session_bff75c13e74e,0311,,ruo,ruo,,,837989d8,.wav,legacy_session,ok
raw/mandarin-tone-recordings/audio_fixed_abe/p0071/session_bff75c13e74e/0312_zheng_unspecified_zheng_21e36f9a.wav,tone_labeled,p0071,session_bff75c13e74e,0312,,zheng,zheng,,,21e36f9a,.wav,legacy_session,ok
raw/mandarin-tone-recordings/audio_fixed_abe/p0071/session_bff75c13e74e/0313_shang_unspecified_shang_9f2b5953.wav,tone_labeled,p0071,session_bff75c13e74e,0313,,shang,shang,,,9f2b5953,.wav,legacy_session,ok
raw/mandarin-tone-recordings/audio_fixed_abe/p0071/session_bff75c13e74e/0314_ceng_unspecified_ceng_413a8d5a.wav,tone_labeled,p0071,session_bff75c13e74e,0314,,ceng,ceng,,,413a8d5a,.wav,legacy_session,ok
raw/mandarin-tone-recordings/audio_fixed_abe/p0071/session_bff75c13e74e/0315_ma_unspecified_ma_13f7dbd4.wav,tone_labeled,p0071,session_bff75c13e74e,0315,,ma,ma,,,13f7dbd4,.wav,legacy_session,ok
raw/mandarin-tone-recordings/audio_fixed_abe/p0071/session_bff75c13e74e/0316_ming_unspecified_ming_a61af21b.wav,tone_labeled,p0071,session_bff75c13e74e,0316,,ming,ming,,,a61af21b,.wav,legacy_session,ok
raw/mandarin-tone-recordings/audio_fixed_abe/p0071/session_bff75c13e74e/0317_keng_unspecified_keng_04c7c4b0.wav,tone_labeled,p0071,session_bff75c13e74e,0317,,keng,keng,,,04c7c4b0,.wav,legacy_session,ok
raw/mandarin-tone-recordings/audio_fixed_abe/p0071/session_bff75c13e74e/0318_ling_unspecified_ling_b1b10e8a.wav,tone_labeled,p0071,session_bff75c13e74e,0318,,ling,ling,,,b1b10e8a,.wav,legacy_session,ok
raw/mandarin-tone-recordings/audio_fixed_abe/p0071/session_bff75c13e74e/0319_zuan_unspecified_zuan_71477768.wav,tone_labeled,p0071,session_bff75c13e74e,0319,,zuan,zuan,,,71477768,.wav,legacy_session,ok
raw/mandarin-tone-recordings/audio_fixed_abe/p0071/session_bff75c13e74e/0320_liao_unspecified_liao_97d24386.wav,tone_labeled,p0071,session_bff75c13e74e,0320,,liao,liao,,,97d24386,.wav,legacy_session,ok
raw/mandarin-tone-recordings/audio_fixed_abe/p0071/session_bff75c13e74e/0321_chai_unspecified_chai_e73c353c.wav,tone_labeled,p0071,session_bff75c13e74e,0321,,chai,chai,,,e73c353c,.wav,legacy_session,ok
raw/mandarin-tone-recordings/audio_fixed_abe/p0071/session_bff75c13e74e/0322_mo_unspecified_mo_ba6a438f.wav,tone_labeled,p0071,session_bff75c13e74e,0322,,mo,mo,,,ba6a438f,.wav,legacy_session,ok
raw/mandarin-tone-recordings/audio_fixed_abe/p0071/session_bff75c13e74e/0323_nou_unspecified_nou_c126a162.wav,tone_labeled,p0071,session_bff75c13e74e,0323,,nou,nou,,,c126a162,.wav,legacy_session,ok
raw/mandarin-tone-recordings/audio_fixed_abe/p0071/session_bff75c13e74e/0324_long_unspecified_long_d92d2b0d.wav,tone_labeled,p0071,session_bff75c13e74e,0324,,long,long,,,d92d2b0d,.wav,legacy_session,ok
raw/mandarin-tone-recordings/audio_fixed_abe/p0071/session_bff75c13e74e/0325_yve_unspecified_yve_753ceaec.wav,tone_labeled,p0071,session_bff75c13e74e,0325,,yve,yve,,,753ceaec,.wav,legacy_session,ok
raw/mandarin-tone-recordings/audio_fixed_abe/p0071/session_bff75c13e74e/0326_zhang_unspecified_zhang_98c1bb60.wav,tone_labeled,p0071,session_bff75c13e74e,0326,,zhang,zhang,,,98c1bb60,.wav,legacy_session,ok
raw/mandarin-tone-recordings/audio_fixed_abe/p0071/session_bff75c13e74e/0327_fo_unspecified_fo_42e18715.wav,tone_labeled,p0071,session_bff75c13e74e,0327,,fo,fo,,,42e18715,.wav,legacy_session,ok
raw/mandarin-tone-recordings/audio_fixed_abe/p0071/session_bff75c13e74e/0328_zai_unspecified_zai_aec128f0.wav,tone_labeled,p0071,session_bff75c13e74e,0328,,zai,zai,,,aec128f0,.wav,legacy_session,ok
raw/mandarin-tone-recordings/audio_fixed_abe/p0071/session_bff75c13e74e/0329_bu_unspecified_bu_06fc8f32.wav,tone_labeled,p0071,session_bff75c13e74e,0329,,bu,bu,,,06fc8f32,.wav,legacy_session,ok
raw/mandarin-tone-recordings/audio_fixed_abe/p0071/session_bff75c13e74e/0330_an_unspecified_an_51c3873b.wav,tone_labeled,p0071,session_bff75c13e74e,0330,,an,an,,,51c3873b,.wav,legacy_session,ok
raw/mandarin-tone-recordings/audio_fixed_abe/p0071/session_bff75c13e74e/0331_yin_unspecified_yin_e37f1564.wav,tone_labeled,p0071,session_bff75c13e74e,0331,,yin,yin,,,e37f1564,.wav,legacy_session,ok
raw/mandarin-tone-recordings/audio_fixed_abe/p0071/session_bff75c13e74e/0332_run_unspecified_run_291f02f1.wav,tone_labeled,p0071,session_bff75c13e74e,0332,,run,run,,,291f02f1,.wav,legacy_session,ok
raw/mandarin-tone-recordings/audio_fixed_abe/p0071/session_bff75c13e74e/0333_de_unspecified_de_7d7b4272.wav,tone_labeled,p0071,session_bff75c13e74e,0333,,de,de,,,7d7b4272,.wav,legacy_session,ok
raw/mandarin-tone-recordings/audio_fixed_abe/p0071/session_bff75c13e74e/0334_zang_unspecified_zang_5545a25c.wav,tone_labeled,p0071,session_bff75c13e74e,0334,,zang,zang,,,5545a25c,.wav,legacy_session,ok
raw/mandarin-tone-recordings/audio_fixed_abe/p0071/session_bff75c13e74e/0335_ti_unspecified_ti_27cf7523.wav,tone_labeled,p0071,session_bff75c13e74e,0335,,ti,ti,,,27cf7523,.wav,legacy_session,ok
raw/mandarin-tone-recordings/audio_fixed_abe/p0071/session_bff75c13e74e/0336_rou_unspecified_rou_d462c8f2.wav,tone_labeled,p0071,session_bff75c13e74e,0336,,rou,rou,,,d462c8f2,.wav,legacy_session,ok
raw/mandarin-tone-recordings/audio_fixed_abe/p0071/session_bff75c13e74e/0337_lun_unspecified_lun_56cbe78a.wav,tone_labeled,p0071,session_bff75c13e74e,0337,,lun,lun,,,56cbe78a,.wav,legacy_session,ok
raw/mandarin-tone-recordings/audio_fixed_abe/p0071/session_bff75c13e74e/0338_pin_unspecified_pin_627bc9fa.wav,tone_labeled,p0071,session_bff75c13e74e,0338,,pin,pin,,,627bc9fa,.wav,legacy_session,ok
raw/mandarin-tone-recordings/audio_fixed_abe/p0071/session_bff75c13e74e/0339_liu_unspecified_liu_f9b17723.wav,tone_labeled,p0071,session_bff75c13e74e,0339,,liu,liu,,,f9b17723,.wav,legacy_session,ok
raw/mandarin-tone-recordings/audio_fixed_abe/p0071/session_bff75c13e74e/0340_mian_unspecified_mian_c7744d2c.wav,tone_labeled,p0071,session_bff75c13e74e,0340,,mian,mian,,,c7744d2c,.wav,legacy_session,ok
raw/mandarin-tone-recordings/audio_fixed_abe/p0071/session_bff75c13e74e/0341_ang_unspecified_ang_6593e17c.wav,tone_labeled,p0071,session_bff75c13e74e,0341,,ang,ang,,,6593e17c,.wav,legacy_session,ok
raw/mandarin-tone-recordings/audio_fixed_abe/p0071/session_bff75c13e74e/0342_yvan_unspecified_yvan_b4185331.wav,tone_labeled,p0071,session_bff75c13e74e,0342,,yvan,yvan,,,b4185331,.wav,legacy_session,ok
raw/mandarin-tone-recordings/audio_fixed_abe/p0071/session_bff75c13e74e/0343_xv_unspecified_xv_d65bce05.wav,tone_labeled,p0071,session_bff75c13e74e,0343,,xv,xv,,,d65bce05,.wav,legacy_session,ok
raw/mandarin-tone-recordings/audio_fixed_abe/p0071/session_bff75c13e74e/0344_jian_unspecified_jian_7c824430.wav,tone_labeled,p0071,session_bff75c13e74e,0344,,jian,jian,,,7c824430,.wav,legacy_session,ok
raw/mandarin-tone-recordings/audio_fixed_abe/p0071/session_bff75c13e74e/0345_zui_unspecified_zui_74a3ce8b.wav,tone_labeled,p0071,session_bff75c13e74e,0345,,zui,zui,,,74a3ce8b,.wav,legacy_session,ok
raw/mandarin-tone-recordings/audio_fixed_abe/p0071/session_bff75c13e74e/0346_min_unspecified_min_8b91c527.wav,tone_labeled,p0071,session_bff75c13e74e,0346,,min,min,,,8b91c527,.wav,legacy_session,ok
raw/mandarin-tone-recordings/audio_fixed_abe/p0071/session_bff75c13e74e/0347_duo_unspecified_duo_11a5bab1.wav,tone_labeled,p0071,session_bff75c13e74e,0347,,duo,duo,,,11a5bab1,.wav,legacy_session,ok
raw/mandarin-tone-recordings/audio_fixed_abe/p0071/session_bff75c13e74e/0348_tie_unspecified_tie_1f01033b.wav,tone_labeled,p0071,session_bff75c13e74e,0348,,tie,tie,,,1f01033b,.wav,legacy_session,ok
raw/mandarin-tone-recordings/audio_fixed_abe/p0071/session_bff75c13e74e/0349_bi_unspecified_bi_d8554a9f.wav,tone_labeled,p0071,session_bff75c13e74e,0349,,bi,bi,,,d8554a9f,.wav,legacy_session,ok
raw/mandarin-tone-recordings/audio_fixed_abe/p0071/session_bff75c13e74e/0350_kan_unspecified_kan_208e862f.wav,tone_labeled,p0071,session_bff75c13e74e,0350,,kan,kan,,,208e862f,.wav,legacy_session,ok
raw/mandarin-tone-recordings/audio_fixed_abe/p0071/session_bff75c13e74e/0351_lv_unspecified_lv_e0b7c192.wav,tone_labeled,p0071,session_bff75c13e74e,0351,,lv,lv,,,e0b7c192,.wav,legacy_session,ok
raw/mandarin-tone-recordings/audio_fixed_abe/p0071/session_bff75c13e74e/0352_shua_unspecified_shua_0d603771.wav,tone_labeled,p0071,session_bff75c13e74e,0352,,shua,shua,,,0d603771,.wav,legacy_session,ok
raw/mandarin-tone-recordings/audio_fixed_abe/p0071/session_bff75c13e74e/0353_le_unspecified_le_6622efcf.wav,tone_labeled,p0071,session_bff75c13e74e,0353,,le,le,,,6622efcf,.wav,legacy_session,ok
raw/mandarin-tone-recordings/audio_fixed_abe/p0071/session_bff75c13e74e/0354_e_unspecified_e_bb3cefca.wav,tone_labeled,p0071,session_bff75c13e74e,0354,,e,e,,,bb3cefca,.wav,legacy_session,ok
raw/mandarin-tone-recordings/audio_fixed_abe/p0071/session_bff75c13e74e/0355_ai_unspecified_ai_17b8516e.wav,tone_labeled,p0071,session_bff75c13e74e,0355,,ai,ai,,,17b8516e,.wav,legacy_session,ok
raw/mandarin-tone-recordings/audio_fixed_abe/p0071/session_bff75c13e74e/0356_ning_unspecified_ning_97048bfd.wav,tone_labeled,p0071,session_bff75c13e74e,0356,,ning,ning,,,97048bfd,.wav,legacy_session,ok
raw/mandarin-tone-recordings/audio_fixed_abe/p0071/session_bff75c13e74e/0357_neng_unspecified_neng_adc9642f.wav,tone_labeled,p0071,session_bff75c13e74e,0357,,neng,neng,,,adc9642f,.wav,legacy_session,ok
raw/mandarin-tone-recordings/audio_fixed_abe/p0071/session_bff75c13e74e/0358_ga_unspecified_ga_55d7f7fb.wav,tone_labeled,p0071,session_bff75c13e74e,0358,,ga,ga,,,55d7f7fb,.wav,legacy_session,ok
raw/mandarin-tone-recordings/audio_fixed_abe/p0071/session_bff75c13e74e/0359_nei_unspecified_nei_8bdef882.wav,tone_labeled,p0071,session_bff75c13e74e,0359,,nei,nei,,,8bdef882,.wav,legacy_session,ok
raw/mandarin-tone-recordings/audio_fixed_abe/p0071/session_bff75c13e74e/0360_tui_unspecified_tui_8f9beefe.wav,tone_labeled,p0071,session_bff75c13e74e,0360,,tui,tui,,,8f9beefe,.wav,legacy_session,ok
raw/mandarin-tone-recordings/audio_fixed_abe/p0071/session_bff75c13e74e/0361_mang_unspecified_mang_7724b075.wav,tone_labeled,p0071,session_bff75c13e74e,0361,,mang,mang,,,7724b075,.wav,legacy_session,ok
raw/mandarin-tone-recordings/audio_fixed_abe/p0071/session_bff75c13e74e/0362_shuo_unspecified_shuo_f70b0e0b.wav,tone_labeled,p0071,session_bff75c13e74e,0362,,shuo,shuo,,,f70b0e0b,.wav,legacy_session,ok
raw/mandarin-tone-recordings/audio_fixed_abe/p0071/session_bff75c13e74e/0363_si_unspecified_si_a98fb4cc.wav,tone_labeled,p0071,session_bff75c13e74e,0363,,si,si,,,a98fb4cc,.wav,legacy_session,ok
raw/mandarin-tone-recordings/audio_fixed_abe/p0071/session_bff75c13e74e/0364_bian_unspecified_bian_25b5c07d.wav,tone_labeled,p0071,session_bff75c13e74e,0364,,bian,bian,,,25b5c07d,.wav,legacy_session,ok
raw/mandarin-tone-recordings/audio_fixed_abe/p0071/session_bff75c13e74e/0365_ying_unspecified_ying_863f199a.wav,tone_labeled,p0071,session_bff75c13e74e,0365,,ying,ying,,,863f199a,.wav,legacy_session,ok
raw/mandarin-tone-recordings/audio_fixed_abe/p0071/session_bff75c13e74e/0366_cou_unspecified_cou_78bd6238.wav,tone_labeled,p0071,session_bff75c13e74e,0366,,cou,cou,,,78bd6238,.wav,legacy_session,ok
raw/mandarin-tone-recordings/audio_fixed_abe/p0071/session_bff75c13e74e/0367_jiong_unspecified_jiong_82ca47e6.wav,tone_labeled,p0071,session_bff75c13e74e,0367,,jiong,jiong,,,82ca47e6,.wav,legacy_session,ok
raw/mandarin-tone-recordings/audio_fixed_abe/p0071/session_bff75c13e74e/0368_qing_unspecified_qing_bb759f96.wav,tone_labeled,p0071,session_bff75c13e74e,0368,,qing,qing,,,bb759f96,.wav,legacy_session,ok
raw/mandarin-tone-recordings/audio_fixed_abe/p0071/session_bff75c13e74e/0369_kou_unspecified_kou_851bfd9c.wav,tone_labeled,p0071,session_bff75c13e74e,0369,,kou,kou,,,851bfd9c,.wav,legacy_session,ok
raw/mandarin-tone-recordings/audio_fixed_abe/p0071/session_bff75c13e74e/0370_jv_unspecified_jv_77167463.wav,tone_labeled,p0071,session_bff75c13e74e,0370,,jv,jv,,,77167463,.wav,legacy_session,ok
raw/mandarin-tone-recordings/audio_fixed_abe/p0071/session_bff75c13e74e/0371_ca_unspecified_ca_c8c3e7e1.wav,tone_labeled,p0071,session_bff75c13e74e,0371,,ca,ca,,,c8c3e7e1,.wav,legacy_session,ok
raw/mandarin-tone-recordings/audio_fixed_abe/p0071/session_bff75c13e74e/0372_lan_unspecified_lan_33e61cf9.wav,tone_labeled,p0071,session_bff75c13e74e,0372,,lan,lan,,,33e61cf9,.wav,legacy_session,ok
raw/mandarin-tone-recordings/audio_fixed_abe/p0071/session_bff75c13e74e/0373_che_unspecified_che_d2c9dcdb.wav,tone_labeled,p0071,session_bff75c13e74e,0373,,che,che,,,d2c9dcdb,.wav,legacy_session,ok
raw/mandarin-tone-recordings/audio_fixed_abe/p0071/session_bff75c13e74e/0374_tei_unspecified_tei_a3abc4aa.wav,tone_labeled,p0071,session_bff75c13e74e,0374,,tei,tei,,,a3abc4aa,.wav,legacy_session,ok
raw/mandarin-tone-recordings/audio_fixed_abe/p0071/session_bff75c13e74e/0375_men_unspecified_men_c5101bd0.wav,tone_labeled,p0071,session_bff75c13e74e,0375,,men,men,,,c5101bd0,.wav,legacy_session,ok
raw/mandarin-tone-recordings/audio_fixed_abe/p0071/session_bff75c13e74e/0376_sao_unspecified_sao_fd60c9b0.wav,tone_labeled,p0071,session_bff75c13e74e,0376,,sao,sao,,,fd60c9b0,.wav,legacy_session,ok
raw/mandarin-tone-recordings/audio_fixed_abe/p0071/session_bff75c13e74e/0377_zhei_unspecified_zhei_4fd24237.wav,tone_labeled,p0071,session_bff75c13e74e,0377,,zhei,zhei,,,4fd24237,.wav,legacy_session,ok
raw/mandarin-tone-recordings/audio_fixed_abe/p0071/session_bff75c13e74e/0378_shuai_unspecified_shuai_fe5e22c9.wav,tone_labeled,p0071,session_bff75c13e74e,0378,,shuai,shuai,,,fe5e22c9,.wav,legacy_session,ok
raw/mandarin-tone-recordings/audio_fixed_abe/p0071/session_bff75c13e74e/0379_dia_unspecified_dia_72cd3247.wav,tone_labeled,p0071,session_bff75c13e74e,0379,,dia,dia,,,72cd3247,.wav,legacy_session,ok
raw/mandarin-tone-recordings/audio_fixed_abe/p0071/session_bff75c13e74e/0380_ke_unspecified_ke_fdbba5f5.wav,tone_labeled,p0071,session_bff75c13e74e,0380,,ke,ke,,,fdbba5f5,.wav,legacy_session,ok
raw/mandarin-tone-recordings/audio_fixed_abe/p0071/session_bff75c13e74e/0381_tun_unspecified_tun_19ba0286.wav,tone_labeled,p0071,session_bff75c13e74e,0381,,tun,tun,,,19ba0286,.wav,legacy_session,ok
raw/mandarin-tone-recordings/audio_fixed_abe/p0071/session_bff75c13e74e/0382_he_unspecified_he_0284c868.wav,tone_labeled,p0071,session_bff75c13e74e,0382,,he,he,,,0284c868,.wav,legacy_session,ok
raw/mandarin-tone-recordings/audio_fixed_abe/p0071/session_bff75c13e74e/0383_sheng_unspecified_sheng_0ddae7ed.wav,tone_labeled,p0071,session_bff75c13e74e,0383,,sheng,sheng,,,0ddae7ed,.wav,legacy_session,ok
raw/mandarin-tone-recordings/audio_fixed_abe/p0071/session_bff75c13e74e/0384_lve_unspecified_lve_8ea5f163.wav,tone_labeled,p0071,session_bff75c13e74e,0384,,lve,lve,,,8ea5f163,.wav,legacy_session,ok
raw/mandarin-tone-recordings/audio_fixed_abe/p0071/session_bff75c13e74e/0385_tuan_unspecified_tuan_83b30bf6.wav,tone_labeled,p0071,session_bff75c13e74e,0385,,tuan,tuan,,,83b30bf6,.wav,legacy_session,ok
raw/mandarin-tone-recordings/audio_fixed_abe/p0071/session_bff75c13e74e/0386_xiong_unspecified_xiong_5f99856f.wav,tone_labeled,p0071,session_bff75c13e74e,0386,,xiong,xiong,,,5f99856f,.wav,legacy_session,ok
raw/mandarin-tone-recordings/audio_fixed_abe/p0071/session_bff75c13e74e/0387_qiu_unspecified_qiu_797160bb.wav,tone_labeled,p0071,session_bff75c13e74e,0387,,qiu,qiu,,,797160bb,.wav,legacy_session,ok
raw/mandarin-tone-recordings/audio_fixed_abe/p0071/session_bff75c13e74e/0388_cuo_unspecified_cuo_2394265f.wav,tone_labeled,p0071,session_bff75c13e74e,0388,,cuo,cuo,,,2394265f,.wav,legacy_session,ok
raw/mandarin-tone-recordings/audio_fixed_abe/p0071/session_bff75c13e74e/0389_chuai_unspecified_chuai_b9fa68c0.wav,tone_labeled,p0071,session_bff75c13e74e,0389,,chuai,chuai,,,b9fa68c0,.wav,legacy_session,ok
raw/mandarin-tone-recordings/audio_fixed_abe/p0071/session_bff75c13e74e/0390_zuo_unspecified_zuo_041cbf89.wav,tone_labeled,p0071,session_bff75c13e74e,0390,,zuo,zuo,,,041cbf89,.wav,legacy_session,ok
raw/mandarin-tone-recordings/audio_fixed_abe/p0071/session_bff75c13e74e/0391_geng_unspecified_geng_a701023b.wav,tone_labeled,p0071,session_bff75c13e74e,0391,,geng,geng,,,a701023b,.wav,legacy_session,ok
raw/mandarin-tone-recordings/audio_fixed_abe/p0071/session_bff75c13e74e/0392_yvn_unspecified_yvn_49db7b15.wav,tone_labeled,p0071,session_bff75c13e74e,0392,,yvn,yvn,,,49db7b15,.wav,legacy_session,ok
raw/mandarin-tone-recordings/audio_fixed_abe/p0071/session_bff75c13e74e/0393_kao_unspecified_kao_14e42046.wav,tone_labeled,p0071,session_bff75c13e74e,0393,,kao,kao,,,14e42046,.wav,legacy_session,ok
raw/mandarin-tone-recordings/audio_fixed_abe/p0071/session_bff75c13e74e/0394_xiu_unspecified_xiu_1b26c8f0.wav,tone_labeled,p0071,session_bff75c13e74e,0394,,xiu,xiu,,,1b26c8f0,.wav,legacy_session,ok
raw/mandarin-tone-recordings/audio_fixed_abe/p0071/session_bff75c13e74e/0395_hu_unspecified_hu_1c3e7985.wav,tone_labeled,p0071,session_bff75c13e74e,0395,,hu,hu,,,1c3e7985,.wav,legacy_session,ok
raw/mandarin-tone-recordings/audio_fixed_abe/p0071/session_bff75c13e74e/0396_gang_unspecified_gang_2bfe88ba.wav,tone_labeled,p0071,session_bff75c13e74e,0396,,gang,gang,,,2bfe88ba,.wav,legacy_session,ok
raw/mandarin-tone-recordings/audio_fixed_abe/p0071/session_bff75c13e74e/0397_dui_unspecified_dui_94ceed05.wav,tone_labeled,p0071,session_bff75c13e74e,0397,,dui,dui,,,94ceed05,.wav,legacy_session,ok
raw/mandarin-tone-recordings/audio_fixed_abe/p0071/session_bff75c13e74e/0398_chu_unspecified_chu_e7207862.wav,tone_labeled,p0071,session_bff75c13e74e,0398,,chu,chu,,,e7207862,.wav,legacy_session,ok
raw/mandarin-tone-recordings/audio_fixed_abe/p0071/session_bff75c13e74e/0399_luo_unspecified_luo_f4ee733c.wav,tone_labeled,p0071,session_bff75c13e74e,0399,,luo,luo,,,f4ee733c,.wav,legacy_session,ok
raw/mandarin-tone-recordings/audio_fixed_abe/p0071/session_bff75c13e74e/0400_mou_unspecified_mou_3b425e13.wav,tone_labeled,p0071,session_bff75c13e74e,0400,,mou,mou,,,3b425e13,.wav,legacy_session,ok
raw/mandarin-tone-recordings/audio_fixed_abe/p0071/session_bff75c13e74e/0401_ei_unspecified_ei_26b96715.wav,tone_labeled,p0071,session_bff75c13e74e,0401,,ei,ei,,,26b96715,.wav,legacy_session,ok
raw/mandarin-tone-recordings/audio_fixed_abe/p0071/session_bff75c13e74e/0402_diao_unspecified_diao_00829fef.wav,tone_labeled,p0071,session_bff75c13e74e,0402,,diao,diao,,,00829fef,.wav,legacy_session,ok
raw/mandarin-tone-recordings/audio_fixed_abe/p0071/session_bff75c13e74e/0403_sha_unspecified_sha_09831e71.wav,tone_labeled,p0071,session_bff75c13e74e,0403,,sha,sha,,,09831e71,.wav,legacy_session,ok
raw/mandarin-tone-recordings/audio_fixed_abe/p0071/session_bff75c13e74e/0404_lao_unspecified_lao_ac032cd4.wav,tone_labeled,p0071,session_bff75c13e74e,0404,,lao,lao,,,ac032cd4,.wav,legacy_session,ok
raw/mandarin-tone-recordings/audio_fixed_abe/p0071/session_bff75c13e74e/0405_eng_unspecified_eng_81b04c61.wav,tone_labeled,p0071,session_bff75c13e74e,0405,,eng,eng,,,81b04c61,.wav,legacy_session,ok
raw/mandarin-tone-recordings/audio_fixed_abe/p0071/session_bff75c13e74e/0406_qie_unspecified_qie_8a8ab27b.wav,tone_labeled,p0071,session_bff75c13e74e,0406,,qie,qie,,,8a8ab27b,.wav,legacy_session,ok
raw/mandarin-tone-recordings/audio_fixed_abe/p0071/session_bff75c13e74e/0407_nve_unspecified_nve_c1ad65b5.wav,tone_labeled,p0071,session_bff75c13e74e,0407,,nve,nve,,,c1ad65b5,.wav,legacy_session,ok
raw/mandarin-tone-recordings/audio_fixed_abe/p0071/session_bff75c13e74e/0408_pang_unspecified_pang_ab2dbccc.wav,tone_labeled,p0071,session_bff75c13e74e,0408,,pang,pang,,,ab2dbccc,.wav,legacy_session,ok
raw/mandarin-tone-recordings/audio_fixed_abe/p0071/session_bff75c13e74e/0409_pie_unspecified_pie_9eaaa10d.wav,tone_labeled,p0071,session_bff75c13e74e,0409,,pie,pie,,,9eaaa10d,.wav,legacy_session,ok
raw/mandarin-tone-recordings/audio_fixed_abe/p0071/session_bff75c13e74e/0410_cha_unspecified_cha_8703480a.wav,tone_labeled,p0071,session_bff75c13e74e,0410,,cha,cha,,,8703480a,.wav,legacy_session,ok
raw/mandarin-tone-recordings/audio_fixed_abe/p0071/session_bff75c13e74e/0411_dun_unspecified_dun_9db813c6.wav,tone_labeled,p0071,session_bff75c13e74e,0411,,dun,dun,,,9db813c6,.wav,legacy_session,ok
raw/mandarin-tone-recordings/audio_fixed_abe/p0071/session_bff75c13e74e/0412_guang_unspecified_guang_451e2e83.wav,tone_labeled,p0071,session_bff75c13e74e,0412,,guang,guang,,,451e2e83,.wav,legacy_session,ok
raw/mandarin-tone-recordings/audio_fixed_abe/p0071/session_bff75c13e74e/0413_sai_unspecified_sai_09cbd041.wav,tone_labeled,p0071,session_bff75c13e74e,0413,,sai,sai,,,09cbd041,.wav,legacy_session,ok
raw/mandarin-tone-recordings/audio_fixed_abe/p0071/session_bff75c13e74e/0414_fou_unspecified_fou_26b9b685.wav,tone_labeled,p0071,session_bff75c13e74e,0414,,fou,fou,,,26b9b685,.wav,legacy_session,ok
raw/mandarin-tone-recordings/audio_fixed_abe/p0071/session_bff75c13e74e/0415_zhun_unspecified_zhun_c635074b.wav,tone_labeled,p0071,session_bff75c13e74e,0415,,zhun,zhun,,,c635074b,.wav,legacy_session,ok
raw/mandarin-tone-recordings/audio_fixed_abe/p0071/session_bff75c13e74e/0416_gun_unspecified_gun_062f5b72.wav,tone_labeled,p0071,session_bff75c13e74e,0416,,gun,gun,,,062f5b72,.wav,legacy_session,ok
raw/mandarin-tone-recordings/audio_fixed_abe/p0071/session_bff75c13e74e/0417_lian_unspecified_lian_b11c2d75.wav,tone_labeled,p0071,session_bff75c13e74e,0417,,lian,lian,,,b11c2d75,.wav,legacy_session,ok
raw/mandarin-tone-recordings/audio_fixed_abe/p0071/session_bff75c13e74e/0418_nie_unspecified_nie_b63fa839.wav,tone_labeled,p0071,session_bff75c13e74e,0418,,nie,nie,,,b63fa839,.wav,legacy_session,ok
raw/mandarin-tone-recordings/audio_fixed_abe/p0071/session_bff75c13e74e/0419_nuo_unspecified_nuo_ba31e4c8.wav,tone_labeled,p0071,session_bff75c13e74e,0419,,nuo,nuo,,,ba31e4c8,.wav,legacy_session,ok
raw/mandarin-tone-recordings/audio_fixed_abe/p070/session_163447d5d72e/0001_ang1_ang_0ec868bd.wav,tone_labeled,p070,session_163447d5d72e,0001,,ang1,ang,1,,0ec868bd,.wav,legacy_session,ok
raw/mandarin-tone-recordings/audio_fixed_abe/p070/session_163447d5d72e/0002_men3_men_65b4cddb.wav,tone_labeled,p070,session_163447d5d72e,0002,,men3,men,3,,65b4cddb,.wav,legacy_session,ok
raw/mandarin-tone-recordings/audio_fixed_abe/p070/session_163447d5d72e/0003_yin2_yin_6e8be07d.wav,tone_labeled,p070,session_163447d5d72e,0003,,yin2,yin,2,,6e8be07d,.wav,legacy_session,ok
raw/mandarin-tone-recordings/audio_fixed_abe/p070/session_163447d5d72e/0004_jie4_jie_36fe75bc.wav,tone_labeled,p070,session_163447d5d72e,0004,,jie4,jie,4,,36fe75bc,.wav,legacy_session,ok
raw/mandarin-tone-recordings/audio_fixed_abe/p070/session_163447d5d72e/0005_fu2_fu_e4f3791b.wav,tone_labeled,p070,session_163447d5d72e,0005,,fu2,fu,2,,e4f3791b,.wav,legacy_session,ok
raw/mandarin-tone-recordings/audio_fixed_abe/p070/session_163447d5d72e/0006_de1_de_582bfa80.wav,tone_labeled,p070,session_163447d5d72e,0006,,de1,de,1,,582bfa80,.wav,legacy_session,ok
raw/mandarin-tone-recordings/audio_fixed_abe/p070/session_163447d5d72e/0007_gou4_gou_b6ef088e.wav,tone_labeled,p070,session_163447d5d72e,0007,,gou4,gou,4,,b6ef088e,.wav,legacy_session,ok
raw/mandarin-tone-recordings/audio_fixed_abe/p070/session_163447d5d72e/0008_wen1_wen_305852ae.wav,tone_labeled,p070,session_163447d5d72e,0008,,wen1,wen,1,,305852ae,.wav,legacy_session,ok
raw/mandarin-tone-recordings/audio_fixed_abe/p070/session_163447d5d72e/0009_nie3_nie_18a31018.wav,tone_labeled,p070,session_163447d5d72e,0009,,nie3,nie,3,,18a31018,.wav,legacy_session,ok
raw/mandarin-tone-recordings/audio_fixed_abe/p070/session_163447d5d72e/0010_seng1_seng_c23b4f23.wav,tone_labeled,p070,session_163447d5d72e,0010,,seng1,seng,1,,c23b4f23,.wav,legacy_session,ok
raw/mandarin-tone-recordings/audio_fixed_abe/p070/session_163447d5d72e/0011_tiao2_tiao_9d013d42.wav,tone_labeled,p070,session_163447d5d72e,0011,,tiao2,tiao,2,,9d013d42,.wav,legacy_session,ok
raw/mandarin-tone-recordings/audio_fixed_abe/p070/session_163447d5d72e/0012_lao3_lao_043da50f.wav,tone_labeled,p070,session_163447d5d72e,0012,,lao3,lao,3,,043da50f,.wav,legacy_session,ok
raw/mandarin-tone-recordings/audio_fixed_abe/p070/session_163447d5d72e/0013_ou1_ou_bf9a73e8.wav,tone_labeled,p070,session_163447d5d72e,0013,,ou1,ou,1,,bf9a73e8,.wav,legacy_session,ok
raw/mandarin-tone-recordings/audio_fixed_abe/p070/session_163447d5d72e/0014_chai3_chai_f821c125.wav,tone_labeled,p070,session_163447d5d72e,0014,,chai3,chai,3,,f821c125,.wav,legacy_session,ok
raw/mandarin-tone-recordings/audio_fixed_abe/p070/session_163447d5d72e/0015_men1_men_d22267df.wav,tone_labeled,p070,session_163447d5d72e,0015,,men1,men,1,,d22267df,.wav,legacy_session,ok
raw/mandarin-tone-recordings/audio_fixed_abe/p070/session_163447d5d72e/0016_kun2_kun_b717a7e8.wav,tone_labeled,p070,session_163447d5d72e,0016,,kun2,kun,2,,b717a7e8,.wav,legacy_session,ok
raw/mandarin-tone-recordings/audio_fixed_abe/p070/session_163447d5d72e/0017_pu4_pu_0d633d85.wav,tone_labeled,p070,session_163447d5d72e,0017,,pu4,pu,4,,0d633d85,.wav,legacy_session,ok
raw/mandarin-tone-recordings/audio_fixed_abe/p070/session_163447d5d72e/0018_zuo1_zuo_74178a63.wav,tone_labeled,p070,session_163447d5d72e,0018,,zuo1,zuo,1,,74178a63,.wav,legacy_session,ok
raw/mandarin-tone-recordings/audio_fixed_abe/p070/session_163447d5d72e/0019_dao3_dao_30eaf183.wav,tone_labeled,p070,session_163447d5d72e,0019,,dao3,dao,3,,30eaf183,.wav,legacy_session,ok
raw/mandarin-tone-recordings/audio_fixed_abe/p070/session_163447d5d72e/0020_teng1_teng_9bd12a04.wav,tone_labeled,p070,session_163447d5d72e,0020,,teng1,teng,1,,9bd12a04,.wav,legacy_session,ok
raw/mandarin-tone-recordings/audio_fixed_abe/p070/session_163447d5d72e/0021_cuo4_cuo_6c0e073d.wav,tone_labeled,p070,session_163447d5d72e,0021,,cuo4,cuo,4,,6c0e073d,.wav,legacy_session,ok
raw/mandarin-tone-recordings/audio_fixed_abe/p070/session_163447d5d72e/0022_le2_le_7499b460.wav,tone_labeled,p070,session_163447d5d72e,0022,,le2,le,2,,7499b460,.wav,legacy_session,ok
raw/mandarin-tone-recordings/audio_fixed_abe/p070/session_163447d5d72e/0023_le3_le_15bfb056.wav,tone_labeled,p070,session_163447d5d72e,0023,,le3,le,3,,15bfb056,.wav,legacy_session,ok
raw/mandarin-tone-recordings/audio_fixed_abe/p070/session_163447d5d72e/0024_juan4_juan_a860251a.wav,tone_labeled,p070,session_163447d5d72e,0024,,juan4,juan,4,,a860251a,.wav,legacy_session,ok
raw/mandarin-tone-recordings/audio_fixed_abe/p070/session_163447d5d72e/0025_yan2_yan_35468414.wav,tone_labeled,p070,session_163447d5d72e,0025,,yan2,yan,2,,35468414,.wav,legacy_session,ok
raw/mandarin-tone-recordings/audio_fixed_abe/p070/session_163447d5d72e/0026_hong1_hong_dcfdf778.wav,tone_labeled,p070,session_163447d5d72e,0026,,hong1,hong,1,,dcfdf778,.wav,legacy_session,ok
raw/mandarin-tone-recordings/audio_fixed_abe/p070/session_163447d5d72e/0027_shui2_shui_4abb0621.wav,tone_labeled,p070,session_163447d5d72e,0027,,shui2,shui,2,,4abb0621,.wav,legacy_session,ok
raw/mandarin-tone-recordings/audio_fixed_abe/p070/session_163447d5d72e/0028_qian4_qian_e9eb7889.wav,tone_labeled,p070,session_163447d5d72e,0028,,qian4,qian,4,,e9eb7889,.wav,legacy_session,ok
raw/mandarin-tone-recordings/audio_fixed_abe/p070/session_163447d5d72e/0029_guang1_guang_de2b5ee5.wav,tone_labeled,p070,session_163447d5d72e,0029,,guang1,guang,1,,de2b5ee5,.wav,legacy_session,ok
raw/mandarin-tone-recordings/audio_fixed_abe/p070/session_163447d5d72e/0030_ci4_ci_1cf7731f.wav,tone_labeled,p070,session_163447d5d72e,0030,,ci4,ci,4,,1cf7731f,.wav,legacy_session,ok
raw/mandarin-tone-recordings/audio_fixed_abe/p070/session_163447d5d72e/0031_sai3_sai_c57e53d9.wav,tone_labeled,p070,session_163447d5d72e,0031,,sai3,sai,3,,c57e53d9,.wav,legacy_session,ok
raw/mandarin-tone-recordings/audio_fixed_abe/p070/session_163447d5d72e/0032_dou4_dou_31666a61.wav,tone_labeled,p070,session_163447d5d72e,0032,,dou4,dou,4,,31666a61,.wav,legacy_session,ok
raw/mandarin-tone-recordings/audio_fixed_abe/p070/session_163447d5d72e/0033_chuan1_chuan_b967b785.wav,tone_labeled,p070,session_163447d5d72e,0033,,chuan1,chuan,1,,b967b785,.wav,legacy_session,ok
raw/mandarin-tone-recordings/audio_fixed_abe/p070/session_163447d5d72e/0034_chen1_chen_636c981a.wav,tone_labeled,p070,session_163447d5d72e,0034,,chen1,chen,1,,636c981a,.wav,legacy_session,ok
raw/mandarin-tone-recordings/audio_fixed_abe/p070/session_163447d5d72e/0035_hua4_hua_13cf82f0.wav,tone_labeled,p070,session_163447d5d72e,0035,,hua4,hua,4,,13cf82f0,.wav,legacy_session,ok
raw/mandarin-tone-recordings/audio_fixed_abe/p070/session_163447d5d72e/0036_hao4_hao_e7eda1ef.wav,tone_labeled,p070,session_163447d5d72e,0036,,hao4,hao,4,,e7eda1ef,.wav,legacy_session,ok
raw/mandarin-tone-recordings/audio_fixed_abe/p070/session_163447d5d72e/0037_dong3_dong_30a9a226.wav,tone_labeled,p070,session_163447d5d72e,0037,,dong3,dong,3,,30a9a226,.wav,legacy_session,ok
raw/mandarin-tone-recordings/audio_fixed_abe/p070/session_163447d5d72e/0038_dong1_dong_eb509304.wav,tone_labeled,p070,session_163447d5d72e,0038,,dong1,dong,1,,eb509304,.wav,legacy_session,ok
raw/mandarin-tone-recordings/audio_fixed_abe/p070/session_163447d5d72e/0039_bian3_bian_47ccc89e.wav,tone_labeled,p070,session_163447d5d72e,0039,,bian3,bian,3,,47ccc89e,.wav,legacy_session,ok
raw/mandarin-tone-recordings/audio_fixed_abe/p070/session_163447d5d72e/0040_pu2_pu_eded7219.wav,tone_labeled,p070,session_163447d5d72e,0040,,pu2,pu,2,,eded7219,.wav,legacy_session,ok
raw/mandarin-tone-recordings/audio_fixed_abe/p070/session_163447d5d72e/0041_reng1_reng_c85801d7.wav,tone_labeled,p070,session_163447d5d72e,0041,,reng1,reng,1,,c85801d7,.wav,legacy_session,ok
raw/mandarin-tone-recordings/audio_fixed_abe/p070/session_163447d5d72e/0042_chuang3_chuang_8e5ba570.wav,tone_labeled,p070,session_163447d5d72e,0042,,chuang3,chuang,3,,8e5ba570,.wav,legacy_session,ok
raw/mandarin-tone-recordings/audio_fixed_abe/p070/session_163447d5d72e/0043_weng2_weng_655c4d51.wav,tone_labeled,p070,session_163447d5d72e,0043,,weng2,weng,2,,655c4d51,.wav,legacy_session,ok
raw/mandarin-tone-recordings/audio_fixed_abe/p070/session_163447d5d72e/0044_cuan4_cuan_10e7c9e3.wav,tone_labeled,p070,session_163447d5d72e,0044,,cuan4,cuan,4,,10e7c9e3,.wav,legacy_session,ok
raw/mandarin-tone-recordings/audio_fixed_abe/p070/session_163447d5d72e/0045_den1_den_f91801e1.wav,tone_labeled,p070,session_163447d5d72e,0045,,den1,den,1,,f91801e1,.wav,legacy_session,ok
raw/mandarin-tone-recordings/audio_fixed_abe/p070/session_163447d5d72e/0046_wan4_wan_9237deb1.wav,tone_labeled,p070,session_163447d5d72e,0046,,wan4,wan,4,,9237deb1,.wav,legacy_session,ok
raw/mandarin-tone-recordings/audio_fixed_abe/p070/session_163447d5d72e/0047_bin2_bin_af0e9ecb.wav,tone_labeled,p070,session_163447d5d72e,0047,,bin2,bin,2,,af0e9ecb,.wav,legacy_session,ok
raw/mandarin-tone-recordings/audio_fixed_abe/p070/session_163447d5d72e/0048_yo3_yo_4f0ed17c.wav,tone_labeled,p070,session_163447d5d72e,0048,,yo3,yo,3,,4f0ed17c,.wav,legacy_session,ok
raw/mandarin-tone-recordings/audio_fixed_abe/p070/session_163447d5d72e/0049_fu4_fu_6250af03.wav,tone_labeled,p070,session_163447d5d72e,0049,,fu4,fu,4,,6250af03,.wav,legacy_session,ok
raw/mandarin-tone-recordings/audio_fixed_abe/p070/session_163447d5d72e/0050_nu4_nu_d2bd33c6.wav,tone_labeled,p070,session_163447d5d72e,0050,,nu4,nu,4,,d2bd33c6,.wav,legacy_session,ok
raw/mandarin-tone-recordings/audio_fixed_abe/p070/session_163447d5d72e/0051_die4_die_288b7438.wav,tone_labeled,p070,session_163447d5d72e,0051,,die4,die,4,,288b7438,.wav,legacy_session,ok
raw/mandarin-tone-recordings/audio_fixed_abe/p070/session_163447d5d72e/0052_chao3_chao_0b9d6d16.wav,tone_labeled,p070,session_163447d5d72e,0052,,chao3,chao,3,,0b9d6d16,.wav,legacy_session,ok
raw/mandarin-tone-recordings/audio_fixed_abe/p070/session_163447d5d72e/0053_lie2_lie_96639955.wav,tone_labeled,p070,session_163447d5d72e,0053,,lie2,lie,2,,96639955,.wav,legacy_session,ok
raw/mandarin-tone-recordings/audio_fixed_abe/p070/session_163447d5d72e/0054_wu2_wu_9ebbd36a.wav,tone_labeled,p070,session_163447d5d72e,0054,,wu2,wu,2,,9ebbd36a,.wav,legacy_session,ok
raw/mandarin-tone-recordings/audio_fixed_abe/p070/session_163447d5d72e/0055_shun1_shun_deef8fcd.wav,tone_labeled,p070,session_163447d5d72e,0055,,shun1,shun,1,,deef8fcd,.wav,legacy_session,ok
raw/mandarin-tone-recordings/audio_fixed_abe/p070/session_163447d5d72e/0056_ben4_ben_45c60027.wav,tone_labeled,p070,session_163447d5d72e,0056,,ben4,ben,4,,45c60027,.wav,legacy_session,ok
raw/mandarin-tone-recordings/audio_fixed_abe/p070/session_163447d5d72e/0057_gei4_gei_47894b23.wav,tone_labeled,p070,session_163447d5d72e,0057,,gei4,gei,4,,47894b23,.wav,legacy_session,ok
raw/mandarin-tone-recordings/audio_fixed_abe/p070/session_163447d5d72e/0058_cao3_cao_9c5ec181.wav,tone_labeled,p070,session_163447d5d72e,0058,,cao3,cao,3,,9c5ec181,.wav,legacy_session,ok
raw/mandarin-tone-recordings/audio_fixed_abe/p070/session_163447d5d72e/0059_xun4_xun_81efd1c2.wav,tone_labeled,p070,session_163447d5d72e,0059,,xun4,xun,4,,81efd1c2,.wav,legacy_session,ok
raw/mandarin-tone-recordings/audio_fixed_abe/p070/session_163447d5d72e/0060_huan4_huan_68483d77.wav,tone_labeled,p070,session_163447d5d72e,0060,,huan4,huan,4,,68483d77,.wav,legacy_session,ok
raw/mandarin-tone-recordings/audio_fixed_abe/p070/session_163447d5d72e/0061_yong2_yong_28082289.wav,tone_labeled,p070,session_163447d5d72e,0061,,yong2,yong,2,,28082289,.wav,legacy_session,ok
raw/mandarin-tone-recordings/audio_fixed_abe/p070/session_163447d5d72e/0062_xi4_xi_6e89f2b3.wav,tone_labeled,p070,session_163447d5d72e,0062,,xi4,xi,4,,6e89f2b3,.wav,legacy_session,ok
raw/mandarin-tone-recordings/audio_fixed_abe/p070/session_163447d5d72e/0063_ye3_ye_7938c014.wav,tone_labeled,p070,session_163447d5d72e,0063,,ye3,ye,3,,7938c014,.wav,legacy_session,ok
raw/mandarin-tone-recordings/audio_fixed_abe/p070/session_163447d5d72e/0064_cuan3_cuan_3d33a6ae.wav,tone_labeled,p070,session_163447d5d72e,0064,,cuan3,cuan,3,,3d33a6ae,.wav,legacy_session,ok
raw/mandarin-tone-recordings/audio_fixed_abe/p070/session_163447d5d72e/0065_re2_re_7ab97e32.wav,tone_labeled,p070,session_163447d5d72e,0065,,re2,re,2,,7ab97e32,.wav,legacy_session,ok
raw/mandarin-tone-recordings/audio_fixed_abe/p070/session_163447d5d72e/0066_neng4_neng_570a7727.wav,tone_labeled,p070,session_163447d5d72e,0066,,neng4,neng,4,,570a7727,.wav,legacy_session,ok
raw/mandarin-tone-recordings/audio_fixed_abe/p070/session_163447d5d72e/0067_bin1_bin_bdd0cf33.wav,tone_labeled,p070,session_163447d5d72e,0067,,bin1,bin,1,,bdd0cf33,.wav,legacy_session,ok
raw/mandarin-tone-recordings/audio_fixed_abe/p070/session_163447d5d72e/0068_pen3_pen_ec600457.wav,tone_labeled,p070,session_163447d5d72e,0068,,pen3,pen,3,,ec600457,.wav,legacy_session,ok
raw/mandarin-tone-recordings/audio_fixed_abe/p070/session_163447d5d72e/0069_a1_a_7d9613ab.wav,tone_labeled,p070,session_163447d5d72e,0069,,a1,a,1,,7d9613ab,.wav,legacy_session,ok
raw/mandarin-tone-recordings/audio_fixed_abe/p070/session_163447d5d72e/0070_zha1_zha_14b8c71f.wav,tone_labeled,p070,session_163447d5d72e,0070,,zha1,zha,1,,14b8c71f,.wav,legacy_session,ok
raw/mandarin-tone-recordings/audio_fixed_abe/p070/session_163447d5d72e/0071_hun4_hun_5cac9d39.wav,tone_labeled,p070,session_163447d5d72e,0071,,hun4,hun,4,,5cac9d39,.wav,legacy_session,ok
raw/mandarin-tone-recordings/audio_fixed_abe/p070/session_163447d5d72e/0072_zha3_zha_ee105de4.wav,tone_labeled,p070,session_163447d5d72e,0072,,zha3,zha,3,,ee105de4,.wav,legacy_session,ok
raw/mandarin-tone-recordings/audio_fixed_abe/p070/session_163447d5d72e/0073_wu3_wu_993352f2.wav,tone_labeled,p070,session_163447d5d72e,0073,,wu3,wu,3,,993352f2,.wav,legacy_session,ok
raw/mandarin-tone-recordings/audio_fixed_abe/p070/session_163447d5d72e/0074_zao3_zao_ca426f3a.wav,tone_labeled,p070,session_163447d5d72e,0074,,zao3,zao,3,,ca426f3a,.wav,legacy_session,ok
raw/mandarin-tone-recordings/audio_fixed_abe/p070/session_163447d5d72e/0075_zen4_zen_55176a85.wav,tone_labeled,p070,session_163447d5d72e,0075,,zen4,zen,4,,55176a85,.wav,legacy_session,ok
raw/mandarin-tone-recordings/audio_fixed_abe/p070/session_163447d5d72e/0076_chuo4_chuo_d9864371.wav,tone_labeled,p070,session_163447d5d72e,0076,,chuo4,chuo,4,,d9864371,.wav,legacy_session,ok
raw/mandarin-tone-recordings/audio_fixed_abe/p070/session_163447d5d72e/0077_tuan2_tuan_c464d13f.wav,tone_labeled,p070,session_163447d5d72e,0077,,tuan2,tuan,2,,c464d13f,.wav,legacy_session,ok
raw/mandarin-tone-recordings/audio_fixed_abe/p070/session_163447d5d72e/0078_dai1_dai_341e8b66.wav,tone_labeled,p070,session_163447d5d72e,0078,,dai1,dai,1,,341e8b66,.wav,legacy_session,ok
raw/mandarin-tone-recordings/audio_fixed_abe/p070/session_163447d5d72e/0079_qiang1_qiang_1c55f9c3.wav,tone_labeled,p070,session_163447d5d72e,0079,,qiang1,qiang,1,,1c55f9c3,.wav,legacy_session,ok
raw/mandarin-tone-recordings/audio_fixed_abe/p070/session_163447d5d72e/0080_tei3_tei_692c2611.wav,tone_labeled,p070,session_163447d5d72e,0080,,tei3,tei,3,,692c2611,.wav,legacy_session,ok
raw/mandarin-tone-recordings/audio_fixed_abe/p070/session_163447d5d72e/0081_shou3_shou_c84f15db.wav,tone_labeled,p070,session_163447d5d72e,0081,,shou3,shou,3,,c84f15db,.wav,legacy_session,ok
raw/mandarin-tone-recordings/audio_fixed_abe/p070/session_163447d5d72e/0082_su1_su_eeb6e4ed.wav,tone_labeled,p070,session_163447d5d72e,0082,,su1,su,1,,eeb6e4ed,.wav,legacy_session,ok
raw/mandarin-tone-recordings/audio_fixed_abe/p070/session_163447d5d72e/0083_bie2_bie_d3b22e43.wav,tone_labeled,p070,session_163447d5d72e,0083,,bie2,bie,2,,d3b22e43,.wav,legacy_session,ok
raw/mandarin-tone-recordings/audio_fixed_abe/p070/session_163447d5d72e/0084_qian1_qian_435233b4.wav,tone_labeled,p070,session_163447d5d72e,0084,,qian1,qian,1,,435233b4,.wav,legacy_session,ok
raw/mandarin-tone-recordings/audio_fixed_abe/p070/session_163447d5d72e/0085_ge2_ge_d7bc12de.wav,tone_labeled,p070,session_163447d5d72e,0085,,ge2,ge,2,,d7bc12de,.wav,legacy_session,ok
raw/mandarin-tone-recordings/audio_fixed_abe/p070/session_163447d5d72e/0086_beng2_beng_434992b9.wav,tone_labeled,p070,session_163447d5d72e,0086,,beng2,beng,2,,434992b9,.wav,legacy_session,ok
raw/mandarin-tone-recordings/audio_fixed_abe/p070/session_163447d5d72e/0087_sou1_sou_5ece7564.wav,tone_labeled,p070,session_163447d5d72e,0087,,sou1,sou,1,,5ece7564,.wav,legacy_session,ok
raw/mandarin-tone-recordings/audio_fixed_abe/p070/session_163447d5d72e/0088_nin4_nin_a9ca2cd3.wav,tone_labeled,p070,session_163447d5d72e,0088,,nin4,nin,4,,a9ca2cd3,.wav,legacy_session,ok
raw/mandarin-tone-recordings/audio_fixed_abe/p070/session_163447d5d72e/0089_kou1_kou_385b74a5.wav,tone_labeled,p070,session_163447d5d72e,0089,,kou1,kou,1,,385b74a5,.wav,legacy_session,ok
raw/mandarin-tone-recordings/audio_fixed_abe/p070/session_163447d5d72e/0090_kuan1_kuan_2a6cd75d.wav,tone_labeled,p070,session_163447d5d72e,0090,,kuan1,kuan,1,,2a6cd75d,.wav,legacy_session,ok
raw/mandarin-tone-recordings/audio_fixed_abe/p070/session_163447d5d72e/0091_yvan2_yvan_0c41c9f5.wav,tone_labeled,p070,session_163447d5d72e,0091,,yvan2,yvan,2,,0c41c9f5,.wav,legacy_session,ok
raw/mandarin-tone-recordings/audio_fixed_abe/p070/session_163447d5d72e/0092_jiong1_jiong_93d6f072.wav,tone_labeled,p070,session_163447d5d72e,0092,,jiong1,jiong,1,,93d6f072,.wav,legacy_session,ok
raw/mandarin-tone-recordings/audio_fixed_abe/p070/session_163447d5d72e/0093_nai1_nai_91d4fe8a.wav,tone_labeled,p070,session_163447d5d72e,0093,,nai1,nai,1,,91d4fe8a,.wav,legacy_session,ok
raw/mandarin-tone-recordings/audio_fixed_abe/p070/session_163447d5d72e/0094_peng3_peng_12039f09.wav,tone_labeled,p070,session_163447d5d72e,0094,,peng3,peng,3,,12039f09,.wav,legacy_session,ok
raw/mandarin-tone-recordings/audio_fixed_abe/p070/session_163447d5d72e/0095_zhuo3_zhuo_e34a68c1.wav,tone_labeled,p070,session_163447d5d72e,0095,,zhuo3,zhuo,3,,e34a68c1,.wav,legacy_session,ok
raw/mandarin-tone-recordings/audio_fixed_abe/p070/session_163447d5d72e/0096_nong4_nong_d78fd048.wav,tone_labeled,p070,session_163447d5d72e,0096,,nong4,nong,4,,d78fd048,.wav,legacy_session,ok
raw/mandarin-tone-recordings/audio_fixed_abe/p070/session_163447d5d72e/0097_qie2_qie_92c32ebc.wav,tone_labeled,p070,session_163447d5d72e,0097,,qie2,qie,2,,92c32ebc,.wav,legacy_session,ok
raw/mandarin-tone-recordings/audio_fixed_abe/p070/session_163447d5d72e/0098_jvn3_jvn_74e0364e.wav,tone_labeled,p070,session_163447d5d72e,0098,,jvn3,jvn,3,,74e0364e,.wav,legacy_session,ok
raw/mandarin-tone-recordings/audio_fixed_abe/p070/session_163447d5d72e/0099_ang2_ang_f05153de.wav,tone_labeled,p070,session_163447d5d72e,0099,,ang2,ang,2,,f05153de,.wav,legacy_session,ok
raw/mandarin-tone-recordings/audio_fixed_abe/p070/session_163447d5d72e/0100_gen1_gen_2b76ce8f.wav,tone_labeled,p070,session_163447d5d72e,0100,,gen1,gen,1,,2b76ce8f,.wav,legacy_session,ok
raw/mandarin-tone-recordings/audio_fixed_abe/p070/session_163447d5d72e/0101_ya1_ya_e120dc23.wav,tone_labeled,p070,session_163447d5d72e,0101,,ya1,ya,1,,e120dc23,.wav,legacy_session,ok
raw/mandarin-tone-recordings/audio_fixed_abe/p070/session_163447d5d72e/0102_shua1_shua_76208b06.wav,tone_labeled,p070,session_163447d5d72e,0102,,shua1,shua,1,,76208b06,.wav,legacy_session,ok
raw/mandarin-tone-recordings/audio_fixed_abe/p070/session_163447d5d72e/0103_zhuo4_zhuo_dd8101ef.wav,tone_labeled,p070,session_163447d5d72e,0103,,zhuo4,zhuo,4,,dd8101ef,.wav,legacy_session,ok
raw/mandarin-tone-recordings/audio_fixed_abe/p070/session_163447d5d72e/0104_dian2_dian_69105d76.wav,tone_labeled,p070,session_163447d5d72e,0104,,dian2,dian,2,,69105d76,.wav,legacy_session,ok
raw/mandarin-tone-recordings/audio_fixed_abe/p070/session_163447d5d72e/0105_gai2_gai_c4118cc7.wav,tone_labeled,p070,session_163447d5d72e,0105,,gai2,gai,2,,c4118cc7,.wav,legacy_session,ok
raw/mandarin-tone-recordings/audio_fixed_abe/p070/session_163447d5d72e/0106_cu1_cu_5bf477cc.wav,tone_labeled,p070,session_163447d5d72e,0106,,cu1,cu,1,,5bf477cc,.wav,legacy_session,ok
raw/mandarin-tone-recordings/audio_fixed_abe/p070/session_163447d5d72e/0107_cun4_cun_ab217224.wav,tone_labeled,p070,session_163447d5d72e,0107,,cun4,cun,4,,ab217224,.wav,legacy_session,ok
raw/mandarin-tone-recordings/audio_fixed_abe/p070/session_163447d5d72e/0108_san1_san_15146f1c.wav,tone_labeled,p070,session_163447d5d72e,0108,,san1,san,1,,15146f1c,.wav,legacy_session,ok
raw/mandarin-tone-recordings/audio_fixed_abe/p070/session_163447d5d72e/0109_sen3_sen_599444ee.wav,tone_labeled,p070,session_163447d5d72e,0109,,sen3,sen,3,,599444ee,.wav,legacy_session,ok
raw/mandarin-tone-recordings/audio_fixed_abe/p070/session_163447d5d72e/0110_nei3_nei_ee2a6497.wav,tone_labeled,p070,session_163447d5d72e,0110,,nei3,nei,3,,ee2a6497,.wav,legacy_session,ok
raw/mandarin-tone-recordings/audio_fixed_abe/p070/session_163447d5d72e/0111_gan4_gan_1addd0c6.wav,tone_labeled,p070,session_163447d5d72e,0111,,gan4,gan,4,,1addd0c6,.wav,legacy_session,ok
raw/mandarin-tone-recordings/audio_fixed_abe/p070/session_163447d5d72e/0112_qia3_qia_997c2574.wav,tone_labeled,p070,session_163447d5d72e,0112,,qia3,qia,3,,997c2574,.wav,legacy_session,ok
raw/mandarin-tone-recordings/audio_fixed_abe/p070/session_163447d5d72e/0113_kong3_kong_d0b62eb0.wav,tone_labeled,p070,session_163447d5d72e,0113,,kong3,kong,3,,d0b62eb0,.wav,legacy_session,ok
raw/mandarin-tone-recordings/audio_fixed_abe/p070/session_163447d5d72e/0114_jing4_jing_0a099f4c.wav,tone_labeled,p070,session_163447d5d72e,0114,,jing4,jing,4,,0a099f4c,.wav,legacy_session,ok
raw/mandarin-tone-recordings/audio_fixed_abe/p070/session_163447d5d72e/0115_chang3_chang_6bc49789.wav,tone_labeled,p070,session_163447d5d72e,0115,,chang3,chang,3,,6bc49789,.wav,legacy_session,ok
raw/mandarin-tone-recordings/audio_fixed_abe/p070/session_163447d5d72e/0116_mai1_mai_71bffbe2.wav,tone_labeled,p070,session_163447d5d72e,0116,,mai1,mai,1,,71bffbe2,.wav,legacy_session,ok
raw/mandarin-tone-recordings/audio_fixed_abe/p070/session_163447d5d72e/0117_long3_long_d1de9566.wav,tone_labeled,p070,session_163447d5d72e,0117,,long3,long,3,,d1de9566,.wav,legacy_session,ok
raw/mandarin-tone-recordings/audio_fixed_abe/p070/session_163447d5d72e/0118_cuo1_cuo_11b7c17a.wav,tone_labeled,p070,session_163447d5d72e,0118,,cuo1,cuo,1,,11b7c17a,.wav,legacy_session,ok
raw/mandarin-tone-recordings/audio_fixed_abe/p070/session_163447d5d72e/0119_bao2_bao_882db098.wav,tone_labeled,p070,session_163447d5d72e,0119,,bao2,bao,2,,882db098,.wav,legacy_session,ok
raw/mandarin-tone-recordings/audio_fixed_abe/p070/session_163447d5d72e/0120_xiu3_xiu_431b69b6.wav,tone_labeled,p070,session_163447d5d72e,0120,,xiu3,xiu,3,,431b69b6,.wav,legacy_session,ok
raw/mandarin-tone-recordings/audio_fixed_abe/p070/session_163447d5d72e/0121_seng3_seng_0b2dd675.wav,tone_labeled,p070,session_163447d5d72e,0121,,seng3,seng,3,,0b2dd675,.wav,legacy_session,ok
raw/mandarin-tone-recordings/audio_fixed_abe/p070/session_163447d5d72e/0122_kou2_kou_033fa10c.wav,tone_labeled,p070,session_163447d5d72e,0122,,kou2,kou,2,,033fa10c,.wav,legacy_session,ok
raw/mandarin-tone-recordings/audio_fixed_abe/p070/session_163447d5d72e/0123_jun1_jun_18fe96e4.wav,tone_labeled,p070,session_163447d5d72e,0123,,jun1,jun,1,,18fe96e4,.wav,legacy_session,ok
raw/mandarin-tone-recordings/audio_fixed_abe/p070/session_163447d5d72e/0124_biao2_biao_782ba1de.wav,tone_labeled,p070,session_163447d5d72e,0124,,biao2,biao,2,,782ba1de,.wav,legacy_session,ok
raw/mandarin-tone-recordings/audio_fixed_abe/p070/session_163447d5d72e/0125_yan1_yan_0e014ac7.wav,tone_labeled,p070,session_163447d5d72e,0125,,yan1,yan,1,,0e014ac7,.wav,legacy_session,ok
raw/mandarin-tone-recordings/audio_fixed_abe/p070/session_163447d5d72e/0126_xiong3_xiong_6280d63a.wav,tone_labeled,p070,session_163447d5d72e,0126,,xiong3,xiong,3,,6280d63a,.wav,legacy_session,ok
raw/mandarin-tone-recordings/audio_fixed_abe/p070/session_163447d5d72e/0127_song1_song_e410775f.wav,tone_labeled,p070,session_163447d5d72e,0127,,song1,song,1,,e410775f,.wav,legacy_session,ok
raw/mandarin-tone-recordings/audio_fixed_abe/p070/session_163447d5d72e/0128_si1_si_e90fa7c3.wav,tone_labeled,p070,session_163447d5d72e,0128,,si1,si,1,,e90fa7c3,.wav,legacy_session,ok
raw/mandarin-tone-recordings/audio_fixed_abe/p070/session_163447d5d72e/0129_eng2_eng_74673e7b.wav,tone_labeled,p070,session_163447d5d72e,0129,,eng2,eng,2,,74673e7b,.wav,legacy_session,ok
raw/mandarin-tone-recordings/audio_fixed_abe/p070/session_163447d5d72e/0130_cao4_cao_214d65ea.wav,tone_labeled,p070,session_163447d5d72e,0130,,cao4,cao,4,,214d65ea,.wav,legacy_session,ok
raw/mandarin-tone-recordings/audio_fixed_abe/p070/session_163447d5d72e/0131_hao2_hao_297044f9.wav,tone_labeled,p070,session_163447d5d72e,0131,,hao2,hao,2,,297044f9,.wav,legacy_session,ok
raw/mandarin-tone-recordings/audio_fixed_abe/p070/session_163447d5d72e/0132_weng3_weng_82e18189.wav,tone_labeled,p070,session_163447d5d72e,0132,,weng3,weng,3,,82e18189,.wav,legacy_session,ok
raw/mandarin-tone-recordings/audio_fixed_abe/p070/session_163447d5d72e/0133_yvn1_yvn_4b019a12.wav,tone_labeled,p070,session_163447d5d72e,0133,,yvn1,yvn,1,,4b019a12,.wav,legacy_session,ok
raw/mandarin-tone-recordings/audio_fixed_abe/p070/session_163447d5d72e/0134_du3_du_3a372d9f.wav,tone_labeled,p070,session_163447d5d72e,0134,,du3,du,3,,3a372d9f,.wav,legacy_session,ok
raw/mandarin-tone-recordings/audio_fixed_abe/p070/session_163447d5d72e/0135_zhuang2_zhuang_01b4d212.wav,tone_labeled,p070,session_163447d5d72e,0135,,zhuang2,zhuang,2,,01b4d212,.wav,legacy_session,ok
raw/mandarin-tone-recordings/audio_fixed_abe/p070/session_163447d5d72e/0136_bo1_bo_f957d3ef.wav,tone_labeled,p070,session_163447d5d72e,0136,,bo1,bo,1,,f957d3ef,.wav,legacy_session,ok
raw/mandarin-tone-recordings/audio_fixed_abe/p070/session_163447d5d72e/0137_la3_la_64d7b7a7.wav,tone_labeled,p070,session_163447d5d72e,0137,,la3,la,3,,64d7b7a7,.wav,legacy_session,ok
raw/mandarin-tone-recordings/audio_fixed_abe/p070/session_163447d5d72e/0138_zheng4_zheng_b76e8fae.wav,tone_labeled,p070,session_163447d5d72e,0138,,zheng4,zheng,4,,b76e8fae,.wav,legacy_session,ok
raw/mandarin-tone-recordings/audio_fixed_abe/p070/session_163447d5d72e/0139_ca2_ca_d2c8ec73.wav,tone_labeled,p070,session_163447d5d72e,0139,,ca2,ca,2,,d2c8ec73,.wav,legacy_session,ok
raw/mandarin-tone-recordings/audio_fixed_abe/p070/session_163447d5d72e/0140_cei3_cei_5475a97b.wav,tone_labeled,p070,session_163447d5d72e,0140,,cei3,cei,3,,5475a97b,.wav,legacy_session,ok
raw/mandarin-tone-recordings/audio_fixed_abe/p070/session_163447d5d72e/0141_mou4_mou_c4d93305.wav,tone_labeled,p070,session_163447d5d72e,0141,,mou4,mou,4,,c4d93305,.wav,legacy_session,ok
raw/mandarin-tone-recordings/audio_fixed_abe/p070/session_163447d5d72e/0142_ya4_ya_ebedff4c.wav,tone_labeled,p070,session_163447d5d72e,0142,,ya4,ya,4,,ebedff4c,.wav,legacy_session,ok
raw/mandarin-tone-recordings/audio_fixed_abe/p070/session_163447d5d72e/0143_lv3_lv_d6972b1d.wav,tone_labeled,p070,session_163447d5d72e,0143,,lv3,lv,3,,d6972b1d,.wav,legacy_session,ok
raw/mandarin-tone-recordings/audio_fixed_abe/p070/session_163447d5d72e/0144_niao1_niao_6a809de3.wav,tone_labeled,p070,session_163447d5d72e,0144,,niao1,niao,1,,6a809de3,.wav,legacy_session,ok
raw/mandarin-tone-recordings/audio_fixed_abe/p070/session_163447d5d72e/0145_cai1_cai_d048505c.wav,tone_labeled,p070,session_163447d5d72e,0145,,cai1,cai,1,,d048505c,.wav,legacy_session,ok
raw/mandarin-tone-recordings/audio_fixed_abe/p070/session_163447d5d72e/0146_wai4_wai_4a86c684.wav,tone_labeled,p070,session_163447d5d72e,0146,,wai4,wai,4,,4a86c684,.wav,legacy_session,ok
raw/mandarin-tone-recordings/audio_fixed_abe/p070/session_163447d5d72e/0147_pan1_pan_4e5abb2a.wav,tone_labeled,p070,session_163447d5d72e,0147,,pan1,pan,1,,4e5abb2a,.wav,legacy_session,ok
raw/mandarin-tone-recordings/audio_fixed_abe/p070/session_163447d5d72e/0148_pou3_pou_787475bc.wav,tone_labeled,p070,session_163447d5d72e,0148,,pou3,pou,3,,787475bc,.wav,legacy_session,ok
raw/mandarin-tone-recordings/audio_fixed_abe/p070/session_163447d5d72e/0149_dan1_dan_b5481e8d.wav,tone_labeled,p070,session_163447d5d72e,0149,,dan1,dan,1,,b5481e8d,.wav,legacy_session,ok
raw/mandarin-tone-recordings/audio_fixed_abe/p070/session_163447d5d72e/0150_cen3_cen_2894a49d.wav,tone_labeled,p070,session_163447d5d72e,0150,,cen3,cen,3,,2894a49d,.wav,legacy_session,ok
raw/mandarin-tone-recordings/audio_fixed_abe/p070/session_163447d5d72e/0151_nao3_nao_d25eb532.wav,tone_labeled,p070,session_163447d5d72e,0151,,nao3,nao,3,,d25eb532,.wav,legacy_session,ok
raw/mandarin-tone-recordings/audio_fixed_abe/p070/session_163447d5d72e/0152_can2_can_218442b6.wav,tone_labeled,p070,session_163447d5d72e,0152,,can2,can,2,,218442b6,.wav,legacy_session,ok
raw/mandarin-tone-recordings/audio_fixed_abe/p070/session_163447d5d72e/0153_neng1_neng_1bc86691.wav,tone_labeled,p070,session_163447d5d72e,0153,,neng1,neng,1,,1bc86691,.wav,legacy_session,ok
raw/mandarin-tone-recordings/audio_fixed_abe/p070/session_163447d5d72e/0154_zi4_zi_f1baee2c.wav,tone_labeled,p070,session_163447d5d72e,0154,,zi4,zi,4,,f1baee2c,.wav,legacy_session,ok
raw/mandarin-tone-recordings/audio_fixed_abe/p070/session_163447d5d72e/0155_hu3_hu_32662389.wav,tone_labeled,p070,session_163447d5d72e,0155,,hu3,hu,3,,32662389,.wav,legacy_session,ok
raw/mandarin-tone-recordings/audio_fixed_abe/p070/session_163447d5d72e/0156_ni4_ni_99110c7a.wav,tone_labeled,p070,session_163447d5d72e,0156,,ni4,ni,4,,99110c7a,.wav,legacy_session,ok
raw/mandarin-tone-recordings/audio_fixed_abe/p070/session_163447d5d72e/0157_pian1_pian_586b92b9.wav,tone_labeled,p070,session_163447d5d72e,0157,,pian1,pian,1,,586b92b9,.wav,legacy_session,ok
raw/mandarin-tone-recordings/audio_fixed_abe/p070/session_163447d5d72e/0158_lai4_lai_58e0faff.wav,tone_labeled,p070,session_163447d5d72e,0158,,lai4,lai,4,,58e0faff,.wav,legacy_session,ok
raw/mandarin-tone-recordings/audio_fixed_abe/p070/session_163447d5d72e/0159_xian2_xian_eb8474b9.wav,tone_labeled,p070,session_163447d5d72e,0159,,xian2,xian,2,,eb8474b9,.wav,legacy_session,ok
raw/mandarin-tone-recordings/audio_fixed_abe/p070/session_163447d5d72e/0160_yvn3_yvn_fe8a3669.wav,tone_labeled,p070,session_163447d5d72e,0160,,yvn3,yvn,3,,fe8a3669,.wav,legacy_session,ok
raw/mandarin-tone-recordings/audio_fixed_abe/p070/session_163447d5d72e/0161_chai4_chai_b3ab035f.wav,tone_labeled,p070,session_163447d5d72e,0161,,chai4,chai,4,,b3ab035f,.wav,legacy_session,ok
raw/mandarin-tone-recordings/audio_fixed_abe/p070/session_163447d5d72e/0162_ca3_ca_5e39f7e1.wav,tone_labeled,p070,session_163447d5d72e,0162,,ca3,ca,3,,5e39f7e1,.wav,legacy_session,ok
raw/mandarin-tone-recordings/audio_fixed_abe/p070/session_163447d5d72e/0163_pie1_pie_0c44d549.wav,tone_labeled,p070,session_163447d5d72e,0163,,pie1,pie,1,,0c44d549,.wav,legacy_session,ok
raw/mandarin-tone-recordings/audio_fixed_abe/p070/session_163447d5d72e/0164_chu2_chu_bbc106af.wav,tone_labeled,p070,session_163447d5d72e,0164,,chu2,chu,2,,bbc106af,.wav,legacy_session,ok
raw/mandarin-tone-recordings/audio_fixed_abe/p070/session_163447d5d72e/0165_zhei1_zhei_83392f36.wav,tone_labeled,p070,session_163447d5d72e,0165,,zhei1,zhei,1,,83392f36,.wav,legacy_session,ok
raw/mandarin-tone-recordings/audio_fixed_abe/p070/session_163447d5d72e/0166_ye2_ye_1f6aa4c2.wav,tone_labeled,p070,session_163447d5d72e,0166,,ye2,ye,2,,1f6aa4c2,.wav,legacy_session,ok
raw/mandarin-tone-recordings/audio_fixed_abe/p070/session_163447d5d72e/0167_mao2_mao_af9cd3c8.wav,tone_labeled,p070,session_163447d5d72e,0167,,mao2,mao,2,,af9cd3c8,.wav,legacy_session,ok
raw/mandarin-tone-recordings/audio_fixed_abe/p070/session_163447d5d72e/0168_yvan1_yvan_f81d4247.wav,tone_labeled,p070,session_163447d5d72e,0168,,yvan1,yvan,1,,f81d4247,.wav,legacy_session,ok
raw/mandarin-tone-recordings/audio_fixed_abe/p070/session_163447d5d72e/0169_min2_min_5a8e9bc0.wav,tone_labeled,p070,session_163447d5d72e,0169,,min2,min,2,,5a8e9bc0,.wav,legacy_session,ok
raw/mandarin-tone-recordings/audio_fixed_abe/p070/session_163447d5d72e/0170_hong4_hong_f5b297b2.wav,tone_labeled,p070,session_163447d5d72e,0170,,hong4,hong,4,,f5b297b2,.wav,legacy_session,ok
raw/mandarin-tone-recordings/audio_fixed_abe/p070/session_163447d5d72e/0171_pao2_pao_ccb385a6.wav,tone_labeled,p070,session_163447d5d72e,0171,,pao2,pao,2,,ccb385a6,.wav,legacy_session,ok
raw/mandarin-tone-recordings/audio_fixed_abe/p070/session_163447d5d72e/0172_zhen2_zhen_2fdf72b2.wav,tone_labeled,p070,session_163447d5d72e,0172,,zhen2,zhen,2,,2fdf72b2,.wav,legacy_session,ok
raw/mandarin-tone-recordings/audio_fixed_abe/p070/session_163447d5d72e/0173_zhong1_zhong_b3ebc041.wav,tone_labeled,p070,session_163447d5d72e,0173,,zhong1,zhong,1,,b3ebc041,.wav,legacy_session,ok
raw/mandarin-tone-recordings/audio_fixed_abe/p070/session_163447d5d72e/0174_lou1_lou_a500e6b6.wav,tone_labeled,p070,session_163447d5d72e,0174,,lou1,lou,1,,a500e6b6,.wav,legacy_session,ok
raw/mandarin-tone-recordings/audio_fixed_abe/p070/session_163447d5d72e/0175_yong1_yong_a09aa143.wav,tone_labeled,p070,session_163447d5d72e,0175,,yong1,yong,1,,a09aa143,.wav,legacy_session,ok
raw/mandarin-tone-recordings/audio_fixed_abe/p070/session_163447d5d72e/0176_xuan2_xuan_adfa3261.wav,tone_labeled,p070,session_163447d5d72e,0176,,xuan2,xuan,2,,adfa3261,.wav,legacy_session,ok
raw/mandarin-tone-recordings/audio_fixed_abe/p070/session_163447d5d72e/0177_you4_you_051bf838.wav,tone_labeled,p070,session_163447d5d72e,0177,,you4,you,4,,051bf838,.wav,legacy_session,ok
raw/mandarin-tone-recordings/audio_fixed_abe/p070/session_163447d5d72e/0178_lang3_lang_d325e91f.wav,tone_labeled,p070,session_163447d5d72e,0178,,lang3,lang,3,,d325e91f,.wav,legacy_session,ok
raw/mandarin-tone-recordings/audio_fixed_abe/p070/session_163447d5d72e/0179_chao2_chao_b9e9dec0.wav,tone_labeled,p070,session_163447d5d72e,0179,,chao2,chao,2,,b9e9dec0,.wav,legacy_session,ok
raw/mandarin-tone-recordings/audio_fixed_abe/p070/session_163447d5d72e/0180_liang2_liang_aa27b1c0.wav,tone_labeled,p070,session_163447d5d72e,0180,,liang2,liang,2,,aa27b1c0,.wav,legacy_session,ok
raw/mandarin-tone-recordings/audio_fixed_abe/p070/session_163447d5d72e/0181_pai3_pai_e9ea0d27.wav,tone_labeled,p070,session_163447d5d72e,0181,,pai3,pai,3,,e9ea0d27,.wav,legacy_session,ok
raw/mandarin-tone-recordings/audio_fixed_abe/p070/session_163447d5d72e/0182_ha2_ha_0b7c8d59.wav,tone_labeled,p070,session_163447d5d72e,0182,,ha2,ha,2,,0b7c8d59,.wav,legacy_session,ok
raw/mandarin-tone-recordings/audio_fixed_abe/p070/session_163447d5d72e/0183_dia4_dia_2adae945.wav,tone_labeled,p070,session_163447d5d72e,0183,,dia4,dia,4,,2adae945,.wav,legacy_session,ok
raw/mandarin-tone-recordings/audio_fixed_abe/p070/session_163447d5d72e/0184_bei2_bei_2747b912.wav,tone_labeled,p070,session_163447d5d72e,0184,,bei2,bei,2,,2747b912,.wav,legacy_session,ok
raw/mandarin-tone-recordings/audio_fixed_abe/p070/session_163447d5d72e/0185_heng1_heng_b450da6f.wav,tone_labeled,p070,session_163447d5d72e,0185,,heng1,heng,1,,b450da6f,.wav,legacy_session,ok
raw/mandarin-tone-recordings/audio_fixed_abe/p070/session_163447d5d72e/0186_yv1_yv_5299aa34.wav,tone_labeled,p070,session_163447d5d72e,0186,,yv1,yv,1,,5299aa34,.wav,legacy_session,ok
raw/mandarin-tone-recordings/audio_fixed_abe/p070/session_163447d5d72e/0187_pin4_pin_e0eb80f3.wav,tone_labeled,p070,session_163447d5d72e,0187,,pin4,pin,4,,e0eb80f3,.wav,legacy_session,ok
raw/mandarin-tone-recordings/audio_fixed_abe/p070/session_163447d5d72e/0188_guo4_guo_81a44020.wav,tone_labeled,p070,session_163447d5d72e,0188,,guo4,guo,4,,81a44020,.wav,legacy_session,ok
raw/mandarin-tone-recordings/audio_fixed_abe/p070/session_163447d5d72e/0189_lang2_lang_3ed64a44.wav,tone_labeled,p070,session_163447d5d72e,0189,,lang2,lang,2,,3ed64a44,.wav,legacy_session,ok
raw/mandarin-tone-recordings/audio_fixed_abe/p070/session_163447d5d72e/0190_sun2_sun_26d93ddd.wav,tone_labeled,p070,session_163447d5d72e,0190,,sun2,sun,2,,26d93ddd,.wav,legacy_session,ok
raw/mandarin-tone-recordings/audio_fixed_abe/p070/session_163447d5d72e/0191_che1_che_0bcd0f83.wav,tone_labeled,p070,session_163447d5d72e,0191,,che1,che,1,,0bcd0f83,.wav,legacy_session,ok
raw/mandarin-tone-recordings/audio_fixed_abe/p070/session_163447d5d72e/0192_xing4_xing_1cced3a8.wav,tone_labeled,p070,session_163447d5d72e,0192,,xing4,xing,4,,1cced3a8,.wav,legacy_session,ok
raw/mandarin-tone-recordings/audio_fixed_abe/p070/session_163447d5d72e/0193_xiu1_xiu_2c64c92f.wav,tone_labeled,p070,session_163447d5d72e,0193,,xiu1,xiu,1,,2c64c92f,.wav,legacy_session,ok
raw/mandarin-tone-recordings/audio_fixed_abe/p070/session_163447d5d72e/0194_re1_re_a3e188d7.wav,tone_labeled,p070,session_163447d5d72e,0194,,re1,re,1,,a3e188d7,.wav,legacy_session,ok
raw/mandarin-tone-recordings/audio_fixed_abe/p070/session_163447d5d72e/0195_san4_san_413a5005.wav,tone_labeled,p070,session_163447d5d72e,0195,,san4,san,4,,413a5005,.wav,legacy_session,ok
raw/mandarin-tone-recordings/audio_fixed_abe/p070/session_163447d5d72e/0196_ta2_ta_57a91e62.wav,tone_labeled,p070,session_163447d5d72e,0196,,ta2,ta,2,,57a91e62,.wav,legacy_session,ok
raw/mandarin-tone-recordings/audio_fixed_abe/p070/session_163447d5d72e/0197_sen4_sen_bacc9cc1.wav,tone_labeled,p070,session_163447d5d72e,0197,,sen4,sen,4,,bacc9cc1,.wav,legacy_session,ok
raw/mandarin-tone-recordings/audio_fixed_abe/p070/session_163447d5d72e/0198_guo2_guo_88127130.wav,tone_labeled,p070,session_163447d5d72e,0198,,guo2,guo,2,,88127130,.wav,legacy_session,ok
raw/mandarin-tone-recordings/audio_fixed_abe/p070/session_163447d5d72e/0199_wen4_wen_4e11c35e.wav,tone_labeled,p070,session_163447d5d72e,0199,,wen4,wen,4,,4e11c35e,.wav,legacy_session,ok
raw/mandarin-tone-recordings/audio_fixed_abe/p070/session_163447d5d72e/0200_ren4_ren_8fee48b5.wav,tone_labeled,p070,session_163447d5d72e,0200,,ren4,ren,4,,8fee48b5,.wav,legacy_session,ok
raw/mandarin-tone-recordings/audio_fixed_abe/p070/session_163447d5d72e/0201_mian3_mian_b39407ed.wav,tone_labeled,p070,session_163447d5d72e,0201,,mian3,mian,3,,b39407ed,.wav,legacy_session,ok
raw/mandarin-tone-recordings/audio_fixed_abe/p070/session_163447d5d72e/0202_gui4_gui_2c957287.wav,tone_labeled,p070,session_163447d5d72e,0202,,gui4,gui,4,,2c957287,.wav,legacy_session,ok
raw/mandarin-tone-recordings/audio_fixed_abe/p070/session_163447d5d72e/0203_gu1_gu_c60509d2.wav,tone_labeled,p070,session_163447d5d72e,0203,,gu1,gu,1,,c60509d2,.wav,legacy_session,ok
raw/mandarin-tone-recordings/audio_fixed_abe/p070/session_163447d5d72e/0204_nei2_nei_7e3917b4.wav,tone_labeled,p070,session_163447d5d72e,0204,,nei2,nei,2,,7e3917b4,.wav,legacy_session,ok
raw/mandarin-tone-recordings/audio_fixed_abe/p070/session_163447d5d72e/0205_rong4_rong_0e3b65a9.wav,tone_labeled,p070,session_163447d5d72e,0205,,rong4,rong,4,,0e3b65a9,.wav,legacy_session,ok
raw/mandarin-tone-recordings/audio_fixed_abe/p070/session_163447d5d72e/0206_bai3_bai_dbda990b.wav,tone_labeled,p070,session_163447d5d72e,0206,,bai3,bai,3,,dbda990b,.wav,legacy_session,ok
raw/mandarin-tone-recordings/audio_fixed_abe/p070/session_163447d5d72e/0207_shei1_shei_426e636b.wav,tone_labeled,p070,session_163447d5d72e,0207,,shei1,shei,1,,426e636b,.wav,legacy_session,ok
raw/mandarin-tone-recordings/audio_fixed_abe/p070/session_163447d5d72e/0208_niao2_niao_d757e9e8.wav,tone_labeled,p070,session_163447d5d72e,0208,,niao2,niao,2,,d757e9e8,.wav,legacy_session,ok
raw/mandarin-tone-recordings/audio_fixed_abe/p070/session_163447d5d72e/0209_qiu2_qiu_47cf74f2.wav,tone_labeled,p070,session_163447d5d72e,0209,,qiu2,qiu,2,,47cf74f2,.wav,legacy_session,ok
raw/mandarin-tone-recordings/audio_fixed_abe/p070/session_163447d5d72e/0210_re4_re_b7e56cbb.wav,tone_labeled,p070,session_163447d5d72e,0210,,re4,re,4,,b7e56cbb,.wav,legacy_session,ok
raw/mandarin-tone-recordings/audio_fixed_abe/p070/session_163447d5d72e/0211_gao1_gao_8fa7ed7d.wav,tone_labeled,p070,session_163447d5d72e,0211,,gao1,gao,1,,8fa7ed7d,.wav,legacy_session,ok
raw/mandarin-tone-recordings/audio_fixed_abe/p070/session_163447d5d72e/0212_fa3_fa_ef3566b7.wav,tone_labeled,p070,session_163447d5d72e,0212,,fa3,fa,3,,ef3566b7,.wav,legacy_session,ok
raw/mandarin-tone-recordings/audio_fixed_abe/p070/session_163447d5d72e/0213_sha1_sha_4a42d672.wav,tone_labeled,p070,session_163447d5d72e,0213,,sha1,sha,1,,4a42d672,.wav,legacy_session,ok
raw/mandarin-tone-recordings/audio_fixed_abe/p070/session_163447d5d72e/0214_shan1_shan_c3709b5c.wav,tone_labeled,p070,session_163447d5d72e,0214,,shan1,shan,1,,c3709b5c,.wav,legacy_session,ok
raw/mandarin-tone-recordings/audio_fixed_abe/p070/session_163447d5d72e/0215_lou2_lou_13d81991.wav,tone_labeled,p070,session_163447d5d72e,0215,,lou2,lou,2,,13d81991,.wav,legacy_session,ok
raw/mandarin-tone-recordings/audio_fixed_abe/p070/session_163447d5d72e/0216_rang4_rang_f4e31cfd.wav,tone_labeled,p070,session_163447d5d72e,0216,,rang4,rang,4,,f4e31cfd,.wav,legacy_session,ok
raw/mandarin-tone-recordings/audio_fixed_abe/p070/session_163447d5d72e/0217_tui3_tui_4c95ba02.wav,tone_labeled,p070,session_163447d5d72e,0217,,tui3,tui,3,,4c95ba02,.wav,legacy_session,ok
raw/mandarin-tone-recordings/audio_fixed_abe/p070/session_163447d5d72e/0218_gui1_gui_eda1bc7b.wav,tone_labeled,p070,session_163447d5d72e,0218,,gui1,gui,1,,eda1bc7b,.wav,legacy_session,ok
raw/mandarin-tone-recordings/audio_fixed_abe/p070/session_163447d5d72e/0219_tie2_tie_01b0f237.wav,tone_labeled,p070,session_163447d5d72e,0219,,tie2,tie,2,,01b0f237,.wav,legacy_session,ok
raw/mandarin-tone-recordings/audio_fixed_abe/p070/session_163447d5d72e/0220_cen1_cen_2575122f.wav,tone_labeled,p070,session_163447d5d72e,0220,,cen1,cen,1,,2575122f,.wav,legacy_session,ok
raw/mandarin-tone-recordings/audio_fixed_abe/p070/session_163447d5d72e/0221_ren2_ren_6d48351b.wav,tone_labeled,p070,session_163447d5d72e,0221,,ren2,ren,2,,6d48351b,.wav,legacy_session,ok
raw/mandarin-tone-recordings/audio_fixed_abe/p070/session_163447d5d72e/0222_shan3_shan_764cd9e9.wav,tone_labeled,p070,session_163447d5d72e,0222,,shan3,shan,3,,764cd9e9,.wav,legacy_session,ok
raw/mandarin-tone-recordings/audio_fixed_abe/p070/session_163447d5d72e/0223_huang2_huang_a368bbe6.wav,tone_labeled,p070,session_163447d5d72e,0223,,huang2,huang,2,,a368bbe6,.wav,legacy_session,ok
raw/mandarin-tone-recordings/audio_fixed_abe/p070/session_163447d5d72e/0224_hou1_hou_eed92f09.wav,tone_labeled,p070,session_163447d5d72e,0224,,hou1,hou,1,,eed92f09,.wav,legacy_session,ok
raw/mandarin-tone-recordings/audio_fixed_abe/p070/session_163447d5d72e/0225_cui3_cui_463c4b81.wav,tone_labeled,p070,session_163447d5d72e,0225,,cui3,cui,3,,463c4b81,.wav,legacy_session,ok
raw/mandarin-tone-recordings/audio_fixed_abe/p070/session_163447d5d72e/0226_hu2_hu_d196dc58.wav,tone_labeled,p070,session_163447d5d72e,0226,,hu2,hu,2,,d196dc58,.wav,legacy_session,ok
raw/mandarin-tone-recordings/audio_fixed_abe/p070/session_163447d5d72e/0227_cong2_cong_8a46a3f1.wav,tone_labeled,p070,session_163447d5d72e,0227,,cong2,cong,2,,8a46a3f1,.wav,legacy_session,ok
raw/mandarin-tone-recordings/audio_fixed_abe/p070/session_163447d5d72e/0228_yang2_yang_41349f21.wav,tone_labeled,p070,session_163447d5d72e,0228,,yang2,yang,2,,41349f21,.wav,legacy_session,ok
raw/mandarin-tone-recordings/audio_fixed_abe/p070/session_163447d5d72e/0229_kan4_kan_15327346.wav,tone_labeled,p070,session_163447d5d72e,0229,,kan4,kan,4,,15327346,.wav,legacy_session,ok
raw/mandarin-tone-recordings/audio_fixed_abe/p070/session_163447d5d72e/0230_tie3_tie_ec00a206.wav,tone_labeled,p070,session_163447d5d72e,0230,,tie3,tie,3,,ec00a206,.wav,legacy_session,ok
raw/mandarin-tone-recordings/audio_fixed_abe/p070/session_163447d5d72e/0231_nu2_nu_d52675d3.wav,tone_labeled,p070,session_163447d5d72e,0231,,nu2,nu,2,,d52675d3,.wav,legacy_session,ok
raw/mandarin-tone-recordings/audio_fixed_abe/p070/session_163447d5d72e/0232_ou2_ou_932f63a2.wav,tone_labeled,p070,session_163447d5d72e,0232,,ou2,ou,2,,932f63a2,.wav,legacy_session,ok
raw/mandarin-tone-recordings/audio_fixed_abe/p070/session_163447d5d72e/0233_chun4_chun_f3f817ff.wav,tone_labeled,p070,session_163447d5d72e,0233,,chun4,chun,4,,f3f817ff,.wav,legacy_session,ok
raw/mandarin-tone-recordings/audio_fixed_abe/p070/session_163447d5d72e/0234_zhuai1_zhuai_c776f3ff.wav,tone_labeled,p070,session_163447d5d72e,0234,,zhuai1,zhuai,1,,c776f3ff,.wav,legacy_session,ok
raw/mandarin-tone-recordings/audio_fixed_abe/p070/session_163447d5d72e/0235_huan3_huan_81b0c76f.wav,tone_labeled,p070,session_163447d5d72e,0235,,huan3,huan,3,,81b0c76f,.wav,legacy_session,ok
raw/mandarin-tone-recordings/audio_fixed_abe/p070/session_163447d5d72e/0236_zhai2_zhai_c146d7d3.wav,tone_labeled,p070,session_163447d5d72e,0236,,zhai2,zhai,2,,c146d7d3,.wav,legacy_session,ok
raw/mandarin-tone-recordings/audio_fixed_abe/p070/session_163447d5d72e/0237_ta1_ta_8f3390e2.wav,tone_labeled,p070,session_163447d5d72e,0237,,ta1,ta,1,,8f3390e2,.wav,legacy_session,ok
raw/mandarin-tone-recordings/audio_fixed_abe/p070/session_163447d5d72e/0238_beng3_beng_5a1f86bc.wav,tone_labeled,p070,session_163447d5d72e,0238,,beng3,beng,3,,5a1f86bc,.wav,legacy_session,ok
raw/mandarin-tone-recordings/audio_fixed_abe/p070/session_163447d5d72e/0239_lv4_lv_9b85b9f7.wav,tone_labeled,p070,session_163447d5d72e,0239,,lv4,lv,4,,9b85b9f7,.wav,legacy_session,ok
raw/mandarin-tone-recordings/audio_fixed_abe/p070/session_163447d5d72e/0240_cen2_cen_7202597c.wav,tone_labeled,p070,session_163447d5d72e,0240,,cen2,cen,2,,7202597c,.wav,legacy_session,ok
raw/mandarin-tone-recordings/audio_fixed_abe/p070/session_163447d5d72e/0241_zhou4_zhou_7a4aa749.wav,tone_labeled,p070,session_163447d5d72e,0241,,zhou4,zhou,4,,7a4aa749,.wav,legacy_session,ok
raw/mandarin-tone-recordings/audio_fixed_abe/p070/session_163447d5d72e/0242_di4_di_ab8a2ace.wav,tone_labeled,p070,session_163447d5d72e,0242,,di4,di,4,,ab8a2ace,.wav,legacy_session,ok
raw/mandarin-tone-recordings/audio_fixed_abe/p070/session_163447d5d72e/0243_jve4_jve_c10f5306.wav,tone_labeled,p070,session_163447d5d72e,0243,,jve4,jve,4,,c10f5306,.wav,legacy_session,ok
raw/mandarin-tone-recordings/audio_fixed_abe/p070/session_163447d5d72e/0244_bin4_bin_3531d9b7.wav,tone_labeled,p070,session_163447d5d72e,0244,,bin4,bin,4,,3531d9b7,.wav,legacy_session,ok
raw/mandarin-tone-recordings/audio_fixed_abe/p070/session_163447d5d72e/0245_chuai4_chuai_3a74d177.wav,tone_labeled,p070,session_163447d5d72e,0245,,chuai4,chuai,4,,3a74d177,.wav,legacy_session,ok
raw/mandarin-tone-recordings/audio_fixed_abe/p070/session_163447d5d72e/0246_bao1_bao_faac4478.wav,tone_labeled,p070,session_163447d5d72e,0246,,bao1,bao,1,,faac4478,.wav,legacy_session,ok
raw/mandarin-tone-recordings/audio_fixed_abe/p070/session_163447d5d72e/0247_nou2_nou_c9d2e7d1.wav,tone_labeled,p070,session_163447d5d72e,0247,,nou2,nou,2,,c9d2e7d1,.wav,legacy_session,ok
raw/mandarin-tone-recordings/audio_fixed_abe/p070/session_163447d5d72e/0248_shui1_shui_3165c591.wav,tone_labeled,p070,session_163447d5d72e,0248,,shui1,shui,1,,3165c591,.wav,legacy_session,ok
raw/mandarin-tone-recordings/audio_fixed_abe/p070/session_163447d5d72e/0249_cai3_cai_e81e4811.wav,tone_labeled,p070,session_163447d5d72e,0249,,cai3,cai,3,,e81e4811,.wav,legacy_session,ok
raw/mandarin-tone-recordings/audio_fixed_abe/p070/session_163447d5d72e/0250_diao4_diao_4c48ffc8.wav,tone_labeled,p070,session_163447d5d72e,0250,,diao4,diao,4,,4c48ffc8,.wav,legacy_session,ok
raw/mandarin-tone-recordings/audio_fixed_abe/p070/session_163447d5d72e/0251_yi4_yi_e9a29f97.wav,tone_labeled,p070,session_163447d5d72e,0251,,yi4,yi,4,,e9a29f97,.wav,legacy_session,ok
raw/mandarin-tone-recordings/audio_fixed_abe/p070/session_163447d5d72e/0252_hai2_hai_30e1cd77.wav,tone_labeled,p070,session_163447d5d72e,0252,,hai2,hai,2,,30e1cd77,.wav,legacy_session,ok
raw/mandarin-tone-recordings/audio_fixed_abe/p070/session_163447d5d72e/0253_tuan3_tuan_aeac2edd.wav,tone_labeled,p070,session_163447d5d72e,0253,,tuan3,tuan,3,,aeac2edd,.wav,legacy_session,ok
raw/mandarin-tone-recordings/audio_fixed_abe/p070/session_163447d5d72e/0254_fang3_fang_03d6f072.wav,tone_labeled,p070,session_163447d5d72e,0254,,fang3,fang,3,,03d6f072,.wav,legacy_session,ok
raw/mandarin-tone-recordings/audio_fixed_abe/p070/session_163447d5d72e/0255_shang1_shang_5c50226a.wav,tone_labeled,p070,session_163447d5d72e,0255,,shang1,shang,1,,5c50226a,.wav,legacy_session,ok
raw/mandarin-tone-recordings/audio_fixed_abe/p070/session_163447d5d72e/0256_tun1_tun_b5bd325a.wav,tone_labeled,p070,session_163447d5d72e,0256,,tun1,tun,1,,b5bd325a,.wav,legacy_session,ok
raw/mandarin-tone-recordings/audio_fixed_abe/p070/session_163447d5d72e/0257_chao4_chao_ebdb57ae.wav,tone_labeled,p070,session_163447d5d72e,0257,,chao4,chao,4,,ebdb57ae,.wav,legacy_session,ok
raw/mandarin-tone-recordings/audio_fixed_abe/p070/session_163447d5d72e/0258_chuo1_chuo_7544988a.wav,tone_labeled,p070,session_163447d5d72e,0258,,chuo1,chuo,1,,7544988a,.wav,legacy_session,ok
raw/mandarin-tone-recordings/audio_fixed_abe/p070/session_163447d5d72e/0259_ti4_ti_25aa1765.wav,tone_labeled,p070,session_163447d5d72e,0259,,ti4,ti,4,,25aa1765,.wav,legacy_session,ok
raw/mandarin-tone-recordings/audio_fixed_abe/p070/session_163447d5d72e/0260_ta3_ta_a8e12b7c.wav,tone_labeled,p070,session_163447d5d72e,0260,,ta3,ta,3,,a8e12b7c,.wav,legacy_session,ok
raw/mandarin-tone-recordings/audio_fixed_abe/p070/session_163447d5d72e/0261_lei4_lei_9b97492d.wav,tone_labeled,p070,session_163447d5d72e,0261,,lei4,lei,4,,9b97492d,.wav,legacy_session,ok
raw/mandarin-tone-recordings/audio_fixed_abe/p070/session_163447d5d72e/0262_zhao3_zhao_e8ece84a.wav,tone_labeled,p070,session_163447d5d72e,0262,,zhao3,zhao,3,,e8ece84a,.wav,legacy_session,ok
raw/mandarin-tone-recordings/audio_fixed_abe/p070/session_163447d5d72e/0263_diao3_diao_abbcf5bc.wav,tone_labeled,p070,session_163447d5d72e,0263,,diao3,diao,3,,abbcf5bc,.wav,legacy_session,ok
raw/mandarin-tone-recordings/audio_fixed_abe/p070/session_163447d5d72e/0264_ken2_ken_40968f71.wav,tone_labeled,p070,session_163447d5d72e,0264,,ken2,ken,2,,40968f71,.wav,legacy_session,ok
raw/mandarin-tone-recordings/audio_fixed_abe/p070/session_163447d5d72e/0265_chen2_chen_d23d0477.wav,tone_labeled,p070,session_163447d5d72e,0265,,chen2,chen,2,,d23d0477,.wav,legacy_session,ok
raw/mandarin-tone-recordings/audio_fixed_abe/p070/session_163447d5d72e/0266_qvan3_qvan_241b5953.wav,tone_labeled,p070,session_163447d5d72e,0266,,qvan3,qvan,3,,241b5953,.wav,legacy_session,ok
raw/mandarin-tone-recordings/audio_fixed_abe/p070/session_163447d5d72e/0267_an2_an_9635ed8a.wav,tone_labeled,p070,session_163447d5d72e,0267,,an2,an,2,,9635ed8a,.wav,legacy_session,ok
raw/mandarin-tone-recordings/audio_fixed_abe/p070/session_163447d5d72e/0268_zu1_zu_e490bc9a.wav,tone_labeled,p070,session_163447d5d72e,0268,,zu1,zu,1,,e490bc9a,.wav,legacy_session,ok
raw/mandarin-tone-recordings/audio_fixed_abe/p070/session_163447d5d72e/0269_ying4_ying_e4ec932a.wav,tone_labeled,p070,session_163447d5d72e,0269,,ying4,ying,4,,e4ec932a,.wav,legacy_session,ok
raw/mandarin-tone-recordings/audio_fixed_abe/p070/session_163447d5d72e/0270_fan4_fan_1b10050d.wav,tone_labeled,p070,session_163447d5d72e,0270,,fan4,fan,4,,1b10050d,.wav,legacy_session,ok
raw/mandarin-tone-recordings/audio_fixed_abe/p070/session_163447d5d72e/0271_dun4_dun_9b5ba851.wav,tone_labeled,p070,session_163447d5d72e,0271,,dun4,dun,4,,9b5ba851,.wav,legacy_session,ok
raw/mandarin-tone-recordings/audio_fixed_abe/p070/session_163447d5d72e/0272_ruo3_ruo_96eae0c7.wav,tone_labeled,p070,session_163447d5d72e,0272,,ruo3,ruo,3,,96eae0c7,.wav,legacy_session,ok
raw/mandarin-tone-recordings/audio_fixed_abe/p070/session_163447d5d72e/0273_xvan3_xvan_94cbf0ca.wav,tone_labeled,p070,session_163447d5d72e,0273,,xvan3,xvan,3,,94cbf0ca,.wav,legacy_session,ok
raw/mandarin-tone-recordings/audio_fixed_abe/p070/session_163447d5d72e/0274_wo3_wo_9af4d695.wav,tone_labeled,p070,session_163447d5d72e,0274,,wo3,wo,3,,9af4d695,.wav,legacy_session,ok
raw/mandarin-tone-recordings/audio_fixed_abe/p070/session_163447d5d72e/0275_wan1_wan_12b2d514.wav,tone_labeled,p070,session_163447d5d72e,0275,,wan1,wan,1,,12b2d514,.wav,legacy_session,ok
raw/mandarin-tone-recordings/audio_fixed_abe/p070/session_163447d5d72e/0276_gong2_gong_bbd1109b.wav,tone_labeled,p070,session_163447d5d72e,0276,,gong2,gong,2,,bbd1109b,.wav,legacy_session,ok
raw/mandarin-tone-recordings/audio_fixed_abe/p070/session_163447d5d72e/0277_han3_han_9a783989.wav,tone_labeled,p070,session_163447d5d72e,0277,,han3,han,3,,9a783989,.wav,legacy_session,ok
raw/mandarin-tone-recordings/audio_fixed_abe/p070/session_163447d5d72e/0278_jin4_jin_847313db.wav,tone_labeled,p070,session_163447d5d72e,0278,,jin4,jin,4,,847313db,.wav,legacy_session,ok
raw/mandarin-tone-recordings/audio_fixed_abe/p070/session_163447d5d72e/0279_ping2_ping_a19dadc5.wav,tone_labeled,p070,session_163447d5d72e,0279,,ping2,ping,2,,a19dadc5,.wav,legacy_session,ok
raw/mandarin-tone-recordings/audio_fixed_abe/p070/session_163447d5d72e/0280_zu4_zu_ad5d1452.wav,tone_labeled,p070,session_163447d5d72e,0280,,zu4,zu,4,,ad5d1452,.wav,legacy_session,ok
raw/mandarin-tone-recordings/audio_fixed_abe/p070/session_163447d5d72e/0281_chan3_chan_897e8d93.wav,tone_labeled,p070,session_163447d5d72e,0281,,chan3,chan,3,,897e8d93,.wav,legacy_session,ok
raw/mandarin-tone-recordings/audio_fixed_abe/p070/session_163447d5d72e/0282_ran3_ran_a931d86d.wav,tone_labeled,p070,session_163447d5d72e,0282,,ran3,ran,3,,a931d86d,.wav,legacy_session,ok
raw/mandarin-tone-recordings/audio_fixed_abe/p070/session_163447d5d72e/0283_shou2_shou_f8f8d9c9.wav,tone_labeled,p070,session_163447d5d72e,0283,,shou2,shou,2,,f8f8d9c9,.wav,legacy_session,ok
raw/mandarin-tone-recordings/audio_fixed_abe/p070/session_163447d5d72e/0284_ke1_ke_b303d695.wav,tone_labeled,p070,session_163447d5d72e,0284,,ke1,ke,1,,b303d695,.wav,legacy_session,ok
raw/mandarin-tone-recordings/audio_fixed_abe/p070/session_163447d5d72e/0285_ke2_ke_d6de0146.wav,tone_labeled,p070,session_163447d5d72e,0285,,ke2,ke,2,,d6de0146,.wav,legacy_session,ok
raw/mandarin-tone-recordings/audio_fixed_abe/p070/session_163447d5d72e/0286_ca4_ca_d5bb4e04.wav,tone_labeled,p070,session_163447d5d72e,0286,,ca4,ca,4,,d5bb4e04,.wav,legacy_session,ok
raw/mandarin-tone-recordings/audio_fixed_abe/p070/session_163447d5d72e/0287_chua4_chua_3be4f481.wav,tone_labeled,p070,session_163447d5d72e,0287,,chua4,chua,4,,3be4f481,.wav,legacy_session,ok
raw/mandarin-tone-recordings/audio_fixed_abe/p070/session_163447d5d72e/0288_tao3_tao_5c0107ab.wav,tone_labeled,p070,session_163447d5d72e,0288,,tao3,tao,3,,5c0107ab,.wav,legacy_session,ok
raw/mandarin-tone-recordings/audio_fixed_abe/p070/session_163447d5d72e/0289_cang4_cang_e5480732.wav,tone_labeled,p070,session_163447d5d72e,0289,,cang4,cang,4,,e5480732,.wav,legacy_session,ok
raw/mandarin-tone-recordings/audio_fixed_abe/p070/session_163447d5d72e/0290_ne2_ne_79319567.wav,tone_labeled,p070,session_163447d5d72e,0290,,ne2,ne,2,,79319567,.wav,legacy_session,ok
raw/mandarin-tone-recordings/audio_fixed_abe/p070/session_163447d5d72e/0291_zhe4_zhe_37ae5546.wav,tone_labeled,p070,session_163447d5d72e,0291,,zhe4,zhe,4,,37ae5546,.wav,legacy_session,ok
raw/mandarin-tone-recordings/audio_fixed_abe/p070/session_163447d5d72e/0292_zun4_zun_43a81ba8.wav,tone_labeled,p070,session_163447d5d72e,0292,,zun4,zun,4,,43a81ba8,.wav,legacy_session,ok
raw/mandarin-tone-recordings/audio_fixed_abe/p070/session_163447d5d72e/0293_piao3_piao_d20b7dd3.wav,tone_labeled,p070,session_163447d5d72e,0293,,piao3,piao,3,,d20b7dd3,.wav,legacy_session,ok
raw/mandarin-tone-recordings/audio_fixed_abe/p070/session_163447d5d72e/0294_zhua2_zhua_124746ea.wav,tone_labeled,p070,session_163447d5d72e,0294,,zhua2,zhua,2,,124746ea,.wav,legacy_session,ok
raw/mandarin-tone-recordings/audio_fixed_abe/p070/session_163447d5d72e/0295_rua3_rua_5b58593f.wav,tone_labeled,p070,session_163447d5d72e,0295,,rua3,rua,3,,5b58593f,.wav,legacy_session,ok
raw/mandarin-tone-recordings/audio_fixed_abe/p070/session_163447d5d72e/0296_la4_la_b9e11152.wav,tone_labeled,p070,session_163447d5d72e,0296,,la4,la,4,,b9e11152,.wav,legacy_session,ok
raw/mandarin-tone-recordings/audio_fixed_abe/p070/session_163447d5d72e/0297_pu1_pu_ec5d2222.wav,tone_labeled,p070,session_163447d5d72e,0297,,pu1,pu,1,,ec5d2222,.wav,legacy_session,ok
raw/mandarin-tone-recordings/audio_fixed_abe/p070/session_163447d5d72e/0298_luan1_luan_23169af6.wav,tone_labeled,p070,session_163447d5d72e,0298,,luan1,luan,1,,23169af6,.wav,legacy_session,ok
raw/mandarin-tone-recordings/audio_fixed_abe/p070/session_163447d5d72e/0299_guan2_guan_2fb34200.wav,tone_labeled,p070,session_163447d5d72e,0299,,guan2,guan,2,,2fb34200,.wav,legacy_session,ok
raw/mandarin-tone-recordings/audio_fixed_abe/p070/session_163447d5d72e/0300_kui3_kui_b8cb7757.wav,tone_labeled,p070,session_163447d5d72e,0300,,kui3,kui,3,,b8cb7757,.wav,legacy_session,ok
raw/mandarin-tone-recordings/audio_fixed_abe/p070/session_163447d5d72e/0301_qiao3_qiao_2ec8fe3a.wav,tone_labeled,p070,session_163447d5d72e,0301,,qiao3,qiao,3,,2ec8fe3a,.wav,legacy_session,ok
raw/mandarin-tone-recordings/audio_fixed_abe/p070/session_163447d5d72e/0302_cou2_cou_8d610ca3.wav,tone_labeled,p070,session_163447d5d72e,0302,,cou2,cou,2,,8d610ca3,.wav,legacy_session,ok
raw/mandarin-tone-recordings/audio_fixed_abe/p070/session_163447d5d72e/0303_shei2_shei_9d008548.wav,tone_labeled,p070,session_163447d5d72e,0303,,shei2,shei,2,,9d008548,.wav,legacy_session,ok
raw/mandarin-tone-recordings/audio_fixed_abe/p070/session_163447d5d72e/0304_chong2_chong_223b977e.wav,tone_labeled,p070,session_163447d5d72e,0304,,chong2,chong,2,,223b977e,.wav,legacy_session,ok
raw/mandarin-tone-recordings/audio_fixed_abe/p070/session_163447d5d72e/0305_zuan1_zuan_8639b42e.wav,tone_labeled,p070,session_163447d5d72e,0305,,zuan1,zuan,1,,8639b42e,.wav,legacy_session,ok
raw/mandarin-tone-recordings/audio_fixed_abe/p070/session_163447d5d72e/0306_zheng3_zheng_cf34ab91.wav,tone_labeled,p070,session_163447d5d72e,0306,,zheng3,zheng,3,,cf34ab91,.wav,legacy_session,ok
raw/mandarin-tone-recordings/audio_fixed_abe/p070/session_163447d5d72e/0307_mou1_mou_9b80fa1a.wav,tone_labeled,p070,session_163447d5d72e,0307,,mou1,mou,1,,9b80fa1a,.wav,legacy_session,ok
raw/mandarin-tone-recordings/audio_fixed_abe/p070/session_163447d5d72e/0308_zhui1_zhui_72d148fe.wav,tone_labeled,p070,session_163447d5d72e,0308,,zhui1,zhui,1,,72d148fe,.wav,legacy_session,ok
raw/mandarin-tone-recordings/audio_fixed_abe/p070/session_163447d5d72e/0309_fen4_fen_658dba3b.wav,tone_labeled,p070,session_163447d5d72e,0309,,fen4,fen,4,,658dba3b,.wav,legacy_session,ok
raw/mandarin-tone-recordings/audio_fixed_abe/p070/session_163447d5d72e/0310_kong1_kong_6dd20ea3.wav,tone_labeled,p070,session_163447d5d72e,0310,,kong1,kong,1,,6dd20ea3,.wav,legacy_session,ok
raw/mandarin-tone-recordings/audio_fixed_abe/p070/session_163447d5d72e/0311_ku2_ku_8133d3c9.wav,tone_labeled,p070,session_163447d5d72e,0311,,ku2,ku,2,,8133d3c9,.wav,legacy_session,ok
raw/mandarin-tone-recordings/audio_fixed_abe/p070/session_163447d5d72e/0312_ni2_ni_6b6916d5.wav,tone_labeled,p070,session_163447d5d72e,0312,,ni2,ni,2,,6b6916d5,.wav,legacy_session,ok
raw/mandarin-tone-recordings/audio_fixed_abe/p070/session_163447d5d72e/0313_chang2_chang_061e992f.wav,tone_labeled,p070,session_163447d5d72e,0313,,chang2,chang,2,,061e992f,.wav,legacy_session,ok
raw/mandarin-tone-recordings/audio_fixed_abe/p070/session_163447d5d72e/0314_huang3_huang_15a05018.wav,tone_labeled,p070,session_163447d5d72e,0314,,huang3,huang,3,,15a05018,.wav,legacy_session,ok
raw/mandarin-tone-recordings/audio_fixed_abe/p070/session_163447d5d72e/0315_le4_le_213fab00.wav,tone_labeled,p070,session_163447d5d72e,0315,,le4,le,4,,213fab00,.wav,legacy_session,ok
raw/mandarin-tone-recordings/audio_fixed_abe/p070/session_163447d5d72e/0316_run1_run_b6161b95.wav,tone_labeled,p070,session_163447d5d72e,0316,,run1,run,1,,b6161b95,.wav,legacy_session,ok
raw/mandarin-tone-recordings/audio_fixed_abe/p070/session_163447d5d72e/0317_gu2_gu_a9bdac9c.wav,tone_labeled,p070,session_163447d5d72e,0317,,gu2,gu,2,,a9bdac9c,.wav,legacy_session,ok
raw/mandarin-tone-recordings/audio_fixed_abe/p070/session_163447d5d72e/0318_cheng4_cheng_aa7547a6.wav,tone_labeled,p070,session_163447d5d72e,0318,,cheng4,cheng,4,,aa7547a6,.wav,legacy_session,ok
raw/mandarin-tone-recordings/audio_fixed_abe/p070/session_163447d5d72e/0319_zhua4_zhua_78dc6519.wav,tone_labeled,p070,session_163447d5d72e,0319,,zhua4,zhua,4,,78dc6519,.wav,legacy_session,ok
raw/mandarin-tone-recordings/audio_fixed_abe/p070/session_163447d5d72e/0320_beng1_beng_aa520083.wav,tone_labeled,p070,session_163447d5d72e,0320,,beng1,beng,1,,aa520083,.wav,legacy_session,ok
raw/mandarin-tone-recordings/audio_fixed_abe/p070/session_163447d5d72e/0321_yve4_yve_ef823d0a.wav,tone_labeled,p070,session_163447d5d72e,0321,,yve4,yve,4,,ef823d0a,.wav,legacy_session,ok
raw/mandarin-tone-recordings/audio_fixed_abe/p070/session_163447d5d72e/0322_chai1_chai_060f9aad.wav,tone_labeled,p070,session_163447d5d72e,0322,,chai1,chai,1,,060f9aad,.wav,legacy_session,ok
raw/mandarin-tone-recordings/audio_fixed_abe/p070/session_163447d5d72e/0323_bu1_bu_e15101ac.wav,tone_labeled,p070,session_163447d5d72e,0323,,bu1,bu,1,,e15101ac,.wav,legacy_session,ok
raw/mandarin-tone-recordings/audio_fixed_abe/p070/session_163447d5d72e/0324_cou1_cou_5a3c599c.wav,tone_labeled,p070,session_163447d5d72e,0324,,cou1,cou,1,,5a3c599c,.wav,legacy_session,ok
raw/mandarin-tone-recordings/audio_fixed_abe/p070/session_163447d5d72e/0325_lie1_lie_60c7f6c4.wav,tone_labeled,p070,session_163447d5d72e,0325,,lie1,lie,1,,60c7f6c4,.wav,legacy_session,ok
raw/mandarin-tone-recordings/audio_fixed_abe/p070/session_163447d5d72e/0326_ou3_ou_e534b45a.wav,tone_labeled,p070,session_163447d5d72e,0326,,ou3,ou,3,,e534b45a,.wav,legacy_session,ok
raw/mandarin-tone-recordings/audio_fixed_abe/p070/session_163447d5d72e/0327_nu1_nu_3a872370.wav,tone_labeled,p070,session_163447d5d72e,0327,,nu1,nu,1,,3a872370,.wav,legacy_session,ok
raw/mandarin-tone-recordings/audio_fixed_abe/p070/session_163447d5d72e/0328_cun3_cun_7d82a81a.wav,tone_labeled,p070,session_163447d5d72e,0328,,cun3,cun,3,,7d82a81a,.wav,legacy_session,ok
raw/mandarin-tone-recordings/audio_fixed_abe/p070/session_163447d5d72e/0329_dong4_dong_83ddaacd.wav,tone_labeled,p070,session_163447d5d72e,0329,,dong4,dong,4,,83ddaacd,.wav,legacy_session,ok
raw/mandarin-tone-recordings/audio_fixed_abe/p070/session_163447d5d72e/0330_mai4_mai_e76c987b.wav,tone_labeled,p070,session_163447d5d72e,0330,,mai4,mai,4,,e76c987b,.wav,legacy_session,ok
raw/mandarin-tone-recordings/audio_fixed_abe/p070/session_163447d5d72e/0331_huo1_huo_25ff9d55.wav,tone_labeled,p070,session_163447d5d72e,0331,,huo1,huo,1,,25ff9d55,.wav,legacy_session,ok
raw/mandarin-tone-recordings/audio_fixed_abe/p070/session_163447d5d72e/0332_qiang3_qiang_ebd2c6c8.wav,tone_labeled,p070,session_163447d5d72e,0332,,qiang3,qiang,3,,ebd2c6c8,.wav,legacy_session,ok
raw/mandarin-tone-recordings/audio_fixed_abe/p070/session_163447d5d72e/0333_bu4_bu_9147edcb.wav,tone_labeled,p070,session_163447d5d72e,0333,,bu4,bu,4,,9147edcb,.wav,legacy_session,ok
raw/mandarin-tone-recordings/audio_fixed_abe/p070/session_163447d5d72e/0334_min4_min_61c8d043.wav,tone_labeled,p070,session_163447d5d72e,0334,,min4,min,4,,61c8d043,.wav,legacy_session,ok
raw/mandarin-tone-recordings/audio_fixed_abe/p070/session_163447d5d72e/0335_teng3_teng_3c4c12c0.wav,tone_labeled,p070,session_163447d5d72e,0335,,teng3,teng,3,,3c4c12c0,.wav,legacy_session,ok
raw/mandarin-tone-recordings/audio_fixed_abe/p070/session_163447d5d72e/0336_guai2_guai_28afd884.wav,tone_labeled,p070,session_163447d5d72e,0336,,guai2,guai,2,,28afd884,.wav,legacy_session,ok
raw/mandarin-tone-recordings/audio_fixed_abe/p070/session_163447d5d72e/0337_mai2_mai_3d2918ea.wav,tone_labeled,p070,session_163447d5d72e,0337,,mai2,mai,2,,3d2918ea,.wav,legacy_session,ok
raw/mandarin-tone-recordings/audio_fixed_abe/p070/session_163447d5d72e/0338_zeng1_zeng_402d55f7.wav,tone_labeled,p070,session_163447d5d72e,0338,,zeng1,zeng,1,,402d55f7,.wav,legacy_session,ok
raw/mandarin-tone-recordings/audio_fixed_abe/p070/session_163447d5d72e/0339_lai2_lai_12141171.wav,tone_labeled,p070,session_163447d5d72e,0339,,lai2,lai,2,,12141171,.wav,legacy_session,ok
raw/mandarin-tone-recordings/audio_fixed_abe/p070/session_163447d5d72e/0340_wo4_wo_9a6175eb.wav,tone_labeled,p070,session_163447d5d72e,0340,,wo4,wo,4,,9a6175eb,.wav,legacy_session,ok
raw/mandarin-tone-recordings/audio_fixed_abe/p070/session_163447d5d72e/0341_ai2_ai_be28d1a1.wav,tone_labeled,p070,session_163447d5d72e,0341,,ai2,ai,2,,be28d1a1,.wav,legacy_session,ok
raw/mandarin-tone-recordings/audio_fixed_abe/p070/session_163447d5d72e/0342_lve2_lve_83247103.wav,tone_labeled,p070,session_163447d5d72e,0342,,lve2,lve,2,,83247103,.wav,legacy_session,ok
raw/mandarin-tone-recordings/audio_fixed_abe/p070/session_163447d5d72e/0343_cha2_cha_cd85f8d3.wav,tone_labeled,p070,session_163447d5d72e,0343,,cha2,cha,2,,cd85f8d3,.wav,legacy_session,ok
raw/mandarin-tone-recordings/audio_fixed_abe/p070/session_163447d5d72e/0344_ming4_ming_339bf219.wav,tone_labeled,p070,session_163447d5d72e,0344,,ming4,ming,4,,339bf219,.wav,legacy_session,ok
raw/mandarin-tone-recordings/audio_fixed_abe/p070/session_163447d5d72e/0345_qve3_qve_189d7011.wav,tone_labeled,p070,session_163447d5d72e,0345,,qve3,qve,3,,189d7011,.wav,legacy_session,ok
raw/mandarin-tone-recordings/audio_fixed_abe/p070/session_163447d5d72e/0346_hang3_hang_fd75d819.wav,tone_labeled,p070,session_163447d5d72e,0346,,hang3,hang,3,,fd75d819,.wav,legacy_session,ok
raw/mandarin-tone-recordings/audio_fixed_abe/p070/session_163447d5d72e/0347_miu3_miu_9f5cac49.wav,tone_labeled,p070,session_163447d5d72e,0347,,miu3,miu,3,,9f5cac49,.wav,legacy_session,ok
raw/mandarin-tone-recordings/audio_fixed_abe/p070/session_163447d5d72e/0348_fo4_fo_aaad68b1.wav,tone_labeled,p070,session_163447d5d72e,0348,,fo4,fo,4,,aaad68b1,.wav,legacy_session,ok
raw/mandarin-tone-recordings/audio_fixed_abe/p070/session_163447d5d72e/0349_e3_e_dfdac45c.wav,tone_labeled,p070,session_163447d5d72e,0349,,e3,e,3,,dfdac45c,.wav,legacy_session,ok
raw/mandarin-tone-recordings/audio_fixed_abe/p070/session_163447d5d72e/0350_chen4_chen_b883e294.wav,tone_labeled,p070,session_163447d5d72e,0350,,chen4,chen,4,,b883e294,.wav,legacy_session,ok
raw/mandarin-tone-recordings/audio_fixed_abe/p070/session_163447d5d72e/0351_ying3_ying_bddd8e01.wav,tone_labeled,p070,session_163447d5d72e,0351,,ying3,ying,3,,bddd8e01,.wav,legacy_session,ok
raw/mandarin-tone-recordings/audio_fixed_abe/p070/session_163447d5d72e/0352_lia1_lia_73f46d5d.wav,tone_labeled,p070,session_163447d5d72e,0352,,lia1,lia,1,,73f46d5d,.wav,legacy_session,ok
raw/mandarin-tone-recordings/audio_fixed_abe/p070/session_163447d5d72e/0353_li4_li_507ad8f3.wav,tone_labeled,p070,session_163447d5d72e,0353,,li4,li,4,,507ad8f3,.wav,legacy_session,ok
raw/mandarin-tone-recordings/audio_fixed_abe/p070/session_163447d5d72e/0354_shuan4_shuan_7feb1b4a.wav,tone_labeled,p070,session_163447d5d72e,0354,,shuan4,shuan,4,,7feb1b4a,.wav,legacy_session,ok
raw/mandarin-tone-recordings/audio_fixed_abe/p070/session_163447d5d72e/0355_wai1_wai_fdd72e36.wav,tone_labeled,p070,session_163447d5d72e,0355,,wai1,wai,1,,fdd72e36,.wav,legacy_session,ok
raw/mandarin-tone-recordings/audio_fixed_abe/p070/session_163447d5d72e/0356_shan2_shan_5b92dad4.wav,tone_labeled,p070,session_163447d5d72e,0356,,shan2,shan,2,,5b92dad4,.wav,legacy_session,ok
raw/mandarin-tone-recordings/audio_fixed_abe/p070/session_163447d5d72e/0357_che3_che_8a111ce0.wav,tone_labeled,p070,session_163447d5d72e,0357,,che3,che,3,,8a111ce0,.wav,legacy_session,ok
raw/mandarin-tone-recordings/audio_fixed_abe/p070/session_163447d5d72e/0358_she4_she_5794fe78.wav,tone_labeled,p070,session_163447d5d72e,0358,,she4,she,4,,5794fe78,.wav,legacy_session,ok
raw/mandarin-tone-recordings/audio_fixed_abe/p070/session_163447d5d72e/0359_ang4_ang_9f3fd054.wav,tone_labeled,p070,session_163447d5d72e,0359,,ang4,ang,4,,9f3fd054,.wav,legacy_session,ok
raw/mandarin-tone-recordings/audio_fixed_abe/p070/session_163447d5d72e/0360_tai3_tai_d1607cf9.wav,tone_labeled,p070,session_163447d5d72e,0360,,tai3,tai,3,,d1607cf9,.wav,legacy_session,ok
raw/mandarin-tone-recordings/audio_fixed_abe/p070/session_163447d5d72e/0361_den3_den_77245736.wav,tone_labeled,p070,session_163447d5d72e,0361,,den3,den,3,,77245736,.wav,legacy_session,ok
raw/mandarin-tone-recordings/audio_fixed_abe/p070/session_163447d5d72e/0362_dou1_dou_866e3531.wav,tone_labeled,p070,session_163447d5d72e,0362,,dou1,dou,1,,866e3531,.wav,legacy_session,ok
raw/mandarin-tone-recordings/audio_fixed_abe/p070/session_163447d5d72e/0363_chuang1_chuang_d4de1bac.wav,tone_labeled,p070,session_163447d5d72e,0363,,chuang1,chuang,1,,d4de1bac,.wav,legacy_session,ok
raw/mandarin-tone-recordings/audio_fixed_abe/p070/session_163447d5d72e/0364_chuang4_chuang_185bd97e.wav,tone_labeled,p070,session_163447d5d72e,0364,,chuang4,chuang,4,,185bd97e,.wav,legacy_session,ok
raw/mandarin-tone-recordings/audio_fixed_abe/p070/session_163447d5d72e/0365_min3_min_8ecf6d78.wav,tone_labeled,p070,session_163447d5d72e,0365,,min3,min,3,,8ecf6d78,.wav,legacy_session,ok
raw/mandarin-tone-recordings/audio_fixed_abe/p070/session_163447d5d72e/0366_he4_he_b4f76e9a.wav,tone_labeled,p070,session_163447d5d72e,0366,,he4,he,4,,b4f76e9a,.wav,legacy_session,ok
raw/mandarin-tone-recordings/audio_fixed_abe/p070/session_163447d5d72e/0367_le1_le_35f290ef.wav,tone_labeled,p070,session_163447d5d72e,0367,,le1,le,1,,35f290ef,.wav,legacy_session,ok
raw/mandarin-tone-recordings/audio_fixed_abe/p070/session_163447d5d72e/0368_biao1_biao_382bdafc.wav,tone_labeled,p070,session_163447d5d72e,0368,,biao1,biao,1,,382bdafc,.wav,legacy_session,ok
raw/mandarin-tone-recordings/audio_fixed_abe/p070/session_163447d5d72e/0369_ban1_ban_6653326c.wav,tone_labeled,p070,session_163447d5d72e,0369,,ban1,ban,1,,6653326c,.wav,legacy_session,ok
raw/mandarin-tone-recordings/audio_fixed_abe/p070/session_163447d5d72e/0370_qiang4_qiang_da4667e0.wav,tone_labeled,p070,session_163447d5d72e,0370,,qiang4,qiang,4,,da4667e0,.wav,legacy_session,ok
raw/mandarin-tone-recordings/audio_fixed_abe/p070/session_163447d5d72e/0371_ai4_ai_43e6785d.wav,tone_labeled,p070,session_163447d5d72e,0371,,ai4,ai,4,,43e6785d,.wav,legacy_session,ok
raw/mandarin-tone-recordings/audio_fixed_abe/p070/session_163447d5d72e/0372_ma4_ma_ae184940.wav,tone_labeled,p070,session_163447d5d72e,0372,,ma4,ma,4,,ae184940,.wav,legacy_session,ok
raw/mandarin-tone-recordings/audio_fixed_abe/p070/session_163447d5d72e/0373_jv2_jv_0e6eade0.wav,tone_labeled,p070,session_163447d5d72e,0373,,jv2,jv,2,,0e6eade0,.wav,legacy_session,ok
raw/mandarin-tone-recordings/audio_fixed_abe/p070/session_163447d5d72e/0374_nv3_nv_36ff9c4e.wav,tone_labeled,p070,session_163447d5d72e,0374,,nv3,nv,3,,36ff9c4e,.wav,legacy_session,ok
raw/mandarin-tone-recordings/audio_fixed_abe/p070/session_163447d5d72e/0375_shou1_shou_9a803ad5.wav,tone_labeled,p070,session_163447d5d72e,0375,,shou1,shou,1,,9a803ad5,.wav,legacy_session,ok
raw/mandarin-tone-recordings/audio_fixed_abe/p070/session_163447d5d72e/0376_liao2_liao_99ffa988.wav,tone_labeled,p070,session_163447d5d72e,0376,,liao2,liao,2,,99ffa988,.wav,legacy_session,ok
raw/mandarin-tone-recordings/audio_fixed_abe/p070/session_163447d5d72e/0377_ri2_ri_c209fb0a.wav,tone_labeled,p070,session_163447d5d72e,0377,,ri2,ri,2,,c209fb0a,.wav,legacy_session,ok
raw/mandarin-tone-recordings/audio_fixed_abe/p070/session_163447d5d72e/0378_dan2_dan_dd45fb46.wav,tone_labeled,p070,session_163447d5d72e,0378,,dan2,dan,2,,dd45fb46,.wav,legacy_session,ok
raw/mandarin-tone-recordings/audio_fixed_abe/p070/session_163447d5d72e/0379_dia3_dia_da2a3d47.wav,tone_labeled,p070,session_163447d5d72e,0379,,dia3,dia,3,,da2a3d47,.wav,legacy_session,ok
raw/mandarin-tone-recordings/audio_fixed_abe/p070/session_163447d5d72e/0380_zuan4_zuan_4b82827b.wav,tone_labeled,p070,session_163447d5d72e,0380,,zuan4,zuan,4,,4b82827b,.wav,legacy_session,ok
raw/mandarin-tone-recordings/audio_fixed_abe/p070/session_163447d5d72e/0381_chang4_chang_bbdd43a7.wav,tone_labeled,p070,session_163447d5d72e,0381,,chang4,chang,4,,bbdd43a7,.wav,legacy_session,ok
raw/mandarin-tone-recordings/audio_fixed_abe/p070/session_163447d5d72e/0382_pou2_pou_b3ca4208.wav,tone_labeled,p070,session_163447d5d72e,0382,,pou2,pou,2,,b3ca4208,.wav,legacy_session,ok
raw/mandarin-tone-recordings/audio_fixed_abe/p070/session_163447d5d72e/0383_zou2_zou_7ff299d3.wav,tone_labeled,p070,session_163447d5d72e,0383,,zou2,zou,2,,7ff299d3,.wav,legacy_session,ok
raw/mandarin-tone-recordings/audio_fixed_abe/p070/session_163447d5d72e/0384_ge4_ge_a1fa2455.wav,tone_labeled,p070,session_163447d5d72e,0384,,ge4,ge,4,,a1fa2455,.wav,legacy_session,ok
raw/mandarin-tone-recordings/audio_fixed_abe/p070/session_163447d5d72e/0385_lao1_lao_f293ab05.wav,tone_labeled,p070,session_163447d5d72e,0385,,lao1,lao,1,,f293ab05,.wav,legacy_session,ok
raw/mandarin-tone-recordings/audio_fixed_abe/p070/session_163447d5d72e/0386_he2_he_a779e69d.wav,tone_labeled,p070,session_163447d5d72e,0386,,he2,he,2,,a779e69d,.wav,legacy_session,ok
raw/mandarin-tone-recordings/audio_fixed_abe/p070/session_163447d5d72e/0387_a3_a_b395674d.wav,tone_labeled,p070,session_163447d5d72e,0387,,a3,a,3,,b395674d,.wav,legacy_session,ok
raw/mandarin-tone-recordings/audio_fixed_abe/p070/session_163447d5d72e/0388_deng2_deng_6f184147.wav,tone_labeled,p070,session_163447d5d72e,0388,,deng2,deng,2,,6f184147,.wav,legacy_session,ok
raw/mandarin-tone-recordings/audio_fixed_abe/p070/session_163447d5d72e/0389_kua4_kua_1bbb4410.wav,tone_labeled,p070,session_163447d5d72e,0389,,kua4,kua,4,,1bbb4410,.wav,legacy_session,ok
raw/mandarin-tone-recordings/audio_fixed_abe/p070/session_163447d5d72e/0390_ka4_ka_883b3735.wav,tone_labeled,p070,session_163447d5d72e,0390,,ka4,ka,4,,883b3735,.wav,legacy_session,ok
raw/mandarin-tone-recordings/audio_fixed_abe/p070/session_163447d5d72e/0391_xiang4_xiang_7a6d6e7f.wav,tone_labeled,p070,session_163447d5d72e,0391,,xiang4,xiang,4,,7a6d6e7f,.wav,legacy_session,ok
raw/mandarin-tone-recordings/audio_fixed_abe/p070/session_163447d5d72e/0392_ting2_ting_a25c0aa8.wav,tone_labeled,p070,session_163447d5d72e,0392,,ting2,ting,2,,a25c0aa8,.wav,legacy_session,ok
raw/mandarin-tone-recordings/audio_fixed_abe/p070/session_163447d5d72e/0393_qia1_qia_ed645c42.wav,tone_labeled,p070,session_163447d5d72e,0393,,qia1,qia,1,,ed645c42,.wav,legacy_session,ok
raw/mandarin-tone-recordings/audio_fixed_abe/p070/session_163447d5d72e/0394_ne1_ne_84b7e73e.wav,tone_labeled,p070,session_163447d5d72e,0394,,ne1,ne,1,,84b7e73e,.wav,legacy_session,ok
raw/mandarin-tone-recordings/audio_fixed_abe/p070/session_163447d5d72e/0395_shua3_shua_2210b3b7.wav,tone_labeled,p070,session_163447d5d72e,0395,,shua3,shua,3,,2210b3b7,.wav,legacy_session,ok
raw/mandarin-tone-recordings/audio_fixed_abe/p070/session_163447d5d72e/0396_tou2_tou_de86603f.wav,tone_labeled,p070,session_163447d5d72e,0396,,tou2,tou,2,,de86603f,.wav,legacy_session,ok
raw/mandarin-tone-recordings/audio_fixed_abe/p070/session_163447d5d72e/0397_hen2_hen_a23626fd.wav,tone_labeled,p070,session_163447d5d72e,0397,,hen2,hen,2,,a23626fd,.wav,legacy_session,ok
raw/mandarin-tone-recordings/audio_fixed_abe/p070/session_163447d5d72e/0398_shai2_shai_b5d1b75c.wav,tone_labeled,p070,session_163447d5d72e,0398,,shai2,shai,2,,b5d1b75c,.wav,legacy_session,ok
raw/mandarin-tone-recordings/audio_fixed_abe/p070/session_163447d5d72e/0399_zhui3_zhui_b58d9695.wav,tone_labeled,p070,session_163447d5d72e,0399,,zhui3,zhui,3,,b58d9695,.wav,legacy_session,ok
raw/mandarin-tone-recordings/audio_fixed_abe/p070/session_163447d5d72e/0400_la2_la_535e2792.wav,tone_labeled,p070,session_163447d5d72e,0400,,la2,la,2,,535e2792,.wav,legacy_session,ok
raw/mandarin-tone-recordings/audio_fixed_abe/p070/session_163447d5d72e/0401_sui4_sui_0efb8f43.wav,tone_labeled,p070,session_163447d5d72e,0401,,sui4,sui,4,,0efb8f43,.wav,legacy_session,ok
raw/mandarin-tone-recordings/audio_fixed_abe/p070/session_163447d5d72e/0402_duan2_duan_03acd949.wav,tone_labeled,p070,session_163447d5d72e,0402,,duan2,duan,2,,03acd949,.wav,legacy_session,ok
raw/mandarin-tone-recordings/audio_fixed_abe/p070/session_163447d5d72e/0403_dui4_dui_e19e207e.wav,tone_labeled,p070,session_163447d5d72e,0403,,dui4,dui,4,,e19e207e,.wav,legacy_session,ok
raw/mandarin-tone-recordings/audio_fixed_abe/p070/session_163447d5d72e/0404_shang3_shang_5d2cb976.wav,tone_labeled,p070,session_163447d5d72e,0404,,shang3,shang,3,,5d2cb976,.wav,legacy_session,ok
raw/mandarin-tone-recordings/audio_fixed_abe/p070/session_163447d5d72e/0405_jiang1_jiang_03ff7a38.wav,tone_labeled,p070,session_163447d5d72e,0405,,jiang1,jiang,1,,03ff7a38,.wav,legacy_session,ok
raw/mandarin-tone-recordings/audio_fixed_abe/p070/session_163447d5d72e/0406_tong1_tong_4e92f72e.wav,tone_labeled,p070,session_163447d5d72e,0406,,tong1,tong,1,,4e92f72e,.wav,legacy_session,ok
raw/mandarin-tone-recordings/audio_fixed_abe/p070/session_163447d5d72e/0407_huan1_huan_7c140464.wav,tone_labeled,p070,session_163447d5d72e,0407,,huan1,huan,1,,7c140464,.wav,legacy_session,ok
raw/mandarin-tone-recordings/audio_fixed_abe/p070/session_163447d5d72e/0408_huang1_huang_11998024.wav,tone_labeled,p070,session_163447d5d72e,0408,,huang1,huang,1,,11998024,.wav,legacy_session,ok
raw/mandarin-tone-recordings/audio_fixed_abe/p070/session_163447d5d72e/0409_ji3_ji_47c8145a.wav,tone_labeled,p070,session_163447d5d72e,0409,,ji3,ji,3,,47c8145a,.wav,legacy_session,ok
raw/mandarin-tone-recordings/audio_fixed_abe/p070/session_163447d5d72e/0410_pang3_pang_e8697700.wav,tone_labeled,p070,session_163447d5d72e,0410,,pang3,pang,3,,e8697700,.wav,legacy_session,ok
raw/mandarin-tone-recordings/audio_fixed_abe/p070/session_163447d5d72e/0411_ri4_row0358_ri_8df98995.wav,tone_labeled,p070,session_163447d5d72e,0411,,ri4,ri,4,,8df98995,.wav,legacy_session,ok
raw/mandarin-tone-recordings/audio_fixed_abe/p070/session_163447d5d72e/0412_fa1_fa_6a54c37d.wav,tone_labeled,p070,session_163447d5d72e,0412,,fa1,fa,1,,6a54c37d,.wav,legacy_session,ok
raw/mandarin-tone-recordings/audio_fixed_abe/p070/session_163447d5d72e/0413_kei4_kei_55892cfd.wav,tone_labeled,p070,session_163447d5d72e,0413,,kei4,kei,4,,55892cfd,.wav,legacy_session,ok
raw/mandarin-tone-recordings/audio_fixed_abe/p070/session_163447d5d72e/0414_seng4_seng_b2bf2f33.wav,tone_labeled,p070,session_163447d5d72e,0414,,seng4,seng,4,,b2bf2f33,.wav,legacy_session,ok
raw/mandarin-tone-recordings/audio_fixed_abe/p070/session_163447d5d72e/0415_nv1_nv_55885537.wav,tone_labeled,p070,session_163447d5d72e,0415,,nv1,nv,1,,55885537,.wav,legacy_session,ok
raw/mandarin-tone-recordings/audio_fixed_abe/p070/session_163447d5d72e/0416_ming1_ming_b734e0a1.wav,tone_labeled,p070,session_163447d5d72e,0416,,ming1,ming,1,,b734e0a1,.wav,legacy_session,ok
raw/mandarin-tone-recordings/audio_fixed_abe/p070/session_163447d5d72e/0417_qun4_qun_333a6497.wav,tone_labeled,p070,session_163447d5d72e,0417,,qun4,qun,4,,333a6497,.wav,legacy_session,ok
raw/mandarin-tone-recordings/audio_fixed_abe/p070/session_163447d5d72e/0418_qiu3_qiu_a5c8eabd.wav,tone_labeled,p070,session_163447d5d72e,0418,,qiu3,qiu,3,,a5c8eabd,.wav,legacy_session,ok
raw/mandarin-tone-recordings/audio_fixed_abe/p070/session_163447d5d72e/0419_chua3_chua_03e0fdf2.wav,tone_labeled,p070,session_163447d5d72e,0419,,chua3,chua,3,,03e0fdf2,.wav,legacy_session,ok
raw/mandarin-tone-recordings/audio_fixed_abe/p070/session_163447d5d72e/0420_suo2_suo_a6950e21.wav,tone_labeled,p070,session_163447d5d72e,0420,,suo2,suo,2,,a6950e21,.wav,legacy_session,ok
raw/mandarin-tone-recordings/audio_fixed_abe/p070/session_163447d5d72e/0421_luan2_luan_beac96da.wav,tone_labeled,p070,session_163447d5d72e,0421,,luan2,luan,2,,beac96da,.wav,legacy_session,ok
raw/mandarin-tone-recordings/audio_fixed_abe/p070/session_163447d5d72e/0422_xvn3_xvn_2205aa1b.wav,tone_labeled,p070,session_163447d5d72e,0422,,xvn3,xvn,3,,2205aa1b,.wav,legacy_session,ok
raw/mandarin-tone-recordings/audio_fixed_abe/p070/session_163447d5d72e/0423_tiao4_tiao_7ee68709.wav,tone_labeled,p070,session_163447d5d72e,0423,,tiao4,tiao,4,,7ee68709,.wav,legacy_session,ok
raw/mandarin-tone-recordings/audio_fixed_abe/p070/session_163447d5d72e/0424_tong2_tong_c5fa08e6.wav,tone_labeled,p070,session_163447d5d72e,0424,,tong2,tong,2,,c5fa08e6,.wav,legacy_session,ok
raw/mandarin-tone-recordings/audio_fixed_abe/p070/session_163447d5d72e/0425_shao3_shao_999d5510.wav,tone_labeled,p070,session_163447d5d72e,0425,,shao3,shao,3,,999d5510,.wav,legacy_session,ok
raw/mandarin-tone-recordings/audio_fixed_abe/p070/session_163447d5d72e/0426_kou3_kou_a672d6d1.wav,tone_labeled,p070,session_163447d5d72e,0426,,kou3,kou,3,,a672d6d1,.wav,legacy_session,ok
raw/mandarin-tone-recordings/audio_fixed_abe/p070/session_163447d5d72e/0427_lu4_lu_0f4dd451.wav,tone_labeled,p070,session_163447d5d72e,0427,,lu4,lu,4,,0f4dd451,.wav,legacy_session,ok
raw/mandarin-tone-recordings/audio_fixed_abe/p070/session_163447d5d72e/0428_eng1_eng_962f8647.wav,tone_labeled,p070,session_163447d5d72e,0428,,eng1,eng,1,,962f8647,.wav,legacy_session,ok
raw/mandarin-tone-recordings/audio_fixed_abe/p070/session_163447d5d72e/0429_he1_he_7d4956db.wav,tone_labeled,p070,session_163447d5d72e,0429,,he1,he,1,,7d4956db,.wav,legacy_session,ok
raw/mandarin-tone-recordings/audio_fixed_abe/p070/session_163447d5d72e/0430_fan3_fan_4c0f8ff9.wav,tone_labeled,p070,session_163447d5d72e,0430,,fan3,fan,3,,4c0f8ff9,.wav,legacy_session,ok
raw/mandarin-tone-recordings/audio_fixed_abe/p070/session_163447d5d72e/0431_mei3_mei_33450ff8.wav,tone_labeled,p070,session_163447d5d72e,0431,,mei3,mei,3,,33450ff8,.wav,legacy_session,ok
raw/mandarin-tone-recordings/audio_fixed_abe/p070/session_163447d5d72e/0432_he3_he_eabf9a8d.wav,tone_labeled,p070,session_163447d5d72e,0432,,he3,he,3,,eabf9a8d,.wav,legacy_session,ok
raw/mandarin-tone-recordings/audio_fixed_abe/p070/session_163447d5d72e/0433_en4_en_fbdf34b6.wav,tone_labeled,p070,session_163447d5d72e,0433,,en4,en,4,,fbdf34b6,.wav,legacy_session,ok
raw/mandarin-tone-recordings/audio_fixed_abe/p070/session_163447d5d72e/0434_rang1_rang_d42737f5.wav,tone_labeled,p070,session_163447d5d72e,0434,,rang1,rang,1,,d42737f5,.wav,legacy_session,ok
raw/mandarin-tone-recordings/audio_fixed_abe/p070/session_163447d5d72e/0435_ting4_ting_57b8e3fe.wav,tone_labeled,p070,session_163447d5d72e,0435,,ting4,ting,4,,57b8e3fe,.wav,legacy_session,ok
raw/mandarin-tone-recordings/audio_fixed_abe/p070/session_163447d5d72e/0436_mu3_mu_fe299f89.wav,tone_labeled,p070,session_163447d5d72e,0436,,mu3,mu,3,,fe299f89,.wav,legacy_session,ok
raw/mandarin-tone-recordings/audio_fixed_abe/p070/session_163447d5d72e/0437_zhuai4_zhuai_b5885458.wav,tone_labeled,p070,session_163447d5d72e,0437,,zhuai4,zhuai,4,,b5885458,.wav,legacy_session,ok
raw/mandarin-tone-recordings/audio_fixed_abe/p070/session_163447d5d72e/0438_man4_man_a6ac27c5.wav,tone_labeled,p070,session_163447d5d72e,0438,,man4,man,4,,a6ac27c5,.wav,legacy_session,ok
raw/mandarin-tone-recordings/audio_fixed_abe/p070/session_163447d5d72e/0439_nian3_nian_e4444695.wav,tone_labeled,p070,session_163447d5d72e,0439,,nian3,nian,3,,e4444695,.wav,legacy_session,ok
raw/mandarin-tone-recordings/audio_fixed_abe/p070/session_163447d5d72e/0440_nun4_nun_a025e375.wav,tone_labeled,p070,session_163447d5d72e,0440,,nun4,nun,4,,a025e375,.wav,legacy_session,ok
raw/mandarin-tone-recordings/audio_fixed_abe/p070/session_163447d5d72e/0441_cui4_cui_852e446d.wav,tone_labeled,p070,session_163447d5d72e,0441,,cui4,cui,4,,852e446d,.wav,legacy_session,ok
raw/mandarin-tone-recordings/audio_fixed_abe/p070/session_163447d5d72e/0442_tang4_tang_ae1d679a.wav,tone_labeled,p070,session_163447d5d72e,0442,,tang4,tang,4,,ae1d679a,.wav,legacy_session,ok
raw/mandarin-tone-recordings/audio_fixed_abe/p070/session_163447d5d72e/0443_dang1_dang_6b6141a5.wav,tone_labeled,p070,session_163447d5d72e,0443,,dang1,dang,1,,6b6141a5,.wav,legacy_session,ok
raw/mandarin-tone-recordings/audio_fixed_abe/p070/session_163447d5d72e/0444_mei2_mei_f1c12a0f.wav,tone_labeled,p070,session_163447d5d72e,0444,,mei2,mei,2,,f1c12a0f,.wav,legacy_session,ok
raw/mandarin-tone-recordings/audio_fixed_abe/p070/session_163447d5d72e/0445_ken4_ken_7d62a858.wav,tone_labeled,p070,session_163447d5d72e,0445,,ken4,ken,4,,7d62a858,.wav,legacy_session,ok
raw/mandarin-tone-recordings/audio_fixed_abe/p070/session_163447d5d72e/0446_cheng3_cheng_2025cce0.wav,tone_labeled,p070,session_163447d5d72e,0446,,cheng3,cheng,3,,2025cce0,.wav,legacy_session,ok
raw/mandarin-tone-recordings/audio_fixed_abe/p070/session_163447d5d72e/0447_lve4_lve_6f1d43fd.wav,tone_labeled,p070,session_163447d5d72e,0447,,lve4,lve,4,,6f1d43fd,.wav,legacy_session,ok
raw/mandarin-tone-recordings/audio_fixed_abe/p070/session_163447d5d72e/0448_ti1_ti_cfaf3149.wav,tone_labeled,p070,session_163447d5d72e,0448,,ti1,ti,1,,cfaf3149,.wav,legacy_session,ok
raw/mandarin-tone-recordings/audio_fixed_abe/p070/session_163447d5d72e/0449_jia2_jia_bbda2606.wav,tone_labeled,p070,session_163447d5d72e,0449,,jia2,jia,2,,bbda2606,.wav,legacy_session,ok
raw/mandarin-tone-recordings/audio_fixed_abe/p070/session_163447d5d72e/0450_di2_di_b0a7de74.wav,tone_labeled,p070,session_163447d5d72e,0450,,di2,di,2,,b0a7de74,.wav,legacy_session,ok
raw/mandarin-tone-recordings/audio_fixed_abe/p070/session_163447d5d72e/0451_bang4_bang_027d90b7.wav,tone_labeled,p070,session_163447d5d72e,0451,,bang4,bang,4,,027d90b7,.wav,legacy_session,ok
raw/mandarin-tone-recordings/audio_fixed_abe/p070/session_163447d5d72e/0452_qve1_qve_0d7f0d2e.wav,tone_labeled,p070,session_163447d5d72e,0452,,qve1,qve,1,,0d7f0d2e,.wav,legacy_session,ok
raw/mandarin-tone-recordings/audio_fixed_abe/p070/session_163447d5d72e/0453_suan2_suan_9cc7ebaf.wav,tone_labeled,p070,session_163447d5d72e,0453,,suan2,suan,2,,9cc7ebaf,.wav,legacy_session,ok
raw/mandarin-tone-recordings/audio_fixed_abe/p070/session_163447d5d72e/0454_piao2_piao_11e05a96.wav,tone_labeled,p070,session_163447d5d72e,0454,,piao2,piao,2,,11e05a96,.wav,legacy_session,ok
raw/mandarin-tone-recordings/audio_fixed_abe/p070/session_163447d5d72e/0455_ba2_ba_24e7939b.wav,tone_labeled,p070,session_163447d5d72e,0455,,ba2,ba,2,,24e7939b,.wav,legacy_session,ok
raw/mandarin-tone-recordings/audio_fixed_abe/p070/session_163447d5d72e/0456_ka1_ka_d6b3b658.wav,tone_labeled,p070,session_163447d5d72e,0456,,ka1,ka,1,,d6b3b658,.wav,legacy_session,ok
raw/mandarin-tone-recordings/audio_fixed_abe/p070/session_163447d5d72e/0457_zou4_zou_e4c60f50.wav,tone_labeled,p070,session_163447d5d72e,0457,,zou4,zou,4,,e4c60f50,.wav,legacy_session,ok
raw/mandarin-tone-recordings/audio_fixed_abe/p070/session_163447d5d72e/0458_chuan3_chuan_23547776.wav,tone_labeled,p070,session_163447d5d72e,0458,,chuan3,chuan,3,,23547776,.wav,legacy_session,ok
raw/mandarin-tone-recordings/audio_fixed_abe/p070/session_163447d5d72e/0459_sang4_sang_3b0fc06e.wav,tone_labeled,p070,session_163447d5d72e,0459,,sang4,sang,4,,3b0fc06e,.wav,legacy_session,ok
raw/mandarin-tone-recordings/audio_fixed_abe/p070/session_163447d5d72e/0460_ju4_ju_390a8327.wav,tone_labeled,p070,session_163447d5d72e,0460,,ju4,ju,4,,390a8327,.wav,legacy_session,ok
raw/mandarin-tone-recordings/audio_fixed_abe/p070/session_163447d5d72e/0461_pen1_pen_e5c0ff79.wav,tone_labeled,p070,session_163447d5d72e,0461,,pen1,pen,1,,e5c0ff79,.wav,legacy_session,ok
raw/mandarin-tone-recordings/audio_fixed_abe/p070/session_163447d5d72e/0462_yve1_yve_2df40d69.wav,tone_labeled,p070,session_163447d5d72e,0462,,yve1,yve,1,,2df40d69,.wav,legacy_session,ok
raw/mandarin-tone-recordings/audio_fixed_abe/p070/session_163447d5d72e/0463_wa4_wa_f2de03c6.wav,tone_labeled,p070,session_163447d5d72e,0463,,wa4,wa,4,,f2de03c6,.wav,legacy_session,ok
raw/mandarin-tone-recordings/audio_fixed_abe/p070/session_163447d5d72e/0464_zui3_zui_033cb109.wav,tone_labeled,p070,session_163447d5d72e,0464,,zui3,zui,3,,033cb109,.wav,legacy_session,ok
raw/mandarin-tone-recordings/audio_fixed_abe/p070/session_163447d5d72e/0465_de4_de_4e095678.wav,tone_labeled,p070,session_163447d5d72e,0465,,de4,de,4,,4e095678,.wav,legacy_session,ok
raw/mandarin-tone-recordings/audio_fixed_abe/p070/session_163447d5d72e/0466_ce2_ce_5133338b.wav,tone_labeled,p070,session_163447d5d72e,0466,,ce2,ce,2,,5133338b,.wav,legacy_session,ok
raw/mandarin-tone-recordings/audio_fixed_abe/p070/session_163447d5d72e/0467_jiu1_jiu_c38ac1c7.wav,tone_labeled,p070,session_163447d5d72e,0467,,jiu1,jiu,1,,c38ac1c7,.wav,legacy_session,ok
raw/mandarin-tone-recordings/audio_fixed_abe/p070/session_163447d5d72e/0468_you3_you_c0f62387.wav,tone_labeled,p070,session_163447d5d72e,0468,,you3,you,3,,c0f62387,.wav,legacy_session,ok
raw/mandarin-tone-recordings/audio_fixed_abe/p070/session_163447d5d72e/0469_fa2_fa_e47363af.wav,tone_labeled,p070,session_163447d5d72e,0469,,fa2,fa,2,,e47363af,.wav,legacy_session,ok
raw/mandarin-tone-recordings/audio_fixed_abe/p070/session_163447d5d72e/0470_hao3_hao_01ab2126.wav,tone_labeled,p070,session_163447d5d72e,0470,,hao3,hao,3,,01ab2126,.wav,legacy_session,ok
raw/mandarin-tone-recordings/audio_fixed_abe/p070/session_163447d5d72e/0471_qiao4_qiao_1f38fe41.wav,tone_labeled,p070,session_163447d5d72e,0471,,qiao4,qiao,4,,1f38fe41,.wav,legacy_session,ok
raw/mandarin-tone-recordings/audio_fixed_abe/p070/session_163447d5d72e/0472_niang2_niang_f6d04c07.wav,tone_labeled,p070,session_163447d5d72e,0472,,niang2,niang,2,,f6d04c07,.wav,legacy_session,ok
raw/mandarin-tone-recordings/audio_fixed_abe/p070/session_163447d5d72e/0473_yong4_yong_030a19b9.wav,tone_labeled,p070,session_163447d5d72e,0473,,yong4,yong,4,,030a19b9,.wav,legacy_session,ok
raw/mandarin-tone-recordings/audio_fixed_abe/p070/session_163447d5d72e/0474_gao4_gao_cd110597.wav,tone_labeled,p070,session_163447d5d72e,0474,,gao4,gao,4,,cd110597,.wav,legacy_session,ok
raw/mandarin-tone-recordings/audio_fixed_abe/p070/session_163447d5d72e/0475_qia2_qia_32857a83.wav,tone_labeled,p070,session_163447d5d72e,0475,,qia2,qia,2,,32857a83,.wav,legacy_session,ok
raw/mandarin-tone-recordings/audio_fixed_abe/p070/session_163447d5d72e/0476_keng1_keng_99cee22b.wav,tone_labeled,p070,session_163447d5d72e,0476,,keng1,keng,1,,99cee22b,.wav,legacy_session,ok
raw/mandarin-tone-recordings/audio_fixed_abe/p070/session_163447d5d72e/0477_tao4_tao_5c669494.wav,tone_labeled,p070,session_163447d5d72e,0477,,tao4,tao,4,,5c669494,.wav,legacy_session,ok
raw/mandarin-tone-recordings/audio_fixed_abe/p070/session_163447d5d72e/0478_zhui2_zhui_a5d28438.wav,tone_labeled,p070,session_163447d5d72e,0478,,zhui2,zhui,2,,a5d28438,.wav,legacy_session,ok
raw/mandarin-tone-recordings/audio_fixed_abe/p070/session_163447d5d72e/0479_li3_li_70d9e9ae.wav,tone_labeled,p070,session_163447d5d72e,0479,,li3,li,3,,70d9e9ae,.wav,legacy_session,ok
raw/mandarin-tone-recordings/audio_fixed_abe/p070/session_163447d5d72e/0480_fiao4_fiao_68116d19.wav,tone_labeled,p070,session_163447d5d72e,0480,,fiao4,fiao,4,,68116d19,.wav,legacy_session,ok
raw/mandarin-tone-recordings/audio_fixed_abe/p070/session_163447d5d72e/0481_zhun2_zhun_42ff00fd.wav,tone_labeled,p070,session_163447d5d72e,0481,,zhun2,zhun,2,,42ff00fd,.wav,legacy_session,ok
raw/mandarin-tone-recordings/audio_fixed_abe/p070/session_163447d5d72e/0482_qun2_qun_acb71c86.wav,tone_labeled,p070,session_163447d5d72e,0482,,qun2,qun,2,,acb71c86,.wav,legacy_session,ok
raw/mandarin-tone-recordings/audio_fixed_abe/p070/session_163447d5d72e/0483_yao1_yao_a430a247.wav,tone_labeled,p070,session_163447d5d72e,0483,,yao1,yao,1,,a430a247,.wav,legacy_session,ok
raw/mandarin-tone-recordings/audio_fixed_abe/p070/session_163447d5d72e/0484_gang1_gang_f641082c.wav,tone_labeled,p070,session_163447d5d72e,0484,,gang1,gang,1,,f641082c,.wav,legacy_session,ok
raw/mandarin-tone-recordings/audio_fixed_abe/p070/session_163447d5d72e/0485_jiao2_jiao_a3c9173e.wav,tone_labeled,p070,session_163447d5d72e,0485,,jiao2,jiao,2,,a3c9173e,.wav,legacy_session,ok
raw/mandarin-tone-recordings/audio_fixed_abe/p070/session_163447d5d72e/0486_gan1_gan_6b4a2d71.wav,tone_labeled,p070,session_163447d5d72e,0486,,gan1,gan,1,,6b4a2d71,.wav,legacy_session,ok
raw/mandarin-tone-recordings/audio_fixed_abe/p070/session_163447d5d72e/0487_za2_za_89523115.wav,tone_labeled,p070,session_163447d5d72e,0487,,za2,za,2,,89523115,.wav,legacy_session,ok
raw/mandarin-tone-recordings/audio_fixed_abe/p070/session_163447d5d72e/0488_su2_su_588bbd3f.wav,tone_labeled,p070,session_163447d5d72e,0488,,su2,su,2,,588bbd3f,.wav,legacy_session,ok
raw/mandarin-tone-recordings/audio_fixed_abe/p070/session_163447d5d72e/0489_ka2_ka_bb5051dc.wav,tone_labeled,p070,session_163447d5d72e,0489,,ka2,ka,2,,bb5051dc,.wav,legacy_session,ok
raw/mandarin-tone-recordings/audio_fixed_abe/p070/session_163447d5d72e/0490_xiong1_xiong_9cf4d0e8.wav,tone_labeled,p070,session_163447d5d72e,0490,,xiong1,xiong,1,,9cf4d0e8,.wav,legacy_session,ok
raw/mandarin-tone-recordings/audio_fixed_abe/p070/session_163447d5d72e/0491_piao1_piao_c4d3b802.wav,tone_labeled,p070,session_163447d5d72e,0491,,piao1,piao,1,,c4d3b802,.wav,legacy_session,ok
raw/mandarin-tone-recordings/audio_fixed_abe/p070/session_163447d5d72e/0492_dian1_dian_2ee94fd3.wav,tone_labeled,p070,session_163447d5d72e,0492,,dian1,dian,1,,2ee94fd3,.wav,legacy_session,ok
raw/mandarin-tone-recordings/audio_fixed_abe/p070/session_163447d5d72e/0493_jing3_jing_e2a0ef4d.wav,tone_labeled,p070,session_163447d5d72e,0493,,jing3,jing,3,,e2a0ef4d,.wav,legacy_session,ok
raw/mandarin-tone-recordings/audio_fixed_abe/p070/session_163447d5d72e/0494_zhei2_zhei_71c388b8.wav,tone_labeled,p070,session_163447d5d72e,0494,,zhei2,zhei,2,,71c388b8,.wav,legacy_session,ok
raw/mandarin-tone-recordings/audio_fixed_abe/p070/session_163447d5d72e/0495_pei4_pei_01897709.wav,tone_labeled,p070,session_163447d5d72e,0495,,pei4,pei,4,,01897709,.wav,legacy_session,ok
raw/mandarin-tone-recordings/audio_fixed_abe/p070/session_163447d5d72e/0496_en2_en_d8be7442.wav,tone_labeled,p070,session_163447d5d72e,0496,,en2,en,2,,d8be7442,.wav,legacy_session,ok
raw/mandarin-tone-recordings/audio_fixed_abe/p070/session_163447d5d72e/0497_pao1_pao_2d613a91.wav,tone_labeled,p070,session_163447d5d72e,0497,,pao1,pao,1,,2d613a91,.wav,legacy_session,ok
raw/mandarin-tone-recordings/audio_fixed_abe/p070/session_163447d5d72e/0498_pin1_pin_f944cbd8.wav,tone_labeled,p070,session_163447d5d72e,0498,,pin1,pin,1,,f944cbd8,.wav,legacy_session,ok
raw/mandarin-tone-recordings/audio_fixed_abe/p070/session_163447d5d72e/0499_luan4_luan_8c5d07b3.wav,tone_labeled,p070,session_163447d5d72e,0499,,luan4,luan,4,,8c5d07b3,.wav,legacy_session,ok
raw/mandarin-tone-recordings/audio_fixed_abe/p070/session_163447d5d72e/0500_chong3_chong_d9adbe05.wav,tone_labeled,p070,session_163447d5d72e,0500,,chong3,chong,3,,d9adbe05,.wav,legacy_session,ok
raw/mandarin-tone-recordings/audio_fixed_abe/p070/session_163447d5d72e/0501_wang3_wang_64d244ab.wav,tone_labeled,p070,session_163447d5d72e,0501,,wang3,wang,3,,64d244ab,.wav,legacy_session,ok
raw/mandarin-tone-recordings/audio_fixed_abe/p070/session_163447d5d72e/0502_kui4_kui_9649fd2a.wav,tone_labeled,p070,session_163447d5d72e,0502,,kui4,kui,4,,9649fd2a,.wav,legacy_session,ok
raw/mandarin-tone-recordings/audio_fixed_abe/p070/session_163447d5d72e/0503_nve4_nve_07c110f8.wav,tone_labeled,p070,session_163447d5d72e,0503,,nve4,nve,4,,07c110f8,.wav,legacy_session,ok
raw/mandarin-tone-recordings/audio_fixed_abe/p070/session_163447d5d72e/0504_run3_run_a0a2988c.wav,tone_labeled,p070,session_163447d5d72e,0504,,run3,run,3,,a0a2988c,.wav,legacy_session,ok
raw/mandarin-tone-recordings/audio_fixed_abe/p070/session_163447d5d72e/0505_qvn3_qvn_e7f58ebc.wav,tone_labeled,p070,session_163447d5d72e,0505,,qvn3,qvn,3,,e7f58ebc,.wav,legacy_session,ok
raw/mandarin-tone-recordings/audio_fixed_abe/p070/session_163447d5d72e/0506_shai4_shai_9d52ac24.wav,tone_labeled,p070,session_163447d5d72e,0506,,shai4,shai,4,,9d52ac24,.wav,legacy_session,ok
raw/mandarin-tone-recordings/audio_fixed_abe/p070/session_163447d5d72e/0507_ren1_ren_b208a02c.wav,tone_labeled,p070,session_163447d5d72e,0507,,ren1,ren,1,,b208a02c,.wav,legacy_session,ok
raw/mandarin-tone-recordings/audio_fixed_abe/p070/session_163447d5d72e/0508_xve3_xve_7730a55e.wav,tone_labeled,p070,session_163447d5d72e,0508,,xve3,xve,3,,7730a55e,.wav,legacy_session,ok
raw/mandarin-tone-recordings/audio_fixed_abe/p070/session_163447d5d72e/0509_pei2_pei_09c7cc83.wav,tone_labeled,p070,session_163447d5d72e,0509,,pei2,pei,2,,09c7cc83,.wav,legacy_session,ok
raw/mandarin-tone-recordings/audio_fixed_abe/p070/session_163447d5d72e/0510_yvan4_yvan_5ce9055e.wav,tone_labeled,p070,session_163447d5d72e,0510,,yvan4,yvan,4,,5ce9055e,.wav,legacy_session,ok
raw/mandarin-tone-recordings/audio_fixed_abe/p070/session_163447d5d72e/0511_ju1_ju_0ec14600.wav,tone_labeled,p070,session_163447d5d72e,0511,,ju1,ju,1,,0ec14600,.wav,legacy_session,ok
raw/mandarin-tone-recordings/audio_fixed_abe/p070/session_163447d5d72e/0512_shuang3_shuang_59b74815.wav,tone_labeled,p070,session_163447d5d72e,0512,,shuang3,shuang,3,,59b74815,.wav,legacy_session,ok
raw/mandarin-tone-recordings/audio_fixed_abe/p070/session_163447d5d72e/0513_lei1_lei_e6d756ab.wav,tone_labeled,p070,session_163447d5d72e,0513,,lei1,lei,1,,e6d756ab,.wav,legacy_session,ok
raw/mandarin-tone-recordings/audio_fixed_abe/p070/session_163447d5d72e/0514_cheng1_cheng_efe61f38.wav,tone_labeled,p070,session_163447d5d72e,0514,,cheng1,cheng,1,,efe61f38,.wav,legacy_session,ok
raw/mandarin-tone-recordings/audio_fixed_abe/p070/session_163447d5d72e/0515_sao4_sao_d57009d7.wav,tone_labeled,p070,session_163447d5d72e,0515,,sao4,sao,4,,d57009d7,.wav,legacy_session,ok
raw/mandarin-tone-recordings/audio_fixed_abe/p070/session_163447d5d72e/0516_qve4_qve_82bb85ae.wav,tone_labeled,p070,session_163447d5d72e,0516,,qve4,qve,4,,82bb85ae,.wav,legacy_session,ok
raw/mandarin-tone-recordings/audio_fixed_abe/p070/session_163447d5d72e/0517_gan2_gan_23607b03.wav,tone_labeled,p070,session_163447d5d72e,0517,,gan2,gan,2,,23607b03,.wav,legacy_session,ok
raw/mandarin-tone-recordings/audio_fixed_abe/p070/session_163447d5d72e/0518_feng1_feng_5b7eac24.wav,tone_labeled,p070,session_163447d5d72e,0518,,feng1,feng,1,,5b7eac24,.wav,legacy_session,ok
raw/mandarin-tone-recordings/audio_fixed_abe/p070/session_163447d5d72e/0519_fo3_fo_3830dd96.wav,tone_labeled,p070,session_163447d5d72e,0519,,fo3,fo,3,,3830dd96,.wav,legacy_session,ok
raw/mandarin-tone-recordings/audio_fixed_abe/p070/session_163447d5d72e/0520_qvn4_qvn_85ede9b8.wav,tone_labeled,p070,session_163447d5d72e,0520,,qvn4,qvn,4,,85ede9b8,.wav,legacy_session,ok
raw/mandarin-tone-recordings/audio_fixed_abe/p070/session_163447d5d72e/0521_mi2_mi_a22bdc77.wav,tone_labeled,p070,session_163447d5d72e,0521,,mi2,mi,2,,a22bdc77,.wav,legacy_session,ok
raw/mandarin-tone-recordings/audio_fixed_abe/p070/session_163447d5d72e/0522_yao3_yao_604d3178.wav,tone_labeled,p070,session_163447d5d72e,0522,,yao3,yao,3,,604d3178,.wav,legacy_session,ok
raw/mandarin-tone-recordings/audio_fixed_abe/p070/session_163447d5d72e/0523_lia4_lia_b2134a03.wav,tone_labeled,p070,session_163447d5d72e,0523,,lia4,lia,4,,b2134a03,.wav,legacy_session,ok
raw/mandarin-tone-recordings/audio_fixed_abe/p070/session_163447d5d72e/0524_mie2_mie_db8e89ec.wav,tone_labeled,p070,session_163447d5d72e,0524,,mie2,mie,2,,db8e89ec,.wav,legacy_session,ok
raw/mandarin-tone-recordings/audio_fixed_abe/p070/session_163447d5d72e/0525_da4_da_0dd0e68b.wav,tone_labeled,p070,session_163447d5d72e,0525,,da4,da,4,,0dd0e68b,.wav,legacy_session,ok
raw/mandarin-tone-recordings/audio_fixed_abe/p070/session_163447d5d72e/0526_hou4_hou_30d4eb95.wav,tone_labeled,p070,session_163447d5d72e,0526,,hou4,hou,4,,30d4eb95,.wav,legacy_session,ok
raw/mandarin-tone-recordings/audio_fixed_abe/p070/session_163447d5d72e/0527_zhang2_zhang_cd29b94b.wav,tone_labeled,p070,session_163447d5d72e,0527,,zhang2,zhang,2,,cd29b94b,.wav,legacy_session,ok
raw/mandarin-tone-recordings/audio_fixed_abe/p070/session_163447d5d72e/0528_keng3_keng_17bac2ab.wav,tone_labeled,p070,session_163447d5d72e,0528,,keng3,keng,3,,17bac2ab,.wav,legacy_session,ok
raw/mandarin-tone-recordings/audio_fixed_abe/p070/session_163447d5d72e/0529_kai3_kai_48c45fa0.wav,tone_labeled,p070,session_163447d5d72e,0529,,kai3,kai,3,,48c45fa0,.wav,legacy_session,ok
raw/mandarin-tone-recordings/audio_fixed_abe/p070/session_163447d5d72e/0530_mai3_mai_3c3b660d.wav,tone_labeled,p070,session_163447d5d72e,0530,,mai3,mai,3,,3c3b660d,.wav,legacy_session,ok
raw/mandarin-tone-recordings/audio_fixed_abe/p070/session_163447d5d72e/0531_gai4_gai_1f8679e0.wav,tone_labeled,p070,session_163447d5d72e,0531,,gai4,gai,4,,1f8679e0,.wav,legacy_session,ok
raw/mandarin-tone-recordings/audio_fixed_abe/p070/session_163447d5d72e/0532_mo4_mo_6efa5510.wav,tone_labeled,p070,session_163447d5d72e,0532,,mo4,mo,4,,6efa5510,.wav,legacy_session,ok
raw/mandarin-tone-recordings/audio_fixed_abe/p070/session_163447d5d72e/0533_ye4_ye_7a67fe4d.wav,tone_labeled,p070,session_163447d5d72e,0533,,ye4,ye,4,,7a67fe4d,.wav,legacy_session,ok
raw/mandarin-tone-recordings/audio_fixed_abe/p070/session_163447d5d72e/0534_pa1_pa_b5fa2dc3.wav,tone_labeled,p070,session_163447d5d72e,0534,,pa1,pa,1,,b5fa2dc3,.wav,legacy_session,ok
raw/mandarin-tone-recordings/audio_fixed_abe/p070/session_163447d5d72e/0535_ying2_ying_2807e3a7.wav,tone_labeled,p070,session_163447d5d72e,0535,,ying2,ying,2,,2807e3a7,.wav,legacy_session,ok
raw/mandarin-tone-recordings/audio_fixed_abe/p070/session_163447d5d72e/0536_fou3_fou_ca185322.wav,tone_labeled,p070,session_163447d5d72e,0536,,fou3,fou,3,,ca185322,.wav,legacy_session,ok
raw/mandarin-tone-recordings/audio_fixed_abe/p070/session_163447d5d72e/0537_tu2_tu_347e1eaf.wav,tone_labeled,p070,session_163447d5d72e,0537,,tu2,tu,2,,347e1eaf,.wav,legacy_session,ok
raw/mandarin-tone-recordings/audio_fixed_abe/p070/session_163447d5d72e/0538_shao1_shao_74a442f3.wav,tone_labeled,p070,session_163447d5d72e,0538,,shao1,shao,1,,74a442f3,.wav,legacy_session,ok
raw/mandarin-tone-recordings/audio_fixed_abe/p070/session_163447d5d72e/0539_kei2_kei_b67232da.wav,tone_labeled,p070,session_163447d5d72e,0539,,kei2,kei,2,,b67232da,.wav,legacy_session,ok
raw/mandarin-tone-recordings/audio_fixed_abe/p070/session_163447d5d72e/0540_kao3_kao_8eed51b8.wav,tone_labeled,p070,session_163447d5d72e,0540,,kao3,kao,3,,8eed51b8,.wav,legacy_session,ok
raw/mandarin-tone-recordings/audio_fixed_abe/p070/session_163447d5d72e/0541_tiao3_tiao_fb44328a.wav,tone_labeled,p070,session_163447d5d72e,0541,,tiao3,tiao,3,,fb44328a,.wav,legacy_session,ok
raw/mandarin-tone-recordings/audio_fixed_abe/p070/session_163447d5d72e/0542_shui3_shui_a7072b36.wav,tone_labeled,p070,session_163447d5d72e,0542,,shui3,shui,3,,a7072b36,.wav,legacy_session,ok
raw/mandarin-tone-recordings/audio_fixed_abe/p070/session_163447d5d72e/0543_cang1_cang_e82d38e3.wav,tone_labeled,p070,session_163447d5d72e,0543,,cang1,cang,1,,e82d38e3,.wav,legacy_session,ok
raw/mandarin-tone-recordings/audio_fixed_abe/p070/session_163447d5d72e/0544_cun1_cun_695e5761.wav,tone_labeled,p070,session_163447d5d72e,0544,,cun1,cun,1,,695e5761,.wav,legacy_session,ok
raw/mandarin-tone-recordings/audio_fixed_abe/p070/session_163447d5d72e/0545_zhe2_zhe_8ad2838f.wav,tone_labeled,p070,session_163447d5d72e,0545,,zhe2,zhe,2,,8ad2838f,.wav,legacy_session,ok
raw/mandarin-tone-recordings/audio_fixed_abe/p070/session_163447d5d72e/0546_ti2_ti_7660fc37.wav,tone_labeled,p070,session_163447d5d72e,0546,,ti2,ti,2,,7660fc37,.wav,legacy_session,ok
raw/mandarin-tone-recordings/audio_fixed_abe/p070/session_163447d5d72e/0547_qian2_qian_c850686a.wav,tone_labeled,p070,session_163447d5d72e,0547,,qian2,qian,2,,c850686a,.wav,legacy_session,ok
raw/mandarin-tone-recordings/audio_fixed_abe/p070/session_163447d5d72e/0548_mo3_mo_17d74ea4.wav,tone_labeled,p070,session_163447d5d72e,0548,,mo3,mo,3,,17d74ea4,.wav,legacy_session,ok
raw/mandarin-tone-recordings/audio_fixed_abe/p070/session_163447d5d72e/0549_rong1_rong_e89bac41.wav,tone_labeled,p070,session_163447d5d72e,0549,,rong1,rong,1,,e89bac41,.wav,legacy_session,ok
raw/mandarin-tone-recordings/audio_fixed_abe/p070/session_163447d5d72e/0550_dong2_dong_2caf7d91.wav,tone_labeled,p070,session_163447d5d72e,0550,,dong2,dong,2,,2caf7d91,.wav,legacy_session,ok
raw/mandarin-tone-recordings/audio_fixed_abe/p070/session_163447d5d72e/0551_chou3_chou_5fa702b6.wav,tone_labeled,p070,session_163447d5d72e,0551,,chou3,chou,3,,5fa702b6,.wav,legacy_session,ok
raw/mandarin-tone-recordings/audio_fixed_abe/p070/session_163447d5d72e/0552_weng1_weng_62b29ebf.wav,tone_labeled,p070,session_163447d5d72e,0552,,weng1,weng,1,,62b29ebf,.wav,legacy_session,ok
raw/mandarin-tone-recordings/audio_fixed_abe/p070/session_163447d5d72e/0553_mang4_mang_1f283446.wav,tone_labeled,p070,session_163447d5d72e,0553,,mang4,mang,4,,1f283446,.wav,legacy_session,ok
raw/mandarin-tone-recordings/audio_fixed_abe/p070/session_163447d5d72e/0554_pu3_pu_e237e4b7.wav,tone_labeled,p070,session_163447d5d72e,0554,,pu3,pu,3,,e237e4b7,.wav,legacy_session,ok
raw/mandarin-tone-recordings/audio_fixed_abe/p070/session_163447d5d72e/0555_zhuai2_zhuai_41de5537.wav,tone_labeled,p070,session_163447d5d72e,0555,,zhuai2,zhuai,2,,41de5537,.wav,legacy_session,ok
raw/mandarin-tone-recordings/audio_fixed_abe/p070/session_163447d5d72e/0556_tong3_tong_8b3ddacb.wav,tone_labeled,p070,session_163447d5d72e,0556,,tong3,tong,3,,8b3ddacb,.wav,legacy_session,ok
raw/mandarin-tone-recordings/audio_fixed_abe/p070/session_163447d5d72e/0557_nun1_nun_fff3aa39.wav,tone_labeled,p070,session_163447d5d72e,0557,,nun1,nun,1,,fff3aa39,.wav,legacy_session,ok
raw/mandarin-tone-recordings/audio_fixed_abe/p070/session_163447d5d72e/0558_ping4_ping_9ee62ce9.wav,tone_labeled,p070,session_163447d5d72e,0558,,ping4,ping,4,,9ee62ce9,.wav,legacy_session,ok
raw/mandarin-tone-recordings/audio_fixed_abe/p070/session_163447d5d72e/0559_jia4_jia_81626392.wav,tone_labeled,p070,session_163447d5d72e,0559,,jia4,jia,4,,81626392,.wav,legacy_session,ok
raw/mandarin-tone-recordings/audio_fixed_abe/p070/session_163447d5d72e/0560_ceng3_ceng_1f1e8950.wav,tone_labeled,p070,session_163447d5d72e,0560,,ceng3,ceng,3,,1f1e8950,.wav,legacy_session,ok
raw/mandarin-tone-recordings/audio_fixed_abe/p070/session_163447d5d72e/0561_chun2_chun_bc4f63f2.wav,tone_labeled,p070,session_163447d5d72e,0561,,chun2,chun,2,,bc4f63f2,.wav,legacy_session,ok
raw/mandarin-tone-recordings/audio_fixed_abe/p070/session_163447d5d72e/0562_niang4_niang_6026aed7.wav,tone_labeled,p070,session_163447d5d72e,0562,,niang4,niang,4,,6026aed7,.wav,legacy_session,ok
raw/mandarin-tone-recordings/audio_fixed_abe/p070/session_163447d5d72e/0563_ru3_ru_258928af.wav,tone_labeled,p070,session_163447d5d72e,0563,,ru3,ru,3,,258928af,.wav,legacy_session,ok
raw/mandarin-tone-recordings/audio_fixed_abe/p070/session_163447d5d72e/0564_jie2_jie_1732b90c.wav,tone_labeled,p070,session_163447d5d72e,0564,,jie2,jie,2,,1732b90c,.wav,legacy_session,ok
raw/mandarin-tone-recordings/audio_fixed_abe/p070/session_163447d5d72e/0565_heng2_heng_10372683.wav,tone_labeled,p070,session_163447d5d72e,0565,,heng2,heng,2,,10372683,.wav,legacy_session,ok
raw/mandarin-tone-recordings/audio_fixed_abe/p070/session_163447d5d72e/0566_cei4_cei_b94fdef2.wav,tone_labeled,p070,session_163447d5d72e,0566,,cei4,cei,4,,b94fdef2,.wav,legacy_session,ok
raw/mandarin-tone-recordings/audio_fixed_abe/p070/session_163447d5d72e/0567_xv1_xv_ae6885a1.wav,tone_labeled,p070,session_163447d5d72e,0567,,xv1,xv,1,,ae6885a1,.wav,legacy_session,ok
raw/mandarin-tone-recordings/audio_fixed_abe/p070/session_163447d5d72e/0568_tuo3_tuo_633aa8ff.wav,tone_labeled,p070,session_163447d5d72e,0568,,tuo3,tuo,3,,633aa8ff,.wav,legacy_session,ok
raw/mandarin-tone-recordings/audio_fixed_abe/p070/session_163447d5d72e/0569_juan1_juan_e2cbda88.wav,tone_labeled,p070,session_163447d5d72e,0569,,juan1,juan,1,,e2cbda88,.wav,legacy_session,ok
raw/mandarin-tone-recordings/audio_fixed_abe/p070/session_163447d5d72e/0570_dou2_dou_acd29db2.wav,tone_labeled,p070,session_163447d5d72e,0570,,dou2,dou,2,,acd29db2,.wav,legacy_session,ok
raw/mandarin-tone-recordings/audio_fixed_abe/p070/session_163447d5d72e/0571_nei4_nei_092bb86c.wav,tone_labeled,p070,session_163447d5d72e,0571,,nei4,nei,4,,092bb86c,.wav,legacy_session,ok
raw/mandarin-tone-recordings/audio_fixed_abe/p070/session_163447d5d72e/0572_lie3_lie_8175083a.wav,tone_labeled,p070,session_163447d5d72e,0572,,lie3,lie,3,,8175083a,.wav,legacy_session,ok
raw/mandarin-tone-recordings/audio_fixed_abe/p070/session_163447d5d72e/0573_meng2_meng_1b9b72a1.wav,tone_labeled,p070,session_163447d5d72e,0573,,meng2,meng,2,,1b9b72a1,.wav,legacy_session,ok
raw/mandarin-tone-recordings/audio_fixed_abe/p070/session_163447d5d72e/0574_mao4_mao_e6641be5.wav,tone_labeled,p070,session_163447d5d72e,0574,,mao4,mao,4,,e6641be5,.wav,legacy_session,ok
raw/mandarin-tone-recordings/audio_fixed_abe/p070/session_163447d5d72e/0575_cen4_cen_14d7d042.wav,tone_labeled,p070,session_163447d5d72e,0575,,cen4,cen,4,,14d7d042,.wav,legacy_session,ok
raw/mandarin-tone-recordings/audio_fixed_abe/p070/session_163447d5d72e/0576_shuang2_shuang_190cc035.wav,tone_labeled,p070,session_163447d5d72e,0576,,shuang2,shuang,2,,190cc035,.wav,legacy_session,ok
raw/mandarin-tone-recordings/audio_fixed_abe/p070/session_163447d5d72e/0577_bu3_bu_da69b97d.wav,tone_labeled,p070,session_163447d5d72e,0577,,bu3,bu,3,,da69b97d,.wav,legacy_session,ok
raw/mandarin-tone-recordings/audio_fixed_abe/p070/session_163447d5d72e/0578_pa4_pa_0b07382e.wav,tone_labeled,p070,session_163447d5d72e,0578,,pa4,pa,4,,0b07382e,.wav,legacy_session,ok
raw/mandarin-tone-recordings/audio_fixed_abe/p070/session_163447d5d72e/0579_cha1_cha_4653c3ce.wav,tone_labeled,p070,session_163447d5d72e,0579,,cha1,cha,1,,4653c3ce,.wav,legacy_session,ok
raw/mandarin-tone-recordings/audio_fixed_abe/p070/session_163447d5d72e/0580_sang1_sang_423c3a99.wav,tone_labeled,p070,session_163447d5d72e,0580,,sang1,sang,1,,423c3a99,.wav,legacy_session,ok
raw/mandarin-tone-recordings/audio_fixed_abe/p070/session_163447d5d72e/0581_bang1_bang_b49c8d7e.wav,tone_labeled,p070,session_163447d5d72e,0581,,bang1,bang,1,,b49c8d7e,.wav,legacy_session,ok
raw/mandarin-tone-recordings/audio_fixed_abe/p070/session_163447d5d72e/0582_xiang1_xiang_ad9da47a.wav,tone_labeled,p070,session_163447d5d72e,0582,,xiang1,xiang,1,,ad9da47a,.wav,legacy_session,ok
raw/mandarin-tone-recordings/audio_fixed_abe/p070/session_163447d5d72e/0583_za1_za_a1eafef0.wav,tone_labeled,p070,session_163447d5d72e,0583,,za1,za,1,,a1eafef0,.wav,legacy_session,ok
raw/mandarin-tone-recordings/audio_fixed_abe/p070/session_163447d5d72e/0584_rui2_rui_e7e4d8f7.wav,tone_labeled,p070,session_163447d5d72e,0584,,rui2,rui,2,,e7e4d8f7,.wav,legacy_session,ok
raw/mandarin-tone-recordings/audio_fixed_abe/p070/session_163447d5d72e/0585_chi3_chi_b84c6404.wav,tone_labeled,p070,session_163447d5d72e,0585,,chi3,chi,3,,b84c6404,.wav,legacy_session,ok
raw/mandarin-tone-recordings/audio_fixed_abe/p070/session_163447d5d72e/0586_sa1_sa_100d0a0c.wav,tone_labeled,p070,session_163447d5d72e,0586,,sa1,sa,1,,100d0a0c,.wav,legacy_session,ok
raw/mandarin-tone-recordings/audio_fixed_abe/p070/session_163447d5d72e/0587_mou2_mou_d475801c.wav,tone_labeled,p070,session_163447d5d72e,0587,,mou2,mou,2,,d475801c,.wav,legacy_session,ok
raw/mandarin-tone-recordings/audio_fixed_abe/p070/session_163447d5d72e/0588_zhu1_zhu_568765c5.wav,tone_labeled,p070,session_163447d5d72e,0588,,zhu1,zhu,1,,568765c5,.wav,legacy_session,ok
raw/mandarin-tone-recordings/audio_fixed_abe/p070/session_163447d5d72e/0589_qie1_qie_e18e5e96.wav,tone_labeled,p070,session_163447d5d72e,0589,,qie1,qie,1,,e18e5e96,.wav,legacy_session,ok
raw/mandarin-tone-recordings/audio_fixed_abe/p070/session_163447d5d72e/0590_kun3_kun_22d6bd2c.wav,tone_labeled,p070,session_163447d5d72e,0590,,kun3,kun,3,,22d6bd2c,.wav,legacy_session,ok
raw/mandarin-tone-recordings/audio_fixed_abe/p070/session_163447d5d72e/0591_bian4_bian_fb0a43dc.wav,tone_labeled,p070,session_163447d5d72e,0591,,bian4,bian,4,,fb0a43dc,.wav,legacy_session,ok
raw/mandarin-tone-recordings/audio_fixed_abe/p070/session_163447d5d72e/0592_shu2_shu_15eafe30.wav,tone_labeled,p070,session_163447d5d72e,0592,,shu2,shu,2,,15eafe30,.wav,legacy_session,ok
raw/mandarin-tone-recordings/audio_fixed_abe/p070/session_163447d5d72e/0593_ruan2_ruan_5b747ba1.wav,tone_labeled,p070,session_163447d5d72e,0593,,ruan2,ruan,2,,5b747ba1,.wav,legacy_session,ok
raw/mandarin-tone-recordings/audio_fixed_abe/p070/session_163447d5d72e/0594_ri1_ri_d99f28a2.wav,tone_labeled,p070,session_163447d5d72e,0594,,ri1,ri,1,,d99f28a2,.wav,legacy_session,ok
raw/mandarin-tone-recordings/audio_fixed_abe/p070/session_163447d5d72e/0595_pang2_pang_b63e7deb.wav,tone_labeled,p070,session_163447d5d72e,0595,,pang2,pang,2,,b63e7deb,.wav,legacy_session,ok
raw/mandarin-tone-recordings/audio_fixed_abe/p070/session_163447d5d72e/0596_lao4_lao_cbf6c4d2.wav,tone_labeled,p070,session_163447d5d72e,0596,,lao4,lao,4,,cbf6c4d2,.wav,legacy_session,ok
raw/mandarin-tone-recordings/audio_fixed_abe/p070/session_163447d5d72e/0597_lang4_lang_8b0e8491.wav,tone_labeled,p070,session_163447d5d72e,0597,,lang4,lang,4,,8b0e8491,.wav,legacy_session,ok
raw/mandarin-tone-recordings/audio_fixed_abe/p070/session_163447d5d72e/0598_hu4_hu_a19b92b9.wav,tone_labeled,p070,session_163447d5d72e,0598,,hu4,hu,4,,a19b92b9,.wav,legacy_session,ok
raw/mandarin-tone-recordings/audio_fixed_abe/p070/session_163447d5d72e/0599_li1_li_f9d29003.wav,tone_labeled,p070,session_163447d5d72e,0599,,li1,li,1,,f9d29003,.wav,legacy_session,ok
raw/mandarin-tone-recordings/audio_fixed_abe/p070/session_163447d5d72e/0600_lu2_lu_4e18b601.wav,tone_labeled,p070,session_163447d5d72e,0600,,lu2,lu,2,,4e18b601,.wav,legacy_session,ok
raw/mandarin-tone-recordings/audio_fixed_abe/p070/session_163447d5d72e/0601_che4_che_30c02724.wav,tone_labeled,p070,session_163447d5d72e,0601,,che4,che,4,,30c02724,.wav,legacy_session,ok
raw/mandarin-tone-recordings/audio_fixed_abe/p070/session_163447d5d72e/0602_rong3_rong_eb4b5dbf.wav,tone_labeled,p070,session_163447d5d72e,0602,,rong3,rong,3,,eb4b5dbf,.wav,legacy_session,ok
raw/mandarin-tone-recordings/audio_fixed_abe/p070/session_163447d5d72e/0603_meng4_meng_1f4a761a.wav,tone_labeled,p070,session_163447d5d72e,0603,,meng4,meng,4,,1f4a761a,.wav,legacy_session,ok
raw/mandarin-tone-recordings/audio_fixed_abe/p070/session_163447d5d72e/0604_zhu3_zhu_ad1a5d9c.wav,tone_labeled,p070,session_163447d5d72e,0604,,zhu3,zhu,3,,ad1a5d9c,.wav,legacy_session,ok
raw/mandarin-tone-recordings/audio_fixed_abe/p070/session_163447d5d72e/0605_kun4_kun_23c80750.wav,tone_labeled,p070,session_163447d5d72e,0605,,kun4,kun,4,,23c80750,.wav,legacy_session,ok
raw/mandarin-tone-recordings/audio_fixed_abe/p070/session_163447d5d72e/0606_luan3_luan_f0e2991d.wav,tone_labeled,p070,session_163447d5d72e,0606,,luan3,luan,3,,f0e2991d,.wav,legacy_session,ok
raw/mandarin-tone-recordings/audio_fixed_abe/p070/session_163447d5d72e/0607_zui1_zui_9863dd30.wav,tone_labeled,p070,session_163447d5d72e,0607,,zui1,zui,1,,9863dd30,.wav,legacy_session,ok
raw/mandarin-tone-recordings/audio_fixed_abe/p070/session_163447d5d72e/0608_can1_can_2a0b980e.wav,tone_labeled,p070,session_163447d5d72e,0608,,can1,can,1,,2a0b980e,.wav,legacy_session,ok
raw/mandarin-tone-recordings/audio_fixed_abe/p070/session_163447d5d72e/0609_reng3_reng_a940f255.wav,tone_labeled,p070,session_163447d5d72e,0609,,reng3,reng,3,,a940f255,.wav,legacy_session,ok
raw/mandarin-tone-recordings/audio_fixed_abe/p070/session_163447d5d72e/0610_xu1_xu_d7a47bb0.wav,tone_labeled,p070,session_163447d5d72e,0610,,xu1,xu,1,,d7a47bb0,.wav,legacy_session,ok
raw/mandarin-tone-recordings/audio_fixed_abe/p070/session_163447d5d72e/0611_zhuang4_zhuang_280c84da.wav,tone_labeled,p070,session_163447d5d72e,0611,,zhuang4,zhuang,4,,280c84da,.wav,legacy_session,ok
raw/mandarin-tone-recordings/audio_fixed_abe/p070/session_163447d5d72e/0612_suan1_suan_b95fb916.wav,tone_labeled,p070,session_163447d5d72e,0612,,suan1,suan,1,,b95fb916,.wav,legacy_session,ok
raw/mandarin-tone-recordings/audio_fixed_abe/p070/session_163447d5d72e/0613_ding2_ding_097d65b7.wav,tone_labeled,p070,session_163447d5d72e,0613,,ding2,ding,2,,097d65b7,.wav,legacy_session,ok
raw/mandarin-tone-recordings/audio_fixed_abe/p070/session_163447d5d72e/0614_zu2_zu_52be7072.wav,tone_labeled,p070,session_163447d5d72e,0614,,zu2,zu,2,,52be7072,.wav,legacy_session,ok
raw/mandarin-tone-recordings/audio_fixed_abe/p070/session_163447d5d72e/0615_bing2_bing_17b76567.wav,tone_labeled,p070,session_163447d5d72e,0615,,bing2,bing,2,,17b76567,.wav,legacy_session,ok
raw/mandarin-tone-recordings/audio_fixed_abe/p070/session_163447d5d72e/0616_zan2_zan_dd26cafd.wav,tone_labeled,p070,session_163447d5d72e,0616,,zan2,zan,2,,dd26cafd,.wav,legacy_session,ok
raw/mandarin-tone-recordings/audio_fixed_abe/p070/session_163447d5d72e/0617_qv1_qv_9ba0a75c.wav,tone_labeled,p070,session_163447d5d72e,0617,,qv1,qv,1,,9ba0a75c,.wav,legacy_session,ok
raw/mandarin-tone-recordings/audio_fixed_abe/p070/session_163447d5d72e/0618_dei1_dei_be473030.wav,tone_labeled,p070,session_163447d5d72e,0618,,dei1,dei,1,,be473030,.wav,legacy_session,ok
raw/mandarin-tone-recordings/audio_fixed_abe/p070/session_163447d5d72e/0619_nv4_nv_d2b5fd0c.wav,tone_labeled,p070,session_163447d5d72e,0619,,nv4,nv,4,,d2b5fd0c,.wav,legacy_session,ok
raw/mandarin-tone-recordings/audio_fixed_abe/p070/session_163447d5d72e/0620_jvan2_jvan_23a60a2b.wav,tone_labeled,p070,session_163447d5d72e,0620,,jvan2,jvan,2,,23a60a2b,.wav,legacy_session,ok
raw/mandarin-tone-recordings/audio_fixed_abe/p070/session_163447d5d72e/0621_lve1_lve_4eb13fc0.wav,tone_labeled,p070,session_163447d5d72e,0621,,lve1,lve,1,,4eb13fc0,.wav,legacy_session,ok
raw/mandarin-tone-recordings/audio_fixed_abe/p070/session_163447d5d72e/0622_pie4_pie_0debad88.wav,tone_labeled,p070,session_163447d5d72e,0622,,pie4,pie,4,,0debad88,.wav,legacy_session,ok
raw/mandarin-tone-recordings/audio_fixed_abe/p070/session_163447d5d72e/0623_pen4_pen_e935c278.wav,tone_labeled,p070,session_163447d5d72e,0623,,pen4,pen,4,,e935c278,.wav,legacy_session,ok
raw/mandarin-tone-recordings/audio_fixed_abe/p070/session_163447d5d72e/0624_lou4_lou_a18006f4.wav,tone_labeled,p070,session_163447d5d72e,0624,,lou4,lou,4,,a18006f4,.wav,legacy_session,ok
raw/mandarin-tone-recordings/audio_fixed_abe/p070/session_163447d5d72e/0625_miao2_miao_7dc8210d.wav,tone_labeled,p070,session_163447d5d72e,0625,,miao2,miao,2,,7dc8210d,.wav,legacy_session,ok
raw/mandarin-tone-recordings/audio_fixed_abe/p070/session_163447d5d72e/0626_qi4_qi_d43e2e81.wav,tone_labeled,p070,session_163447d5d72e,0626,,qi4,qi,4,,d43e2e81,.wav,legacy_session,ok
raw/mandarin-tone-recordings/audio_fixed_abe/p070/session_163447d5d72e/0627_jia1_jia_aa4b2e8d.wav,tone_labeled,p070,session_163447d5d72e,0627,,jia1,jia,1,,aa4b2e8d,.wav,legacy_session,ok
raw/mandarin-tone-recordings/audio_fixed_abe/p070/session_163447d5d72e/0628_cu3_cu_db2095eb.wav,tone_labeled,p070,session_163447d5d72e,0628,,cu3,cu,3,,db2095eb,.wav,legacy_session,ok
raw/mandarin-tone-recordings/audio_fixed_abe/p070/session_163447d5d72e/0629_ning4_ning_4be58220.wav,tone_labeled,p070,session_163447d5d72e,0629,,ning4,ning,4,,4be58220,.wav,legacy_session,ok
raw/mandarin-tone-recordings/audio_fixed_abe/p070/session_163447d5d72e/0630_she1_she_b93b428e.wav,tone_labeled,p070,session_163447d5d72e,0630,,she1,she,1,,b93b428e,.wav,legacy_session,ok
raw/mandarin-tone-recordings/audio_fixed_abe/p070/session_163447d5d72e/0631_yao2_yao_1795f65f.wav,tone_labeled,p070,session_163447d5d72e,0631,,yao2,yao,2,,1795f65f,.wav,legacy_session,ok
raw/mandarin-tone-recordings/audio_fixed_abe/p070/session_163447d5d72e/0632_kei1_kei_8c73ce55.wav,tone_labeled,p070,session_163447d5d72e,0632,,kei1,kei,1,,8c73ce55,.wav,legacy_session,ok
raw/mandarin-tone-recordings/audio_fixed_abe/p070/session_163447d5d72e/0633_kan1_kan_3a247e12.wav,tone_labeled,p070,session_163447d5d72e,0633,,kan1,kan,1,,3a247e12,.wav,legacy_session,ok
raw/mandarin-tone-recordings/audio_fixed_abe/p070/session_163447d5d72e/0634_ruo1_ruo_aba3167b.wav,tone_labeled,p070,session_163447d5d72e,0634,,ruo1,ruo,1,,aba3167b,.wav,legacy_session,ok
raw/mandarin-tone-recordings/audio_fixed_abe/p070/session_163447d5d72e/0635_sa3_sa_65497737.wav,tone_labeled,p070,session_163447d5d72e,0635,,sa3,sa,3,,65497737,.wav,legacy_session,ok
raw/mandarin-tone-recordings/audio_fixed_abe/p070/session_163447d5d72e/0636_guai3_guai_af2d358a.wav,tone_labeled,p070,session_163447d5d72e,0636,,guai3,guai,3,,af2d358a,.wav,legacy_session,ok
raw/mandarin-tone-recordings/audio_fixed_abe/p070/session_163447d5d72e/0637_kuan2_kuan_51a33d1e.wav,tone_labeled,p070,session_163447d5d72e,0637,,kuan2,kuan,2,,51a33d1e,.wav,legacy_session,ok
raw/mandarin-tone-recordings/audio_fixed_abe/p070/session_163447d5d72e/0638_lun4_lun_9f6052b0.wav,tone_labeled,p070,session_163447d5d72e,0638,,lun4,lun,4,,9f6052b0,.wav,legacy_session,ok
raw/mandarin-tone-recordings/audio_fixed_abe/p070/session_163447d5d72e/0639_cong4_cong_0bd1dc7a.wav,tone_labeled,p070,session_163447d5d72e,0639,,cong4,cong,4,,0bd1dc7a,.wav,legacy_session,ok
raw/mandarin-tone-recordings/audio_fixed_abe/p070/session_163447d5d72e/0640_chun3_chun_0cc05ef4.wav,tone_labeled,p070,session_163447d5d72e,0640,,chun3,chun,3,,0cc05ef4,.wav,legacy_session,ok
raw/mandarin-tone-recordings/audio_fixed_abe/p070/session_163447d5d72e/0641_miu4_miu_76e8a1cf.wav,tone_labeled,p070,session_163447d5d72e,0641,,miu4,miu,4,,76e8a1cf,.wav,legacy_session,ok
raw/mandarin-tone-recordings/audio_fixed_abe/p070/session_163447d5d72e/0642_ce1_ce_1876b435.wav,tone_labeled,p070,session_163447d5d72e,0642,,ce1,ce,1,,1876b435,.wav,legacy_session,ok
raw/mandarin-tone-recordings/audio_fixed_abe/p070/session_163447d5d72e/0643_yan3_yan_bf2930bb.wav,tone_labeled,p070,session_163447d5d72e,0643,,yan3,yan,3,,bf2930bb,.wav,legacy_session,ok
raw/mandarin-tone-recordings/audio_fixed_abe/p070/session_163447d5d72e/0644_zang3_zang_3133a255.wav,tone_labeled,p070,session_163447d5d72e,0644,,zang3,zang,3,,3133a255,.wav,legacy_session,ok
raw/mandarin-tone-recordings/audio_fixed_abe/p070/session_163447d5d72e/0645_rao1_rao_bb0f662a.wav,tone_labeled,p070,session_163447d5d72e,0645,,rao1,rao,1,,bb0f662a,.wav,legacy_session,ok
raw/mandarin-tone-recordings/audio_fixed_abe/p070/session_163447d5d72e/0646_tou1_tou_ab0e4607.wav,tone_labeled,p070,session_163447d5d72e,0646,,tou1,tou,1,,ab0e4607,.wav,legacy_session,ok
raw/mandarin-tone-recordings/audio_fixed_abe/p070/session_163447d5d72e/0647_lu3_lu_50eef988.wav,tone_labeled,p070,session_163447d5d72e,0647,,lu3,lu,3,,50eef988,.wav,legacy_session,ok
raw/mandarin-tone-recordings/audio_fixed_abe/p070/session_163447d5d72e/0648_si2_si_ee2d1cbd.wav,tone_labeled,p070,session_163447d5d72e,0648,,si2,si,2,,ee2d1cbd,.wav,legacy_session,ok
raw/mandarin-tone-recordings/audio_fixed_abe/p070/session_163447d5d72e/0649_jve2_jve_96db1901.wav,tone_labeled,p070,session_163447d5d72e,0649,,jve2,jve,2,,96db1901,.wav,legacy_session,ok
raw/mandarin-tone-recordings/audio_fixed_abe/p070/session_163447d5d72e/0650_hang2_hang_908878ba.wav,tone_labeled,p070,session_163447d5d72e,0650,,hang2,hang,2,,908878ba,.wav,legacy_session,ok
raw/mandarin-tone-recordings/audio_fixed_abe/p070/session_163447d5d72e/0651_lin4_lin_dd7e5c2c.wav,tone_labeled,p070,session_163447d5d72e,0651,,lin4,lin,4,,dd7e5c2c,.wav,legacy_session,ok
raw/mandarin-tone-recordings/audio_fixed_abe/p070/session_163447d5d72e/0652_zen1_zen_8b287d9e.wav,tone_labeled,p070,session_163447d5d72e,0652,,zen1,zen,1,,8b287d9e,.wav,legacy_session,ok
raw/mandarin-tone-recordings/audio_fixed_abe/p070/session_163447d5d72e/0653_fiao3_fiao_20b77c39.wav,tone_labeled,p070,session_163447d5d72e,0653,,fiao3,fiao,3,,20b77c39,.wav,legacy_session,ok
raw/mandarin-tone-recordings/audio_fixed_abe/p070/session_163447d5d72e/0654_shou4_shou_6ea25b7f.wav,tone_labeled,p070,session_163447d5d72e,0654,,shou4,shou,4,,6ea25b7f,.wav,legacy_session,ok
raw/mandarin-tone-recordings/audio_fixed_abe/p070/session_163447d5d72e/0655_fan2_fan_15dda4a6.wav,tone_labeled,p070,session_163447d5d72e,0655,,fan2,fan,2,,15dda4a6,.wav,legacy_session,ok
raw/mandarin-tone-recordings/audio_fixed_abe/p070/session_163447d5d72e/0656_jiang4_jiang_6bc3f749.wav,tone_labeled,p070,session_163447d5d72e,0656,,jiang4,jiang,4,,6bc3f749,.wav,legacy_session,ok
raw/mandarin-tone-recordings/audio_fixed_abe/p070/session_163447d5d72e/0657_wan3_wan_ea6e8faf.wav,tone_labeled,p070,session_163447d5d72e,0657,,wan3,wan,3,,ea6e8faf,.wav,legacy_session,ok
raw/mandarin-tone-recordings/audio_fixed_abe/p070/session_163447d5d72e/0658_chuai1_chuai_68d7bdc4.wav,tone_labeled,p070,session_163447d5d72e,0658,,chuai1,chuai,1,,68d7bdc4,.wav,legacy_session,ok
raw/mandarin-tone-recordings/audio_fixed_abe/p070/session_163447d5d72e/0659_quan1_quan_35894abe.wav,tone_labeled,p070,session_163447d5d72e,0659,,quan1,quan,1,,35894abe,.wav,legacy_session,ok
raw/mandarin-tone-recordings/audio_fixed_abe/p070/session_163447d5d72e/0660_cuo3_cuo_0679b20e.wav,tone_labeled,p070,session_163447d5d72e,0660,,cuo3,cuo,3,,0679b20e,.wav,legacy_session,ok
raw/mandarin-tone-recordings/audio_fixed_abe/p070/session_163447d5d72e/0661_mie3_mie_2c979bbb.wav,tone_labeled,p070,session_163447d5d72e,0661,,mie3,mie,3,,2c979bbb,.wav,legacy_session,ok
raw/mandarin-tone-recordings/audio_fixed_abe/p070/session_163447d5d72e/0662_nve2_nve_69e193fe.wav,tone_labeled,p070,session_163447d5d72e,0662,,nve2,nve,2,,69e193fe,.wav,legacy_session,ok
raw/mandarin-tone-recordings/audio_fixed_abe/p070/session_163447d5d72e/0663_qvn1_qvn_b6eb99a5.wav,tone_labeled,p070,session_163447d5d72e,0663,,qvn1,qvn,1,,b6eb99a5,.wav,legacy_session,ok
raw/mandarin-tone-recordings/audio_fixed_abe/p070/session_163447d5d72e/0664_nou3_nou_03d9b1de.wav,tone_labeled,p070,session_163447d5d72e,0664,,nou3,nou,3,,03d9b1de,.wav,legacy_session,ok
raw/mandarin-tone-recordings/audio_fixed_abe/p070/session_163447d5d72e/0665_sui1_sui_3c26eb91.wav,tone_labeled,p070,session_163447d5d72e,0665,,sui1,sui,1,,3c26eb91,.wav,legacy_session,ok
raw/mandarin-tone-recordings/audio_fixed_abe/p070/session_163447d5d72e/0666_nuo1_nuo_ed62829d.wav,tone_labeled,p070,session_163447d5d72e,0666,,nuo1,nuo,1,,ed62829d,.wav,legacy_session,ok
raw/mandarin-tone-recordings/audio_fixed_abe/p070/session_163447d5d72e/0667_ceng1_ceng_5c05a9be.wav,tone_labeled,p070,session_163447d5d72e,0667,,ceng1,ceng,1,,5c05a9be,.wav,legacy_session,ok
raw/mandarin-tone-recordings/audio_fixed_abe/p070/session_163447d5d72e/0668_qvan1_qvan_4a6e887a.wav,tone_labeled,p070,session_163447d5d72e,0668,,qvan1,qvan,1,,4a6e887a,.wav,legacy_session,ok
raw/mandarin-tone-recordings/audio_fixed_abe/p070/session_163447d5d72e/0669_kua3_kua_61c6171b.wav,tone_labeled,p070,session_163447d5d72e,0669,,kua3,kua,3,,61c6171b,.wav,legacy_session,ok
raw/mandarin-tone-recordings/audio_fixed_abe/p070/session_163447d5d72e/0670_chi2_chi_6af19a17.wav,tone_labeled,p070,session_163447d5d72e,0670,,chi2,chi,2,,6af19a17,.wav,legacy_session,ok
raw/mandarin-tone-recordings/audio_fixed_abe/p070/session_163447d5d72e/0671_nuo4_nuo_4ac1c1d7.wav,tone_labeled,p070,session_163447d5d72e,0671,,nuo4,nuo,4,,4ac1c1d7,.wav,legacy_session,ok
raw/mandarin-tone-recordings/audio_fixed_abe/p070/session_163447d5d72e/0672_zai1_zai_60558d82.wav,tone_labeled,p070,session_163447d5d72e,0672,,zai1,zai,1,,60558d82,.wav,legacy_session,ok
raw/mandarin-tone-recordings/audio_fixed_abe/p070/session_163447d5d72e/0673_xie4_xie_df5a9f26.wav,tone_labeled,p070,session_163447d5d72e,0673,,xie4,xie,4,,df5a9f26,.wav,legacy_session,ok
raw/mandarin-tone-recordings/audio_fixed_abe/p070/session_163447d5d72e/0674_kuai4_kuai_46e4baac.wav,tone_labeled,p070,session_163447d5d72e,0674,,kuai4,kuai,4,,46e4baac,.wav,legacy_session,ok
raw/mandarin-tone-recordings/audio_fixed_abe/p070/session_163447d5d72e/0675_pao4_pao_b5b14b3b.wav,tone_labeled,p070,session_163447d5d72e,0675,,pao4,pao,4,,b5b14b3b,.wav,legacy_session,ok
raw/mandarin-tone-recordings/audio_fixed_abe/p070/session_163447d5d72e/0676_yao4_yao_0aaf9fba.wav,tone_labeled,p070,session_163447d5d72e,0676,,yao4,yao,4,,0aaf9fba,.wav,legacy_session,ok
raw/mandarin-tone-recordings/audio_fixed_abe/p070/session_163447d5d72e/0677_song4_song_c1085308.wav,tone_labeled,p070,session_163447d5d72e,0677,,song4,song,4,,c1085308,.wav,legacy_session,ok
raw/mandarin-tone-recordings/audio_fixed_abe/p070/session_163447d5d72e/0678_xiao3_xiao_b08202a7.wav,tone_labeled,p070,session_163447d5d72e,0678,,xiao3,xiao,3,,b08202a7,.wav,legacy_session,ok
raw/mandarin-tone-recordings/audio_fixed_abe/p070/session_163447d5d72e/0679_shu4_shu_3bd14c9f.wav,tone_labeled,p070,session_163447d5d72e,0679,,shu4,shu,4,,3bd14c9f,.wav,legacy_session,ok
raw/mandarin-tone-recordings/audio_fixed_abe/p070/session_163447d5d72e/0680_pai2_pai_f3a72af5.wav,tone_labeled,p070,session_163447d5d72e,0680,,pai2,pai,2,,f3a72af5,.wav,legacy_session,ok
raw/mandarin-tone-recordings/audio_fixed_abe/p070/session_163447d5d72e/0681_zha2_zha_338f4d77.wav,tone_labeled,p070,session_163447d5d72e,0681,,zha2,zha,2,,338f4d77,.wav,legacy_session,ok
raw/mandarin-tone-recordings/audio_fixed_abe/p070/session_163447d5d72e/0682_kuan4_kuan_b4c16df1.wav,tone_labeled,p070,session_163447d5d72e,0682,,kuan4,kuan,4,,b4c16df1,.wav,legacy_session,ok
raw/mandarin-tone-recordings/audio_fixed_abe/p070/session_163447d5d72e/0683_zi2_zi_01b009b3.wav,tone_labeled,p070,session_163447d5d72e,0683,,zi2,zi,2,,01b009b3,.wav,legacy_session,ok
raw/mandarin-tone-recordings/audio_fixed_abe/p070/session_163447d5d72e/0684_shang4_shang_e3972f6c.wav,tone_labeled,p070,session_163447d5d72e,0684,,shang4,shang,4,,e3972f6c,.wav,legacy_session,ok
raw/mandarin-tone-recordings/audio_fixed_abe/p070/session_163447d5d72e/0685_pang4_pang_29f99440.wav,tone_labeled,p070,session_163447d5d72e,0685,,pang4,pang,4,,29f99440,.wav,legacy_session,ok
raw/mandarin-tone-recordings/audio_fixed_abe/p070/session_163447d5d72e/0686_zhua3_zhua_704426e4.wav,tone_labeled,p070,session_163447d5d72e,0686,,zhua3,zhua,3,,704426e4,.wav,legacy_session,ok
raw/mandarin-tone-recordings/audio_fixed_abe/p070/session_163447d5d72e/0687_qiao2_qiao_c9fe6a19.wav,tone_labeled,p070,session_163447d5d72e,0687,,qiao2,qiao,2,,c9fe6a19,.wav,legacy_session,ok
raw/mandarin-tone-recordings/audio_fixed_abe/p070/session_163447d5d72e/0688_lia2_lia_a7ece9f5.wav,tone_labeled,p070,session_163447d5d72e,0688,,lia2,lia,2,,a7ece9f5,.wav,legacy_session,ok
raw/mandarin-tone-recordings/audio_fixed_abe/p070/session_163447d5d72e/0689_cha4_cha_e9879d5b.wav,tone_labeled,p070,session_163447d5d72e,0689,,cha4,cha,4,,e9879d5b,.wav,legacy_session,ok
raw/mandarin-tone-recordings/audio_fixed_abe/p070/session_163447d5d72e/0690_tui4_tui_99c7e026.wav,tone_labeled,p070,session_163447d5d72e,0690,,tui4,tui,4,,99c7e026,.wav,legacy_session,ok
raw/mandarin-tone-recordings/audio_fixed_abe/p070/session_163447d5d72e/0691_lou3_lou_0171ecfe.wav,tone_labeled,p070,session_163447d5d72e,0691,,lou3,lou,3,,0171ecfe,.wav,legacy_session,ok
raw/mandarin-tone-recordings/audio_fixed_abe/p070/session_163447d5d72e/0692_zen3_zen_b5e50218.wav,tone_labeled,p070,session_163447d5d72e,0692,,zen3,zen,3,,b5e50218,.wav,legacy_session,ok
raw/mandarin-tone-recordings/audio_fixed_abe/p070/session_163447d5d72e/0693_qiong4_qiong_a6265b27.wav,tone_labeled,p070,session_163447d5d72e,0693,,qiong4,qiong,4,,a6265b27,.wav,legacy_session,ok
raw/mandarin-tone-recordings/audio_fixed_abe/p070/session_163447d5d72e/0694_hei3_hei_0bcd5348.wav,tone_labeled,p070,session_163447d5d72e,0694,,hei3,hei,3,,0bcd5348,.wav,legacy_session,ok
raw/mandarin-tone-recordings/audio_fixed_abe/p070/session_163447d5d72e/0695_zhuo2_zhuo_3226987d.wav,tone_labeled,p070,session_163447d5d72e,0695,,zhuo2,zhuo,2,,3226987d,.wav,legacy_session,ok
raw/mandarin-tone-recordings/audio_fixed_abe/p070/session_163447d5d72e/0696_chen3_chen_ba7c24de.wav,tone_labeled,p070,session_163447d5d72e,0696,,chen3,chen,3,,ba7c24de,.wav,legacy_session,ok
raw/mandarin-tone-recordings/audio_fixed_abe/p070/session_163447d5d72e/0697_nin3_nin_cee6aa3d.wav,tone_labeled,p070,session_163447d5d72e,0697,,nin3,nin,3,,cee6aa3d,.wav,legacy_session,ok
raw/mandarin-tone-recordings/audio_fixed_abe/p070/session_163447d5d72e/0698_leng3_leng_f1b83dcd.wav,tone_labeled,p070,session_163447d5d72e,0698,,leng3,leng,3,,f1b83dcd,.wav,legacy_session,ok
raw/mandarin-tone-recordings/audio_fixed_abe/p070/session_163447d5d72e/0699_tie4_tie_6d9f5452.wav,tone_labeled,p070,session_163447d5d72e,0699,,tie4,tie,4,,6d9f5452,.wav,legacy_session,ok
raw/mandarin-tone-recordings/audio_fixed_abe/p070/session_163447d5d72e/0700_dai3_dai_04a3a60c.wav,tone_labeled,p070,session_163447d5d72e,0700,,dai3,dai,3,,04a3a60c,.wav,legacy_session,ok
raw/mandarin-tone-recordings/audio_fixed_abe/p070/session_163447d5d72e/0701_yo4_yo_36a9bc20.wav,tone_labeled,p070,session_163447d5d72e,0701,,yo4,yo,4,,36a9bc20,.wav,legacy_session,ok
raw/mandarin-tone-recordings/audio_fixed_abe/p070/session_163447d5d72e/0702_wei4_wei_830ceec1.wav,tone_labeled,p070,session_163447d5d72e,0702,,wei4,wei,4,,830ceec1,.wav,legacy_session,ok
raw/mandarin-tone-recordings/audio_fixed_abe/p070/session_163447d5d72e/0703_lie4_lie_3c4f7717.wav,tone_labeled,p070,session_163447d5d72e,0703,,lie4,lie,4,,3c4f7717,.wav,legacy_session,ok
raw/mandarin-tone-recordings/audio_fixed_abe/p070/session_163447d5d72e/0704_mou3_mou_e3bacb6f.wav,tone_labeled,p070,session_163447d5d72e,0704,,mou3,mou,3,,e3bacb6f,.wav,legacy_session,ok
raw/mandarin-tone-recordings/audio_fixed_abe/p070/session_163447d5d72e/0705_man1_man_815df5d6.wav,tone_labeled,p070,session_163447d5d72e,0705,,man1,man,1,,815df5d6,.wav,legacy_session,ok
raw/mandarin-tone-recordings/audio_fixed_abe/p070/session_163447d5d72e/0706_ju3_ju_5fd51e8c.wav,tone_labeled,p070,session_163447d5d72e,0706,,ju3,ju,3,,5fd51e8c,.wav,legacy_session,ok
raw/mandarin-tone-recordings/audio_fixed_abe/p070/session_163447d5d72e/0707_nian4_nian_4dd8360c.wav,tone_labeled,p070,session_163447d5d72e,0707,,nian4,nian,4,,4dd8360c,.wav,legacy_session,ok
raw/mandarin-tone-recordings/audio_fixed_abe/p070/session_163447d5d72e/0708_dui2_dui_7c0e0da8.wav,tone_labeled,p070,session_163447d5d72e,0708,,dui2,dui,2,,7c0e0da8,.wav,legacy_session,ok
raw/mandarin-tone-recordings/audio_fixed_abe/p070/session_163447d5d72e/0709_ao3_ao_808c5ce6.wav,tone_labeled,p070,session_163447d5d72e,0709,,ao3,ao,3,,808c5ce6,.wav,legacy_session,ok
raw/mandarin-tone-recordings/audio_fixed_abe/p070/session_163447d5d72e/0710_xvan2_xvan_c05bb220.wav,tone_labeled,p070,session_163447d5d72e,0710,,xvan2,xvan,2,,c05bb220,.wav,legacy_session,ok
raw/mandarin-tone-recordings/audio_fixed_abe/p070/session_163447d5d72e/0711_xvan1_xvan_71897a60.wav,tone_labeled,p070,session_163447d5d72e,0711,,xvan1,xvan,1,,71897a60,.wav,legacy_session,ok
raw/mandarin-tone-recordings/audio_fixed_abe/p070/session_163447d5d72e/0712_chui1_chui_8d6e30d1.wav,tone_labeled,p070,session_163447d5d72e,0712,,chui1,chui,1,,8d6e30d1,.wav,legacy_session,ok
raw/mandarin-tone-recordings/audio_fixed_abe/p070/session_163447d5d72e/0713_mu2_mu_a894d92f.wav,tone_labeled,p070,session_163447d5d72e,0713,,mu2,mu,2,,a894d92f,.wav,legacy_session,ok
raw/mandarin-tone-recordings/audio_fixed_abe/p070/session_163447d5d72e/0714_guo3_guo_57a3dcc2.wav,tone_labeled,p070,session_163447d5d72e,0714,,guo3,guo,3,,57a3dcc2,.wav,legacy_session,ok
raw/mandarin-tone-recordings/audio_fixed_abe/p070/session_163447d5d72e/0715_ban3_ban_cdd7de51.wav,tone_labeled,p070,session_163447d5d72e,0715,,ban3,ban,3,,cdd7de51,.wav,legacy_session,ok
raw/mandarin-tone-recordings/audio_fixed_abe/p070/session_163447d5d72e/0716_kuo3_kuo_44efb486.wav,tone_labeled,p070,session_163447d5d72e,0716,,kuo3,kuo,3,,44efb486,.wav,legacy_session,ok
raw/mandarin-tone-recordings/audio_fixed_abe/p070/session_163447d5d72e/0717_nong3_nong_0f7b9355.wav,tone_labeled,p070,session_163447d5d72e,0717,,nong3,nong,3,,0f7b9355,.wav,legacy_session,ok
raw/mandarin-tone-recordings/audio_fixed_abe/p070/session_163447d5d72e/0718_sheng2_sheng_731f25b9.wav,tone_labeled,p070,session_163447d5d72e,0718,,sheng2,sheng,2,,731f25b9,.wav,legacy_session,ok
raw/mandarin-tone-recordings/audio_fixed_abe/p070/session_163447d5d72e/0719_jian3_jian_cd5b2650.wav,tone_labeled,p070,session_163447d5d72e,0719,,jian3,jian,3,,cd5b2650,.wav,legacy_session,ok
raw/mandarin-tone-recordings/audio_fixed_abe/p070/session_163447d5d72e/0720_niao3_niao_85d4468c.wav,tone_labeled,p070,session_163447d5d72e,0720,,niao3,niao,3,,85d4468c,.wav,legacy_session,ok
raw/mandarin-tone-recordings/audio_fixed_abe/p070/session_163447d5d72e/0721_bo4_bo_93905978.wav,tone_labeled,p070,session_163447d5d72e,0721,,bo4,bo,4,,93905978,.wav,legacy_session,ok
raw/mandarin-tone-recordings/audio_fixed_abe/p070/session_163447d5d72e/0722_nve3_nve_46fb6a24.wav,tone_labeled,p070,session_163447d5d72e,0722,,nve3,nve,3,,46fb6a24,.wav,legacy_session,ok
raw/mandarin-tone-recordings/audio_fixed_abe/p070/session_163447d5d72e/0723_xing1_xing_1ba79b1c.wav,tone_labeled,p070,session_163447d5d72e,0723,,xing1,xing,1,,1ba79b1c,.wav,legacy_session,ok
raw/mandarin-tone-recordings/audio_fixed_abe/p070/session_163447d5d72e/0724_qu2_qu_d417c1e5.wav,tone_labeled,p070,session_163447d5d72e,0724,,qu2,qu,2,,d417c1e5,.wav,legacy_session,ok
raw/mandarin-tone-recordings/audio_fixed_abe/p070/session_163447d5d72e/0725_che2_che_4206a06f.wav,tone_labeled,p070,session_163447d5d72e,0725,,che2,che,2,,4206a06f,.wav,legacy_session,ok
raw/mandarin-tone-recordings/audio_fixed_abe/p070/session_163447d5d72e/0726_reng4_reng_df4d9cf4.wav,tone_labeled,p070,session_163447d5d72e,0726,,reng4,reng,4,,df4d9cf4,.wav,legacy_session,ok
raw/mandarin-tone-recordings/audio_fixed_abe/p070/session_163447d5d72e/0727_ding3_ding_867b6c8a.wav,tone_labeled,p070,session_163447d5d72e,0727,,ding3,ding,3,,867b6c8a,.wav,legacy_session,ok
raw/mandarin-tone-recordings/audio_fixed_abe/p070/session_163447d5d72e/0728_suo4_suo_524e244f.wav,tone_labeled,p070,session_163447d5d72e,0728,,suo4,suo,4,,524e244f,.wav,legacy_session,ok
raw/mandarin-tone-recordings/audio_fixed_abe/p070/session_163447d5d72e/0729_zhuo1_zhuo_5c7d0520.wav,tone_labeled,p070,session_163447d5d72e,0729,,zhuo1,zhuo,1,,5c7d0520,.wav,legacy_session,ok
raw/mandarin-tone-recordings/audio_fixed_abe/p070/session_163447d5d72e/0730_mie1_mie_3db67b70.wav,tone_labeled,p070,session_163447d5d72e,0730,,mie1,mie,1,,3db67b70,.wav,legacy_session,ok
raw/mandarin-tone-recordings/audio_fixed_abe/p070/session_163447d5d72e/0731_gun3_gun_2f550304.wav,tone_labeled,p070,session_163447d5d72e,0731,,gun3,gun,3,,2f550304,.wav,legacy_session,ok
raw/mandarin-tone-recordings/audio_fixed_abe/p070/session_163447d5d72e/0732_ri1_row0358_ri_671255a2.wav,tone_labeled,p070,session_163447d5d72e,0732,,ri1,ri,1,,671255a2,.wav,legacy_session,ok
raw/mandarin-tone-recordings/audio_fixed_abe/p070/session_163447d5d72e/0733_zhe3_zhe_8f048bf6.wav,tone_labeled,p070,session_163447d5d72e,0733,,zhe3,zhe,3,,8f048bf6,.wav,legacy_session,ok
raw/mandarin-tone-recordings/audio_fixed_abe/p070/session_163447d5d72e/0734_bian1_bian_570c2981.wav,tone_labeled,p070,session_163447d5d72e,0734,,bian1,bian,1,,570c2981,.wav,legacy_session,ok
raw/mandarin-tone-recordings/audio_fixed_abe/p070/session_163447d5d72e/0735_qiang2_qiang_86ee2955.wav,tone_labeled,p070,session_163447d5d72e,0735,,qiang2,qiang,2,,86ee2955,.wav,legacy_session,ok
raw/mandarin-tone-recordings/audio_fixed_abe/p070/session_163447d5d72e/0736_ku1_ku_631d349a.wav,tone_labeled,p070,session_163447d5d72e,0736,,ku1,ku,1,,631d349a,.wav,legacy_session,ok
raw/mandarin-tone-recordings/audio_fixed_abe/p070/session_163447d5d72e/0737_en1_en_a0e1c4d7.wav,tone_labeled,p070,session_163447d5d72e,0737,,en1,en,1,,a0e1c4d7,.wav,legacy_session,ok
raw/mandarin-tone-recordings/audio_fixed_abe/p070/session_163447d5d72e/0738_fen2_fen_491f0bf6.wav,tone_labeled,p070,session_163447d5d72e,0738,,fen2,fen,2,,491f0bf6,.wav,legacy_session,ok
raw/mandarin-tone-recordings/audio_fixed_abe/p070/session_163447d5d72e/0739_eng4_eng_8c03e051.wav,tone_labeled,p070,session_163447d5d72e,0739,,eng4,eng,4,,8c03e051,.wav,legacy_session,ok
raw/mandarin-tone-recordings/audio_fixed_abe/p070/session_163447d5d72e/0740_chong4_chong_528b58e9.wav,tone_labeled,p070,session_163447d5d72e,0740,,chong4,chong,4,,528b58e9,.wav,legacy_session,ok
raw/mandarin-tone-recordings/audio_fixed_abe/p070/session_163447d5d72e/0741_she2_she_ac57f046.wav,tone_labeled,p070,session_163447d5d72e,0741,,she2,she,2,,ac57f046,.wav,legacy_session,ok
raw/mandarin-tone-recordings/audio_fixed_abe/p070/session_163447d5d72e/0742_seng2_seng_f77fd0dd.wav,tone_labeled,p070,session_163447d5d72e,0742,,seng2,seng,2,,f77fd0dd,.wav,legacy_session,ok
raw/mandarin-tone-recordings/audio_fixed_abe/p070/session_163447d5d72e/0743_reng2_reng_0f8de3c5.wav,tone_labeled,p070,session_163447d5d72e,0743,,reng2,reng,2,,0f8de3c5,.wav,legacy_session,ok
raw/mandarin-tone-recordings/audio_fixed_abe/p070/session_163447d5d72e/0744_po1_po_c6571b26.wav,tone_labeled,p070,session_163447d5d72e,0744,,po1,po,1,,c6571b26,.wav,legacy_session,ok
raw/mandarin-tone-recordings/audio_fixed_abe/p070/session_163447d5d72e/0745_shen2_shen_dd428c3f.wav,tone_labeled,p070,session_163447d5d72e,0745,,shen2,shen,2,,dd428c3f,.wav,legacy_session,ok
raw/mandarin-tone-recordings/audio_fixed_abe/p070/session_4db4ff20e158/0001_qin3_qin_dbe6e2b1.wav,tone_labeled,p070,session_4db4ff20e158,0001,,qin3,qin,3,,dbe6e2b1,.wav,legacy_session,ok
raw/mandarin-tone-recordings/audio_fixed_abe/p070/session_4db4ff20e158/0002_xian4_xian_ce0632f9.wav,tone_labeled,p070,session_4db4ff20e158,0002,,xian4,xian,4,,ce0632f9,.wav,legacy_session,ok
raw/mandarin-tone-recordings/audio_fixed_abe/p070/session_4db4ff20e158/0003_ba1_ba_5910947a.wav,tone_labeled,p070,session_4db4ff20e158,0003,,ba1,ba,1,,5910947a,.wav,legacy_session,ok
raw/mandarin-tone-recordings/audio_fixed_abe/p070/session_4db4ff20e158/0004_ge1_ge_db7583a3.wav,tone_labeled,p070,session_4db4ff20e158,0004,,ge1,ge,1,,db7583a3,.wav,legacy_session,ok
raw/mandarin-tone-recordings/audio_fixed_abe/p070/session_4db4ff20e158/0005_zang4_zang_446b1b06.wav,tone_labeled,p070,session_4db4ff20e158,0005,,zang4,zang,4,,446b1b06,.wav,legacy_session,ok
raw/mandarin-tone-recordings/audio_fixed_abe/p070/session_4db4ff20e158/0006_zeng2_zeng_5d83abd0.wav,tone_labeled,p070,session_4db4ff20e158,0006,,zeng2,zeng,2,,5d83abd0,.wav,legacy_session,ok
raw/mandarin-tone-recordings/audio_fixed_abe/p070/session_59995693a421/0001_bie4_bie_bb849842.wav,tone_labeled,p070,session_59995693a421,0001,,bie4,bie,4,,bb849842,.wav,legacy_session,ok
raw/mandarin-tone-recordings/audio_fixed_abe/p070/session_59995693a421/0002_lian3_lian_8e1cdca6.wav,tone_labeled,p070,session_59995693a421,0002,,lian3,lian,3,,8e1cdca6,.wav,legacy_session,ok
raw/mandarin-tone-recordings/audio_fixed_abe/p070/session_59995693a421/0003_ju2_ju_7b238e9e.wav,tone_labeled,p070,session_59995693a421,0003,,ju2,ju,2,,7b238e9e,.wav,legacy_session,ok
raw/mandarin-tone-recordings/audio_fixed_abe/p070/session_59995693a421/0004_xve2_xve_6c919c6d.wav,tone_labeled,p070,session_59995693a421,0004,,xve2,xve,2,,6c919c6d,.wav,legacy_session,ok
raw/mandarin-tone-recordings/audio_fixed_abe/p070/session_59995693a421/0005_jve3_jve_23391a54.wav,tone_labeled,p070,session_59995693a421,0005,,jve3,jve,3,,23391a54,.wav,legacy_session,ok
raw/mandarin-tone-recordings/audio_fixed_abe/p070/session_59995693a421/0006_tun2_tun_d2c1229b.wav,tone_labeled,p070,session_59995693a421,0006,,tun2,tun,2,,d2c1229b,.wav,legacy_session,ok
raw/mandarin-tone-recordings/audio_fixed_abe/p070/session_59995693a421/0007_wei1_wei_ac4fa530.wav,tone_labeled,p070,session_59995693a421,0007,,wei1,wei,1,,ac4fa530,.wav,legacy_session,ok
raw/mandarin-tone-recordings/audio_fixed_abe/p070/session_59995693a421/0008_pang1_pang_df271235.wav,tone_labeled,p070,session_59995693a421,0008,,pang1,pang,1,,df271235,.wav,legacy_session,ok
raw/mandarin-tone-recordings/audio_fixed_abe/p070/session_59995693a421/0009_cong1_cong_1a71e412.wav,tone_labeled,p070,session_59995693a421,0009,,cong1,cong,1,,1a71e412,.wav,legacy_session,ok
raw/mandarin-tone-recordings/audio_fixed_abe/p070/session_59995693a421/0010_die2_die_392931e2.wav,tone_labeled,p070,session_59995693a421,0010,,die2,die,2,,392931e2,.wav,legacy_session,ok
raw/mandarin-tone-recordings/audio_fixed_abe/p070/session_59995693a421/0011_xiang2_xiang_98818ab2.wav,tone_labeled,p070,session_59995693a421,0011,,xiang2,xiang,2,,98818ab2,.wav,legacy_session,ok
raw/mandarin-tone-recordings/audio_fixed_abe/p070/session_59995693a421/0012_hong3_hong_2e4eff18.wav,tone_labeled,p070,session_59995693a421,0012,,hong3,hong,3,,2e4eff18,.wav,legacy_session,ok
raw/mandarin-tone-recordings/audio_fixed_abe/p070/session_59995693a421/0013_zai2_zai_11933cbd.wav,tone_labeled,p070,session_59995693a421,0013,,zai2,zai,2,,11933cbd,.wav,legacy_session,ok
raw/mandarin-tone-recordings/audio_fixed_abe/p070/session_59995693a421/0014_xvn2_xvn_ecd4286b.wav,tone_labeled,p070,session_59995693a421,0014,,xvn2,xvn,2,,ecd4286b,.wav,legacy_session,ok
raw/mandarin-tone-recordings/audio_fixed_abe/p070/session_59995693a421/0015_lan1_lan_c09f9d3f.wav,tone_labeled,p070,session_59995693a421,0015,,lan1,lan,1,,c09f9d3f,.wav,legacy_session,ok
raw/mandarin-tone-recordings/audio_fixed_abe/p070/session_59995693a421/0016_gang4_gang_1c2b7bc5.wav,tone_labeled,p070,session_59995693a421,0016,,gang4,gang,4,,1c2b7bc5,.wav,legacy_session,ok
raw/mandarin-tone-recordings/audio_fixed_abe/p070/session_59995693a421/0017_fa4_fa_a0431225.wav,tone_labeled,p070,session_59995693a421,0017,,fa4,fa,4,,a0431225,.wav,legacy_session,ok
raw/mandarin-tone-recordings/audio_fixed_abe/p070/session_59995693a421/0018_hang1_hang_1dc402e9.wav,tone_labeled,p070,session_59995693a421,0018,,hang1,hang,1,,1dc402e9,.wav,legacy_session,ok
raw/mandarin-tone-recordings/audio_fixed_abe/p070/session_59995693a421/0019_hong2_hong_c12d3bdd.wav,tone_labeled,p070,session_59995693a421,0019,,hong2,hong,2,,c12d3bdd,.wav,legacy_session,ok
raw/mandarin-tone-recordings/audio_fixed_abe/p070/session_59995693a421/0020_guai1_guai_826136f2.wav,tone_labeled,p070,session_59995693a421,0020,,guai1,guai,1,,826136f2,.wav,legacy_session,ok
raw/mandarin-tone-recordings/audio_fixed_abe/p070/session_59995693a421/0021_qing3_qing_6935e1c3.wav,tone_labeled,p070,session_59995693a421,0021,,qing3,qing,3,,6935e1c3,.wav,legacy_session,ok
raw/mandarin-tone-recordings/audio_fixed_abe/p070/session_59995693a421/0022_ling4_ling_be18906b.wav,tone_labeled,p070,session_59995693a421,0022,,ling4,ling,4,,be18906b,.wav,legacy_session,ok
raw/mandarin-tone-recordings/audio_fixed_abe/p070/session_59995693a421/0023_gei2_gei_3d8eb334.wav,tone_labeled,p070,session_59995693a421,0023,,gei2,gei,2,,3d8eb334,.wav,legacy_session,ok
raw/mandarin-tone-recordings/audio_fixed_abe/p070/session_59995693a421/0024_dan4_dan_d3d65609.wav,tone_labeled,p070,session_59995693a421,0024,,dan4,dan,4,,d3d65609,.wav,legacy_session,ok
raw/mandarin-tone-recordings/audio_fixed_abe/p070/session_59995693a421/0025_yin4_yin_9022e9c1.wav,tone_labeled,p070,session_59995693a421,0025,,yin4,yin,4,,9022e9c1,.wav,legacy_session,ok
raw/mandarin-tone-recordings/audio_fixed_abe/p070/session_59995693a421/0026_zang1_zang_c011bb54.wav,tone_labeled,p070,session_59995693a421,0026,,zang1,zang,1,,c011bb54,.wav,legacy_session,ok
raw/mandarin-tone-recordings/audio_fixed_abe/p070/session_59995693a421/0027_tang1_tang_f75666db.wav,tone_labeled,p070,session_59995693a421,0027,,tang1,tang,1,,f75666db,.wav,legacy_session,ok
raw/mandarin-tone-recordings/audio_fixed_abe/p070/session_59995693a421/0028_huai2_huai_510011e2.wav,tone_labeled,p070,session_59995693a421,0028,,huai2,huai,2,,510011e2,.wav,legacy_session,ok
raw/mandarin-tone-recordings/audio_fixed_abe/p070/session_59995693a421/0029_za4_za_ee85cee8.wav,tone_labeled,p070,session_59995693a421,0029,,za4,za,4,,ee85cee8,.wav,legacy_session,ok
raw/mandarin-tone-recordings/audio_fixed_abe/p070/session_59995693a421/0030_xie1_xie_70b9824b.wav,tone_labeled,p070,session_59995693a421,0030,,xie1,xie,1,,70b9824b,.wav,legacy_session,ok
raw/mandarin-tone-recordings/audio_fixed_abe/p070/session_59995693a421/0031_ding1_ding_62b7d0bf.wav,tone_labeled,p070,session_59995693a421,0031,,ding1,ding,1,,62b7d0bf,.wav,legacy_session,ok
raw/mandarin-tone-recordings/audio_fixed_abe/p070/session_59995693a421/0032_neng2_neng_18d1938c.wav,tone_labeled,p070,session_59995693a421,0032,,neng2,neng,2,,18d1938c,.wav,legacy_session,ok
raw/mandarin-tone-recordings/audio_fixed_abe/p070/session_59995693a421/0033_kao2_kao_0a3edd85.wav,tone_labeled,p070,session_59995693a421,0033,,kao2,kao,2,,0a3edd85,.wav,legacy_session,ok
raw/mandarin-tone-recordings/audio_fixed_abe/p070/session_59995693a421/0034_weng4_weng_3ae9506d.wav,tone_labeled,p070,session_59995693a421,0034,,weng4,weng,4,,3ae9506d,.wav,legacy_session,ok
raw/mandarin-tone-recordings/audio_fixed_abe/p070/session_59995693a421/0035_can3_can_8993e031.wav,tone_labeled,p070,session_59995693a421,0035,,can3,can,3,,8993e031,.wav,legacy_session,ok
raw/mandarin-tone-recordings/audio_fixed_abe/p070/session_59995693a421/0036_tan4_tan_ee70c3d2.wav,tone_labeled,p070,session_59995693a421,0036,,tan4,tan,4,,ee70c3d2,.wav,legacy_session,ok
raw/mandarin-tone-recordings/audio_fixed_abe/p070/session_59995693a421/0037_chu1_chu_76a7e91a.wav,tone_labeled,p070,session_59995693a421,0037,,chu1,chu,1,,76a7e91a,.wav,legacy_session,ok
raw/mandarin-tone-recordings/audio_fixed_abe/p070/session_59995693a421/0038_dang3_dang_89cb0745.wav,tone_labeled,p070,session_59995693a421,0038,,dang3,dang,3,,89cb0745,.wav,legacy_session,ok
raw/mandarin-tone-recordings/audio_fixed_abe/p070/session_59995693a421/0039_qiong2_qiong_7c6e3363.wav,tone_labeled,p070,session_59995693a421,0039,,qiong2,qiong,2,,7c6e3363,.wav,legacy_session,ok
raw/mandarin-tone-recordings/audio_fixed_abe/p070/session_59995693a421/0040_zhang1_zhang_ffd1ca63.wav,tone_labeled,p070,session_59995693a421,0040,,zhang1,zhang,1,,ffd1ca63,.wav,legacy_session,ok
raw/mandarin-tone-recordings/audio_fixed_abe/p070/session_59995693a421/0041_niang3_niang_9ff1068f.wav,tone_labeled,p070,session_59995693a421,0041,,niang3,niang,3,,9ff1068f,.wav,legacy_session,ok
raw/mandarin-tone-recordings/audio_fixed_abe/p070/session_59995693a421/0042_e4_e_79ce88b0.wav,tone_labeled,p070,session_59995693a421,0042,,e4,e,4,,79ce88b0,.wav,legacy_session,ok
raw/mandarin-tone-recordings/audio_fixed_abe/p070/session_59995693a421/0043_liang4_liang_586cce48.wav,tone_labeled,p070,session_59995693a421,0043,,liang4,liang,4,,586cce48,.wav,legacy_session,ok
raw/mandarin-tone-recordings/audio_fixed_abe/p070/session_59995693a421/0044_tan3_tan_9ad6e965.wav,tone_labeled,p070,session_59995693a421,0044,,tan3,tan,3,,9ad6e965,.wav,legacy_session,ok
raw/mandarin-tone-recordings/audio_fixed_abe/p070/session_59995693a421/0045_xun1_xun_e0fd14f0.wav,tone_labeled,p070,session_59995693a421,0045,,xun1,xun,1,,e0fd14f0,.wav,legacy_session,ok
raw/mandarin-tone-recordings/audio_fixed_abe/p070/session_59995693a421/0046_zhang4_zhang_f42aa235.wav,tone_labeled,p070,session_59995693a421,0046,,zhang4,zhang,4,,f42aa235,.wav,legacy_session,ok
raw/mandarin-tone-recordings/audio_fixed_abe/p070/session_59995693a421/0047_zui4_zui_6f190491.wav,tone_labeled,p070,session_59995693a421,0047,,zui4,zui,4,,6f190491,.wav,legacy_session,ok
raw/mandarin-tone-recordings/audio_fixed_abe/p070/session_59995693a421/0048_pou4_pou_b1dfcc03.wav,tone_labeled,p070,session_59995693a421,0048,,pou4,pou,4,,b1dfcc03,.wav,legacy_session,ok
raw/mandarin-tone-recordings/audio_fixed_abe/p070/session_59995693a421/0049_shen4_shen_cf7bb4eb.wav,tone_labeled,p070,session_59995693a421,0049,,shen4,shen,4,,cf7bb4eb,.wav,legacy_session,ok
raw/mandarin-tone-recordings/audio_fixed_abe/p070/session_59995693a421/0050_niu4_niu_625ffb9b.wav,tone_labeled,p070,session_59995693a421,0050,,niu4,niu,4,,625ffb9b,.wav,legacy_session,ok
raw/mandarin-tone-recordings/audio_fixed_abe/p070/session_59995693a421/0051_po2_po_c174b5ee.wav,tone_labeled,p070,session_59995693a421,0051,,po2,po,2,,c174b5ee,.wav,legacy_session,ok
raw/mandarin-tone-recordings/audio_fixed_abe/p070/session_59995693a421/0052_nian2_nian_c14b5b8c.wav,tone_labeled,p070,session_59995693a421,0052,,nian2,nian,2,,c14b5b8c,.wav,legacy_session,ok
raw/mandarin-tone-recordings/audio_fixed_abe/p070/session_59995693a421/0053_jiong3_jiong_216724e1.wav,tone_labeled,p070,session_59995693a421,0053,,jiong3,jiong,3,,216724e1,.wav,legacy_session,ok
raw/mandarin-tone-recordings/audio_fixed_abe/p070/session_59995693a421/0054_ei1_ei_bd6cdf9e.wav,tone_labeled,p070,session_59995693a421,0054,,ei1,ei,1,,bd6cdf9e,.wav,legacy_session,ok
raw/mandarin-tone-recordings/audio_fixed_abe/p070/session_59995693a421/0055_dan3_dan_cb410aaf.wav,tone_labeled,p070,session_59995693a421,0055,,dan3,dan,3,,cb410aaf,.wav,legacy_session,ok
raw/mandarin-tone-recordings/audio_fixed_abe/p070/session_59995693a421/0056_nv2_nv_e110ecd7.wav,tone_labeled,p070,session_59995693a421,0056,,nv2,nv,2,,e110ecd7,.wav,legacy_session,ok
raw/mandarin-tone-recordings/audio_fixed_abe/p070/session_59995693a421/0057_ou4_ou_67175d97.wav,tone_labeled,p070,session_59995693a421,0057,,ou4,ou,4,,67175d97,.wav,legacy_session,ok
raw/mandarin-tone-recordings/audio_fixed_abe/p070/session_59995693a421/0058_ga1_ga_1ff84bb1.wav,tone_labeled,p070,session_59995693a421,0058,,ga1,ga,1,,1ff84bb1,.wav,legacy_session,ok
raw/mandarin-tone-recordings/audio_fixed_abe/p070/session_59995693a421/0059_jin3_jin_4fde550e.wav,tone_labeled,p070,session_59995693a421,0059,,jin3,jin,3,,4fde550e,.wav,legacy_session,ok
raw/mandarin-tone-recordings/audio_fixed_abe/p070/session_59995693a421/0060_shuai2_shuai_e52d67a2.wav,tone_labeled,p070,session_59995693a421,0060,,shuai2,shuai,2,,e52d67a2,.wav,legacy_session,ok
raw/mandarin-tone-recordings/audio_fixed_abe/p070/session_59995693a421/0061_xia2_xia_7e94a0a1.wav,tone_labeled,p070,session_59995693a421,0061,,xia2,xia,2,,7e94a0a1,.wav,legacy_session,ok
raw/mandarin-tone-recordings/audio_fixed_abe/p070/session_59995693a421/0062_pian2_pian_7c78f870.wav,tone_labeled,p070,session_59995693a421,0062,,pian2,pian,2,,7c78f870,.wav,legacy_session,ok
raw/mandarin-tone-recordings/audio_fixed_abe/p070/session_59995693a421/0063_dian3_dian_24b36882.wav,tone_labeled,p070,session_59995693a421,0063,,dian3,dian,3,,24b36882,.wav,legacy_session,ok
raw/mandarin-tone-recordings/audio_fixed_abe/p070/session_59995693a421/0064_hu1_hu_954205bd.wav,tone_labeled,p070,session_59995693a421,0064,,hu1,hu,1,,954205bd,.wav,legacy_session,ok
raw/mandarin-tone-recordings/audio_fixed_abe/p070/session_59995693a421/0065_si3_si_0a9b942a.wav,tone_labeled,p070,session_59995693a421,0065,,si3,si,3,,0a9b942a,.wav,legacy_session,ok
raw/mandarin-tone-recordings/audio_fixed_abe/p070/session_59995693a421/0066_bei4_bei_c67769a4.wav,tone_labeled,p070,session_59995693a421,0066,,bei4,bei,4,,c67769a4,.wav,legacy_session,ok
raw/mandarin-tone-recordings/audio_fixed_abe/p070/session_59995693a421/0067_kuai1_kuai_7905cbed.wav,tone_labeled,p070,session_59995693a421,0067,,kuai1,kuai,1,,7905cbed,.wav,legacy_session,ok
raw/mandarin-tone-recordings/audio_fixed_abe/p070/session_59995693a421/0068_tao1_tao_2f3fac32.wav,tone_labeled,p070,session_59995693a421,0068,,tao1,tao,1,,2f3fac32,.wav,legacy_session,ok
raw/mandarin-tone-recordings/audio_fixed_abe/p070/session_59995693a421/0069_tei2_tei_755ec05a.wav,tone_labeled,p070,session_59995693a421,0069,,tei2,tei,2,,755ec05a,.wav,legacy_session,ok
raw/mandarin-tone-recordings/audio_fixed_abe/p070/session_59995693a421/0070_guang2_guang_8ade49e2.wav,tone_labeled,p070,session_59995693a421,0070,,guang2,guang,2,,8ade49e2,.wav,legacy_session,ok
raw/mandarin-tone-recordings/audio_fixed_abe/p070/session_59995693a421/0071_xiao1_xiao_554607f5.wav,tone_labeled,p070,session_59995693a421,0071,,xiao1,xiao,1,,554607f5,.wav,legacy_session,ok
raw/mandarin-tone-recordings/audio_fixed_abe/p070/session_59995693a421/0072_niu3_niu_23a7741e.wav,tone_labeled,p070,session_59995693a421,0072,,niu3,niu,3,,23a7741e,.wav,legacy_session,ok
raw/mandarin-tone-recordings/audio_fixed_abe/p070/session_59995693a421/0073_fiao1_fiao_7c2aab50.wav,tone_labeled,p070,session_59995693a421,0073,,fiao1,fiao,1,,7c2aab50,.wav,legacy_session,ok
raw/mandarin-tone-recordings/audio_fixed_abe/p070/session_59995693a421/0074_ni3_ni_da6d2f56.wav,tone_labeled,p070,session_59995693a421,0074,,ni3,ni,3,,da6d2f56,.wav,legacy_session,ok
raw/mandarin-tone-recordings/audio_fixed_abe/p070/session_59995693a421/0075_nang4_nang_8e30b320.wav,tone_labeled,p070,session_59995693a421,0075,,nang4,nang,4,,8e30b320,.wav,legacy_session,ok
raw/mandarin-tone-recordings/audio_fixed_abe/p070/session_59995693a421/0076_gu4_gu_5318a912.wav,tone_labeled,p070,session_59995693a421,0076,,gu4,gu,4,,5318a912,.wav,legacy_session,ok
raw/mandarin-tone-recordings/audio_fixed_abe/p070/session_59995693a421/0077_kang3_kang_9ebff61c.wav,tone_labeled,p070,session_59995693a421,0077,,kang3,kang,3,,9ebff61c,.wav,legacy_session,ok
raw/mandarin-tone-recordings/audio_fixed_abe/p070/session_59995693a421/0078_tiao1_tiao_3b35304c.wav,tone_labeled,p070,session_59995693a421,0078,,tiao1,tiao,1,,3b35304c,.wav,legacy_session,ok
raw/mandarin-tone-recordings/audio_fixed_abe/p070/session_59995693a421/0079_miao3_miao_47aaee28.wav,tone_labeled,p070,session_59995693a421,0079,,miao3,miao,3,,47aaee28,.wav,legacy_session,ok
raw/mandarin-tone-recordings/audio_fixed_abe/p070/session_59995693a421/0080_shao4_shao_a434a9de.wav,tone_labeled,p070,session_59995693a421,0080,,shao4,shao,4,,a434a9de,.wav,legacy_session,ok
raw/mandarin-tone-recordings/audio_fixed_abe/p070/session_59995693a421/0081_biao3_biao_b739fb9f.wav,tone_labeled,p070,session_59995693a421,0081,,biao3,biao,3,,b739fb9f,.wav,legacy_session,ok
raw/mandarin-tone-recordings/audio_fixed_abe/p070/session_59995693a421/0082_zheng1_zheng_ad453c9e.wav,tone_labeled,p070,session_59995693a421,0082,,zheng1,zheng,1,,ad453c9e,.wav,legacy_session,ok
raw/mandarin-tone-recordings/audio_fixed_abe/p070/session_59995693a421/0083_si4_si_7d1aace6.wav,tone_labeled,p070,session_59995693a421,0083,,si4,si,4,,7d1aace6,.wav,legacy_session,ok
raw/mandarin-tone-recordings/audio_fixed_abe/p070/session_59995693a421/0084_chui3_chui_c2796fc9.wav,tone_labeled,p070,session_59995693a421,0084,,chui3,chui,3,,c2796fc9,.wav,legacy_session,ok
raw/mandarin-tone-recordings/audio_fixed_abe/p070/session_59995693a421/0085_bie3_bie_d04c8a51.wav,tone_labeled,p070,session_59995693a421,0085,,bie3,bie,3,,d04c8a51,.wav,legacy_session,ok
raw/mandarin-tone-recordings/audio_fixed_abe/p070/session_59995693a421/0086_shui4_shui_16d51b63.wav,tone_labeled,p070,session_59995693a421,0086,,shui4,shui,4,,16d51b63,.wav,legacy_session,ok
raw/mandarin-tone-recordings/audio_fixed_abe/p070/session_59995693a421/0087_zan3_zan_5519c71b.wav,tone_labeled,p070,session_59995693a421,0087,,zan3,zan,3,,5519c71b,.wav,legacy_session,ok
raw/mandarin-tone-recordings/audio_fixed_abe/p070/session_59995693a421/0088_ben3_ben_73541897.wav,tone_labeled,p070,session_59995693a421,0088,,ben3,ben,3,,73541897,.wav,legacy_session,ok
raw/mandarin-tone-recordings/audio_fixed_abe/p070/session_59995693a421/0089_yvn4_yvn_689d9732.wav,tone_labeled,p070,session_59995693a421,0089,,yvn4,yvn,4,,689d9732,.wav,legacy_session,ok
raw/mandarin-tone-recordings/audio_fixed_abe/p070/session_59995693a421/0090_miao4_miao_f2b8e955.wav,tone_labeled,p070,session_59995693a421,0090,,miao4,miao,4,,f2b8e955,.wav,legacy_session,ok
raw/mandarin-tone-recordings/audio_fixed_abe/p070/session_59995693a421/0091_zhei4_zhei_c3da81dc.wav,tone_labeled,p070,session_59995693a421,0091,,zhei4,zhei,4,,c3da81dc,.wav,legacy_session,ok
raw/mandarin-tone-recordings/audio_fixed_abe/p070/session_59995693a421/0092_du4_du_69d9859f.wav,tone_labeled,p070,session_59995693a421,0092,,du4,du,4,,69d9859f,.wav,legacy_session,ok
raw/mandarin-tone-recordings/audio_fixed_abe/p070/session_59995693a421/0093_tang3_tang_bcccb163.wav,tone_labeled,p070,session_59995693a421,0093,,tang3,tang,3,,bcccb163,.wav,legacy_session,ok
raw/mandarin-tone-recordings/audio_fixed_abe/p070/session_59995693a421/0094_huan2_huan_999e7a46.wav,tone_labeled,p070,session_59995693a421,0094,,huan2,huan,2,,999e7a46,.wav,legacy_session,ok
raw/mandarin-tone-recordings/audio_fixed_abe/p070/session_59995693a421/0095_sou3_sou_64713492.wav,tone_labeled,p070,session_59995693a421,0095,,sou3,sou,3,,64713492,.wav,legacy_session,ok
raw/mandarin-tone-recordings/audio_fixed_abe/p070/session_59995693a421/0096_hen3_hen_9aa54d0e.wav,tone_labeled,p070,session_59995693a421,0096,,hen3,hen,3,,9aa54d0e,.wav,legacy_session,ok
raw/mandarin-tone-recordings/audio_fixed_abe/p070/session_59995693a421/0097_en3_en_182ba717.wav,tone_labeled,p070,session_59995693a421,0097,,en3,en,3,,182ba717,.wav,legacy_session,ok
raw/mandarin-tone-recordings/audio_fixed_abe/p070/session_59995693a421/0098_zong1_zong_42072655.wav,tone_labeled,p070,session_59995693a421,0098,,zong1,zong,1,,42072655,.wav,legacy_session,ok
raw/mandarin-tone-recordings/audio_fixed_abe/p070/session_59995693a421/0099_shuo3_shuo_f74b689c.wav,tone_labeled,p070,session_59995693a421,0099,,shuo3,shuo,3,,f74b689c,.wav,legacy_session,ok
raw/mandarin-tone-recordings/audio_fixed_abe/p070/session_59995693a421/0100_luo2_luo_bde45a6c.wav,tone_labeled,p070,session_59995693a421,0100,,luo2,luo,2,,bde45a6c,.wav,legacy_session,ok
raw/mandarin-tone-recordings/audio_fixed_abe/p070/session_59995693a421/0101_diao1_diao_0f12f31a.wav,tone_labeled,p070,session_59995693a421,0101,,diao1,diao,1,,0f12f31a,.wav,legacy_session,ok
raw/mandarin-tone-recordings/audio_fixed_abe/p070/session_59995693a421/0102_gao2_gao_eb17a967.wav,tone_labeled,p070,session_59995693a421,0102,,gao2,gao,2,,eb17a967,.wav,legacy_session,ok
raw/mandarin-tone-recordings/audio_fixed_abe/p070/session_59995693a421/0103_tui1_tui_e61111a6.wav,tone_labeled,p070,session_59995693a421,0103,,tui1,tui,1,,e61111a6,.wav,legacy_session,ok
raw/mandarin-tone-recordings/audio_fixed_abe/p070/session_59995693a421/0104_zhong3_zhong_454a4701.wav,tone_labeled,p070,session_59995693a421,0104,,zhong3,zhong,3,,454a4701,.wav,legacy_session,ok
raw/mandarin-tone-recordings/audio_fixed_abe/p070/session_59995693a421/0105_den4_den_1ce9ca70.wav,tone_labeled,p070,session_59995693a421,0105,,den4,den,4,,1ce9ca70,.wav,legacy_session,ok
raw/mandarin-tone-recordings/audio_fixed_abe/p070/session_59995693a421/0106_xin4_xin_eeb144eb.wav,tone_labeled,p070,session_59995693a421,0106,,xin4,xin,4,,eeb144eb,.wav,legacy_session,ok
raw/mandarin-tone-recordings/audio_fixed_abe/p070/session_59995693a421/0107_dun3_dun_75f32e5e.wav,tone_labeled,p070,session_59995693a421,0107,,dun3,dun,3,,75f32e5e,.wav,legacy_session,ok
raw/mandarin-tone-recordings/audio_fixed_abe/p070/session_59995693a421/0108_tuo2_tuo_4de58f57.wav,tone_labeled,p070,session_59995693a421,0108,,tuo2,tuo,2,,4de58f57,.wav,legacy_session,ok
raw/mandarin-tone-recordings/audio_fixed_abe/p070/session_59995693a421/0109_peng4_peng_52dfc7af.wav,tone_labeled,p070,session_59995693a421,0109,,peng4,peng,4,,52dfc7af,.wav,legacy_session,ok
raw/mandarin-tone-recordings/audio_fixed_abe/p070/session_59995693a421/0110_te3_te_65fc46ed.wav,tone_labeled,p070,session_59995693a421,0110,,te3,te,3,,65fc46ed,.wav,legacy_session,ok
raw/mandarin-tone-recordings/audio_fixed_abe/p070/session_59995693a421/0111_wo2_wo_dc36b219.wav,tone_labeled,p070,session_59995693a421,0111,,wo2,wo,2,,dc36b219,.wav,legacy_session,ok
raw/mandarin-tone-recordings/audio_fixed_abe/p070/session_59995693a421/0112_bai4_bai_5e48c56d.wav,tone_labeled,p070,session_59995693a421,0112,,bai4,bai,4,,5e48c56d,.wav,legacy_session,ok
raw/mandarin-tone-recordings/audio_fixed_abe/p070/session_59995693a421/0113_wen3_wen_18e96ba6.wav,tone_labeled,p070,session_59995693a421,0113,,wen3,wen,3,,18e96ba6,.wav,legacy_session,ok
raw/mandarin-tone-recordings/audio_fixed_abe/p070/session_59995693a421/0114_cai4_cai_9192f5d9.wav,tone_labeled,p070,session_59995693a421,0114,,cai4,cai,4,,9192f5d9,.wav,legacy_session,ok
raw/mandarin-tone-recordings/audio_fixed_abe/p070/session_59995693a421/0115_zun1_zun_c2a6c79d.wav,tone_labeled,p070,session_59995693a421,0115,,zun1,zun,1,,c2a6c79d,.wav,legacy_session,ok
raw/mandarin-tone-recordings/audio_fixed_abe/p070/session_59995693a421/0116_zhai4_zhai_25363d5c.wav,tone_labeled,p070,session_59995693a421,0116,,zhai4,zhai,4,,25363d5c,.wav,legacy_session,ok
raw/mandarin-tone-recordings/audio_fixed_abe/p070/session_59995693a421/0117_fen3_fen_52b1ce31.wav,tone_labeled,p070,session_59995693a421,0117,,fen3,fen,3,,52b1ce31,.wav,legacy_session,ok
raw/mandarin-tone-recordings/audio_fixed_abe/p070/session_59995693a421/0118_ga4_ga_0d3fbf63.wav,tone_labeled,p070,session_59995693a421,0118,,ga4,ga,4,,0d3fbf63,.wav,legacy_session,ok
raw/mandarin-tone-recordings/audio_fixed_abe/p070/session_59995693a421/0119_man3_man_cbc80a7c.wav,tone_labeled,p070,session_59995693a421,0119,,man3,man,3,,cbc80a7c,.wav,legacy_session,ok
raw/mandarin-tone-recordings/audio_fixed_abe/p070/session_59995693a421/0120_qvan4_qvan_15e59af7.wav,tone_labeled,p070,session_59995693a421,0120,,qvan4,qvan,4,,15e59af7,.wav,legacy_session,ok
raw/mandarin-tone-recordings/audio_fixed_abe/p070/session_59995693a421/0121_xu2_xu_70513ed9.wav,tone_labeled,p070,session_59995693a421,0121,,xu2,xu,2,,70513ed9,.wav,legacy_session,ok
raw/mandarin-tone-recordings/audio_fixed_abe/p070/session_59995693a421/0122_qv4_qv_f54031c6.wav,tone_labeled,p070,session_59995693a421,0122,,qv4,qv,4,,f54031c6,.wav,legacy_session,ok
raw/mandarin-tone-recordings/audio_fixed_abe/p070/session_59995693a421/0123_ken1_ken_dbaeaf68.wav,tone_labeled,p070,session_59995693a421,0123,,ken1,ken,1,,dbaeaf68,.wav,legacy_session,ok
raw/mandarin-tone-recordings/audio_fixed_abe/p070/session_59995693a421/0124_kuo4_kuo_d1ba7340.wav,tone_labeled,p070,session_59995693a421,0124,,kuo4,kuo,4,,d1ba7340,.wav,legacy_session,ok
raw/mandarin-tone-recordings/audio_fixed_abe/p070/session_59995693a421/0125_zhuan3_zhuan_1ea45019.wav,tone_labeled,p070,session_59995693a421,0125,,zhuan3,zhuan,3,,1ea45019,.wav,legacy_session,ok
raw/mandarin-tone-recordings/audio_fixed_abe/p070/session_59995693a421/0126_se4_se_6e78f9ea.wav,tone_labeled,p070,session_59995693a421,0126,,se4,se,4,,6e78f9ea,.wav,legacy_session,ok
raw/mandarin-tone-recordings/audio_fixed_abe/p070/session_59995693a421/0127_hua2_hua_9d9c70f3.wav,tone_labeled,p070,session_59995693a421,0127,,hua2,hua,2,,9d9c70f3,.wav,legacy_session,ok
raw/mandarin-tone-recordings/audio_fixed_abe/p070/session_59995693a421/0128_qun1_qun_09cf18a5.wav,tone_labeled,p070,session_59995693a421,0128,,qun1,qun,1,,09cf18a5,.wav,legacy_session,ok
raw/mandarin-tone-recordings/audio_fixed_abe/p070/session_59995693a421/0129_shei4_shei_6da46442.wav,tone_labeled,p070,session_59995693a421,0129,,shei4,shei,4,,6da46442,.wav,legacy_session,ok
raw/mandarin-tone-recordings/audio_fixed_abe/p070/session_59995693a421/0130_dai4_dai_63250f8d.wav,tone_labeled,p070,session_59995693a421,0130,,dai4,dai,4,,63250f8d,.wav,legacy_session,ok
raw/mandarin-tone-recordings/audio_fixed_abe/p070/session_59995693a421/0131_wa3_wa_5a6b219e.wav,tone_labeled,p070,session_59995693a421,0131,,wa3,wa,3,,5a6b219e,.wav,legacy_session,ok
raw/mandarin-tone-recordings/audio_fixed_abe/p070/session_59995693a421/0132_ping3_ping_529aef1c.wav,tone_labeled,p070,session_59995693a421,0132,,ping3,ping,3,,529aef1c,.wav,legacy_session,ok
raw/mandarin-tone-recordings/audio_fixed_abe/p070/session_59995693a421/0133_dao4_dao_1794e7ac.wav,tone_labeled,p070,session_59995693a421,0133,,dao4,dao,4,,1794e7ac,.wav,legacy_session,ok
raw/mandarin-tone-recordings/audio_fixed_abe/p070/session_59995693a421/0134_duo2_duo_c8d9f5ce.wav,tone_labeled,p070,session_59995693a421,0134,,duo2,duo,2,,c8d9f5ce,.wav,legacy_session,ok
raw/mandarin-tone-recordings/audio_fixed_abe/p070/session_59995693a421/0135_kun1_kun_c331a43d.wav,tone_labeled,p070,session_59995693a421,0135,,kun1,kun,1,,c331a43d,.wav,legacy_session,ok
raw/mandarin-tone-recordings/audio_fixed_abe/p070/session_59995693a421/0136_zei1_zei_a910fd12.wav,tone_labeled,p070,session_59995693a421,0136,,zei1,zei,1,,a910fd12,.wav,legacy_session,ok
raw/mandarin-tone-recordings/audio_fixed_abe/p070/session_59995693a421/0137_shi1_shi_86f2fa54.wav,tone_labeled,p070,session_59995693a421,0137,,shi1,shi,1,,86f2fa54,.wav,legacy_session,ok
raw/mandarin-tone-recordings/audio_fixed_abe/p070/session_59995693a421/0138_xu4_xu_f5847f2b.wav,tone_labeled,p070,session_59995693a421,0138,,xu4,xu,4,,f5847f2b,.wav,legacy_session,ok
raw/mandarin-tone-recordings/audio_fixed_abe/p070/session_59995693a421/0139_zhan2_zhan_d1b82390.wav,tone_labeled,p070,session_59995693a421,0139,,zhan2,zhan,2,,d1b82390,.wav,legacy_session,ok
raw/mandarin-tone-recordings/audio_fixed_abe/p070/session_59995693a421/0140_bie1_bie_7c63dcfb.wav,tone_labeled,p070,session_59995693a421,0140,,bie1,bie,1,,7c63dcfb,.wav,legacy_session,ok
raw/mandarin-tone-recordings/audio_fixed_abe/p070/session_59995693a421/0141_san3_san_5ddb8e07.wav,tone_labeled,p070,session_59995693a421,0141,,san3,san,3,,5ddb8e07,.wav,legacy_session,ok
raw/mandarin-tone-recordings/audio_fixed_abe/p070/session_59995693a421/0142_xie2_xie_76ab0e76.wav,tone_labeled,p070,session_59995693a421,0142,,xie2,xie,2,,76ab0e76,.wav,legacy_session,ok
raw/mandarin-tone-recordings/audio_fixed_abe/p070/session_59995693a421/0143_mu4_mu_eb98371a.wav,tone_labeled,p070,session_59995693a421,0143,,mu4,mu,4,,eb98371a,.wav,legacy_session,ok
raw/mandarin-tone-recordings/audio_fixed_abe/p070/session_59995693a421/0144_chan1_chan_d2cf6e73.wav,tone_labeled,p070,session_59995693a421,0144,,chan1,chan,1,,d2cf6e73,.wav,legacy_session,ok
raw/mandarin-tone-recordings/audio_fixed_abe/p070/session_59995693a421/0145_pie2_pie_12ae8743.wav,tone_labeled,p070,session_59995693a421,0145,,pie2,pie,2,,12ae8743,.wav,legacy_session,ok
raw/mandarin-tone-recordings/audio_fixed_abe/p070/session_59995693a421/0146_hui4_hui_6c2497a9.wav,tone_labeled,p070,session_59995693a421,0146,,hui4,hui,4,,6c2497a9,.wav,legacy_session,ok
raw/mandarin-tone-recordings/audio_fixed_abe/p070/session_59995693a421/0147_shai3_shai_7d50091d.wav,tone_labeled,p070,session_59995693a421,0147,,shai3,shai,3,,7d50091d,.wav,legacy_session,ok
raw/mandarin-tone-recordings/audio_fixed_abe/p070/session_59995693a421/0148_shun3_shun_32f36575.wav,tone_labeled,p070,session_59995693a421,0148,,shun3,shun,3,,32f36575,.wav,legacy_session,ok
raw/mandarin-tone-recordings/audio_fixed_abe/p070/session_59995693a421/0149_jun3_jun_ad0b6574.wav,tone_labeled,p070,session_59995693a421,0149,,jun3,jun,3,,ad0b6574,.wav,legacy_session,ok
raw/mandarin-tone-recordings/audio_fixed_abe/p070/session_59995693a421/0150_ke4_ke_4254465d.wav,tone_labeled,p070,session_59995693a421,0150,,ke4,ke,4,,4254465d,.wav,legacy_session,ok
raw/mandarin-tone-recordings/audio_fixed_abe/p070/session_59995693a421/0151_du2_du_ac21f7a5.wav,tone_labeled,p070,session_59995693a421,0151,,du2,du,2,,ac21f7a5,.wav,legacy_session,ok
raw/mandarin-tone-recordings/audio_fixed_abe/p070/session_59995693a421/0152_peng1_peng_0ba1934e.wav,tone_labeled,p070,session_59995693a421,0152,,peng1,peng,1,,0ba1934e,.wav,legacy_session,ok
raw/mandarin-tone-recordings/audio_fixed_abe/p070/session_59995693a421/0153_nang3_nang_4141b4a7.wav,tone_labeled,p070,session_59995693a421,0153,,nang3,nang,3,,4141b4a7,.wav,legacy_session,ok
raw/mandarin-tone-recordings/audio_fixed_abe/p070/session_59995693a421/0154_shua2_shua_9d92e15d.wav,tone_labeled,p070,session_59995693a421,0154,,shua2,shua,2,,9d92e15d,.wav,legacy_session,ok
raw/mandarin-tone-recordings/audio_fixed_abe/p070/session_59995693a421/0155_zeng4_zeng_fef170b4.wav,tone_labeled,p070,session_59995693a421,0155,,zeng4,zeng,4,,fef170b4,.wav,legacy_session,ok
raw/mandarin-tone-recordings/audio_fixed_abe/p070/session_59995693a421/0156_gong3_gong_ff59c991.wav,tone_labeled,p070,session_59995693a421,0156,,gong3,gong,3,,ff59c991,.wav,legacy_session,ok
raw/mandarin-tone-recordings/audio_fixed_abe/p070/session_59995693a421/0157_an4_an_89e28e25.wav,tone_labeled,p070,session_59995693a421,0157,,an4,an,4,,89e28e25,.wav,legacy_session,ok
raw/mandarin-tone-recordings/audio_fixed_abe/p070/session_59995693a421/0158_dei3_dei_f55c7530.wav,tone_labeled,p070,session_59995693a421,0158,,dei3,dei,3,,f55c7530,.wav,legacy_session,ok
raw/mandarin-tone-recordings/audio_fixed_abe/p070/session_59995693a421/0159_ei3_ei_37a25c8c.wav,tone_labeled,p070,session_59995693a421,0159,,ei3,ei,3,,37a25c8c,.wav,legacy_session,ok
raw/mandarin-tone-recordings/audio_fixed_abe/p070/session_59995693a421/0160_fei3_fei_19c0f3c5.wav,tone_labeled,p070,session_59995693a421,0160,,fei3,fei,3,,19c0f3c5,.wav,legacy_session,ok
raw/mandarin-tone-recordings/audio_fixed_abe/p070/session_59995693a421/0161_qin1_qin_cc42246a.wav,tone_labeled,p070,session_59995693a421,0161,,qin1,qin,1,,cc42246a,.wav,legacy_session,ok
raw/mandarin-tone-recordings/audio_fixed_abe/p070/session_59995693a421/0162_qiu4_qiu_0cc3fae1.wav,tone_labeled,p070,session_59995693a421,0162,,qiu4,qiu,4,,0cc3fae1,.wav,legacy_session,ok
raw/mandarin-tone-recordings/audio_fixed_abe/p070/session_59995693a421/0163_leng1_leng_ba1dd372.wav,tone_labeled,p070,session_59995693a421,0163,,leng1,leng,1,,ba1dd372,.wav,legacy_session,ok
raw/mandarin-tone-recordings/audio_fixed_abe/p070/session_59995693a421/0164_a4_a_2e81bc60.wav,tone_labeled,p070,session_59995693a421,0164,,a4,a,4,,2e81bc60,.wav,legacy_session,ok
raw/mandarin-tone-recordings/audio_fixed_abe/p070/session_59995693a421/0165_man2_man_0f3fd4e6.wav,tone_labeled,p070,session_59995693a421,0165,,man2,man,2,,0f3fd4e6,.wav,legacy_session,ok
raw/mandarin-tone-recordings/audio_fixed_abe/p070/session_59995693a421/0166_lv2_lv_11d37789.wav,tone_labeled,p070,session_59995693a421,0166,,lv2,lv,2,,11d37789,.wav,legacy_session,ok
raw/mandarin-tone-recordings/audio_fixed_abe/p070/session_59995693a421/0167_tai2_tai_2c39a23d.wav,tone_labeled,p070,session_59995693a421,0167,,tai2,tai,2,,2c39a23d,.wav,legacy_session,ok
raw/mandarin-tone-recordings/audio_fixed_abe/p070/session_59995693a421/0168_jian2_jian_fe8d48b7.wav,tone_labeled,p070,session_59995693a421,0168,,jian2,jian,2,,fe8d48b7,.wav,legacy_session,ok
raw/mandarin-tone-recordings/audio_fixed_abe/p070/session_59995693a421/0169_geng4_geng_b705beb1.wav,tone_labeled,p070,session_59995693a421,0169,,geng4,geng,4,,b705beb1,.wav,legacy_session,ok
raw/mandarin-tone-recordings/audio_fixed_abe/p070/session_59995693a421/0170_miu2_miu_3f8a5e8e.wav,tone_labeled,p070,session_59995693a421,0170,,miu2,miu,2,,3f8a5e8e,.wav,legacy_session,ok
raw/mandarin-tone-recordings/audio_fixed_abe/p070/session_59995693a421/0171_rao2_rao_5bb6241b.wav,tone_labeled,p070,session_59995693a421,0171,,rao2,rao,2,,5bb6241b,.wav,legacy_session,ok
raw/mandarin-tone-recordings/audio_fixed_abe/p070/session_59995693a421/0172_kuang2_kuang_7f5d41c0.wav,tone_labeled,p070,session_59995693a421,0172,,kuang2,kuang,2,,7f5d41c0,.wav,legacy_session,ok
raw/mandarin-tone-recordings/audio_fixed_abe/p070/session_59995693a421/0173_cun2_cun_532990f8.wav,tone_labeled,p070,session_59995693a421,0173,,cun2,cun,2,,532990f8,.wav,legacy_session,ok
raw/mandarin-tone-recordings/audio_fixed_abe/p070/session_59995693a421/0174_shao2_shao_23b669dd.wav,tone_labeled,p070,session_59995693a421,0174,,shao2,shao,2,,23b669dd,.wav,legacy_session,ok
raw/mandarin-tone-recordings/audio_fixed_abe/p070/session_59995693a421/0175_xin2_xin_e6d72c8f.wav,tone_labeled,p070,session_59995693a421,0175,,xin2,xin,2,,e6d72c8f,.wav,legacy_session,ok
raw/mandarin-tone-recordings/audio_fixed_abe/p070/session_59995693a421/0176_lu1_lu_9bb80be0.wav,tone_labeled,p070,session_59995693a421,0176,,lu1,lu,1,,9bb80be0,.wav,legacy_session,ok
raw/mandarin-tone-recordings/audio_fixed_abe/p070/session_59995693a421/0177_n4_n_696a720a.wav,tone_labeled,p070,session_59995693a421,0177,,n4,n,4,,696a720a,.wav,legacy_session,ok
raw/mandarin-tone-recordings/audio_fixed_abe/p070/session_59995693a421/0178_zao1_zao_c38c7e27.wav,tone_labeled,p070,session_59995693a421,0178,,zao1,zao,1,,c38c7e27,.wav,legacy_session,ok
raw/mandarin-tone-recordings/audio_fixed_abe/p070/session_59995693a421/0179_niao4_niao_df1969dc.wav,tone_labeled,p070,session_59995693a421,0179,,niao4,niao,4,,df1969dc,.wav,legacy_session,ok
raw/mandarin-tone-recordings/audio_fixed_abe/p070/session_59995693a421/0180_nai3_nai_846c5e02.wav,tone_labeled,p070,session_59995693a421,0180,,nai3,nai,3,,846c5e02,.wav,legacy_session,ok
raw/mandarin-tone-recordings/audio_fixed_abe/p070/session_59995693a421/0181_tu4_tu_c292e65a.wav,tone_labeled,p070,session_59995693a421,0181,,tu4,tu,4,,c292e65a,.wav,legacy_session,ok
raw/mandarin-tone-recordings/audio_fixed_abe/p070/session_59995693a421/0182_ning3_ning_e5fd2cf1.wav,tone_labeled,p070,session_59995693a421,0182,,ning3,ning,3,,e5fd2cf1,.wav,legacy_session,ok
raw/mandarin-tone-recordings/audio_fixed_abe/p070/session_59995693a421/0183_die1_die_61a5bcd2.wav,tone_labeled,p070,session_59995693a421,0183,,die1,die,1,,61a5bcd2,.wav,legacy_session,ok
raw/mandarin-tone-recordings/audio_fixed_abe/p070/session_59995693a421/0184_jing2_jing_6f46c625.wav,tone_labeled,p070,session_59995693a421,0184,,jing2,jing,2,,6f46c625,.wav,legacy_session,ok
raw/mandarin-tone-recordings/audio_fixed_abe/p070/session_59995693a421/0185_gu3_gu_6a0d0ff5.wav,tone_labeled,p070,session_59995693a421,0185,,gu3,gu,3,,6a0d0ff5,.wav,legacy_session,ok
raw/mandarin-tone-recordings/audio_fixed_abe/p070/session_59995693a421/0186_ang3_ang_2aab1052.wav,tone_labeled,p070,session_59995693a421,0186,,ang3,ang,3,,2aab1052,.wav,legacy_session,ok
raw/mandarin-tone-recordings/audio_fixed_abe/p070/session_59995693a421/0187_geng1_geng_7313323e.wav,tone_labeled,p070,session_59995693a421,0187,,geng1,geng,1,,7313323e,.wav,legacy_session,ok
raw/mandarin-tone-recordings/audio_fixed_abe/p070/session_59995693a421/0188_zuan2_zuan_ac7ed7ad.wav,tone_labeled,p070,session_59995693a421,0188,,zuan2,zuan,2,,ac7ed7ad,.wav,legacy_session,ok
raw/mandarin-tone-recordings/audio_fixed_abe/p070/session_59995693a421/0189_gen3_gen_4578f619.wav,tone_labeled,p070,session_59995693a421,0189,,gen3,gen,3,,4578f619,.wav,legacy_session,ok
raw/mandarin-tone-recordings/audio_fixed_abe/p070/session_59995693a421/0190_luo1_luo_49ae5842.wav,tone_labeled,p070,session_59995693a421,0190,,luo1,luo,1,,49ae5842,.wav,legacy_session,ok
raw/mandarin-tone-recordings/audio_fixed_abe/p070/session_59995693a421/0191_rang2_rang_98974eb4.wav,tone_labeled,p070,session_59995693a421,0191,,rang2,rang,2,,98974eb4,.wav,legacy_session,ok
raw/mandarin-tone-recordings/audio_fixed_abe/p070/session_59995693a421/0192_lun3_lun_a04ddd9b.wav,tone_labeled,p070,session_59995693a421,0192,,lun3,lun,3,,a04ddd9b,.wav,legacy_session,ok
raw/mandarin-tone-recordings/audio_fixed_abe/p070/session_59995693a421/0193_kai1_kai_830ffcf4.wav,tone_labeled,p070,session_59995693a421,0193,,kai1,kai,1,,830ffcf4,.wav,legacy_session,ok
raw/mandarin-tone-recordings/audio_fixed_abe/p070/session_59995693a421/0194_nian1_nian_bbb6bf2e.wav,tone_labeled,p070,session_59995693a421,0194,,nian1,nian,1,,bbb6bf2e,.wav,legacy_session,ok
raw/mandarin-tone-recordings/audio_fixed_abe/p070/session_59995693a421/0195_san2_san_9e0c11a3.wav,tone_labeled,p070,session_59995693a421,0195,,san2,san,2,,9e0c11a3,.wav,legacy_session,ok
raw/mandarin-tone-recordings/audio_fixed_abe/p070/session_59995693a421/0196_gou3_gou_2a65585a.wav,tone_labeled,p070,session_59995693a421,0196,,gou3,gou,3,,2a65585a,.wav,legacy_session,ok
raw/mandarin-tone-recordings/audio_fixed_abe/p070/session_59995693a421/0197_pi2_pi_7792da11.wav,tone_labeled,p070,session_59995693a421,0197,,pi2,pi,2,,7792da11,.wav,legacy_session,ok
raw/mandarin-tone-recordings/audio_fixed_abe/p070/session_59995693a421/0198_huai3_huai_ae8b45db.wav,tone_labeled,p070,session_59995693a421,0198,,huai3,huai,3,,ae8b45db,.wav,legacy_session,ok
raw/mandarin-tone-recordings/audio_fixed_abe/p070/session_59995693a421/0199_jvan4_jvan_a5e19ed1.wav,tone_labeled,p070,session_59995693a421,0199,,jvan4,jvan,4,,a5e19ed1,.wav,legacy_session,ok
raw/mandarin-tone-recordings/audio_fixed_abe/p070/session_59995693a421/0200_deng4_deng_d2bde8a3.wav,tone_labeled,p070,session_59995693a421,0200,,deng4,deng,4,,d2bde8a3,.wav,legacy_session,ok
raw/mandarin-tone-recordings/audio_fixed_abe/p070/session_59995693a421/0201_zhuan4_zhuan_0a646fc5.wav,tone_labeled,p070,session_59995693a421,0201,,zhuan4,zhuan,4,,0a646fc5,.wav,legacy_session,ok
raw/mandarin-tone-recordings/audio_fixed_abe/p070/session_59995693a421/0202_pi4_pi_b5ea85a3.wav,tone_labeled,p070,session_59995693a421,0202,,pi4,pi,4,,b5ea85a3,.wav,legacy_session,ok
raw/mandarin-tone-recordings/audio_fixed_abe/p070/session_59995693a421/0203_yan4_yan_77d6fb03.wav,tone_labeled,p070,session_59995693a421,0203,,yan4,yan,4,,77d6fb03,.wav,legacy_session,ok
raw/mandarin-tone-recordings/audio_fixed_abe/p070/session_59995693a421/0204_hun3_hun_68d0e57b.wav,tone_labeled,p070,session_59995693a421,0204,,hun3,hun,3,,68d0e57b,.wav,legacy_session,ok
raw/mandarin-tone-recordings/audio_fixed_abe/p070/session_59995693a421/0205_qi3_qi_fd696cfe.wav,tone_labeled,p070,session_59995693a421,0205,,qi3,qi,3,,fd696cfe,.wav,legacy_session,ok
raw/mandarin-tone-recordings/audio_fixed_abe/p070/session_59995693a421/0206_diu3_diu_765a2255.wav,tone_labeled,p070,session_59995693a421,0206,,diu3,diu,3,,765a2255,.wav,legacy_session,ok
raw/mandarin-tone-recordings/audio_fixed_abe/p070/session_59995693a421/0207_pian3_pian_b66943fc.wav,tone_labeled,p070,session_59995693a421,0207,,pian3,pian,3,,b66943fc,.wav,legacy_session,ok
raw/mandarin-tone-recordings/audio_fixed_abe/p070/session_59995693a421/0208_jun4_jun_7de0d4a7.wav,tone_labeled,p070,session_59995693a421,0208,,jun4,jun,4,,7de0d4a7,.wav,legacy_session,ok
raw/mandarin-tone-recordings/audio_fixed_abe/p070/session_59995693a421/0209_li2_li_e0afd7a0.wav,tone_labeled,p070,session_59995693a421,0209,,li2,li,2,,e0afd7a0,.wav,legacy_session,ok
raw/mandarin-tone-recordings/audio_fixed_abe/p070/session_59995693a421/0210_bu2_bu_378bbabb.wav,tone_labeled,p070,session_59995693a421,0210,,bu2,bu,2,,378bbabb,.wav,legacy_session,ok
raw/mandarin-tone-recordings/audio_fixed_abe/p070/session_59995693a421/0211_qiong3_qiong_98b437d4.wav,tone_labeled,p070,session_59995693a421,0211,,qiong3,qiong,3,,98b437d4,.wav,legacy_session,ok
raw/mandarin-tone-recordings/audio_fixed_abe/p070/session_59995693a421/0212_lin3_lin_c3e74a6d.wav,tone_labeled,p070,session_59995693a421,0212,,lin3,lin,3,,c3e74a6d,.wav,legacy_session,ok
raw/mandarin-tone-recordings/audio_fixed_abe/p070/session_59995693a421/0213_yvan3_yvan_61adc50e.wav,tone_labeled,p070,session_59995693a421,0213,,yvan3,yvan,3,,61adc50e,.wav,legacy_session,ok
raw/mandarin-tone-recordings/audio_fixed_abe/p070/session_59995693a421/0214_xiong2_xiong_a1d6818c.wav,tone_labeled,p070,session_59995693a421,0214,,xiong2,xiong,2,,a1d6818c,.wav,legacy_session,ok
raw/mandarin-tone-recordings/audio_fixed_abe/p070/session_59995693a421/0215_mu1_mu_4a48dd82.wav,tone_labeled,p070,session_59995693a421,0215,,mu1,mu,1,,4a48dd82,.wav,legacy_session,ok
raw/mandarin-tone-recordings/audio_fixed_abe/p070/session_59995693a421/0216_xve4_xve_37541364.wav,tone_labeled,p070,session_59995693a421,0216,,xve4,xve,4,,37541364,.wav,legacy_session,ok
raw/mandarin-tone-recordings/audio_fixed_abe/p070/session_59995693a421/0217_tong4_tong_f8c58886.wav,tone_labeled,p070,session_59995693a421,0217,,tong4,tong,4,,f8c58886,.wav,legacy_session,ok
raw/mandarin-tone-recordings/audio_fixed_abe/p070/session_59995693a421/0218_ji1_ji_80a14922.wav,tone_labeled,p070,session_59995693a421,0218,,ji1,ji,1,,80a14922,.wav,legacy_session,ok
raw/mandarin-tone-recordings/audio_fixed_abe/p070/session_59995693a421/0219_cou4_cou_ed609096.wav,tone_labeled,p070,session_59995693a421,0219,,cou4,cou,4,,ed609096,.wav,legacy_session,ok
raw/mandarin-tone-recordings/audio_fixed_abe/p070/session_59995693a421/0220_zhua1_zhua_4773468b.wav,tone_labeled,p070,session_59995693a421,0220,,zhua1,zhua,1,,4773468b,.wav,legacy_session,ok
raw/mandarin-tone-recordings/audio_fixed_abe/p070/session_59995693a421/0221_chao1_chao_8ce1ed00.wav,tone_labeled,p070,session_59995693a421,0221,,chao1,chao,1,,8ce1ed00,.wav,legacy_session,ok
raw/mandarin-tone-recordings/audio_fixed_abe/p070/session_59995693a421/0222_shei3_shei_beff9dfd.wav,tone_labeled,p070,session_59995693a421,0222,,shei3,shei,3,,beff9dfd,.wav,legacy_session,ok
raw/mandarin-tone-recordings/audio_fixed_abe/p070/session_59995693a421/0223_ya3_ya_cf65eb7c.wav,tone_labeled,p070,session_59995693a421,0223,,ya3,ya,3,,cf65eb7c,.wav,legacy_session,ok
raw/mandarin-tone-recordings/audio_fixed_abe/p070/session_59995693a421/0224_jve1_jve_6d3d260f.wav,tone_labeled,p070,session_59995693a421,0224,,jve1,jve,1,,6d3d260f,.wav,legacy_session,ok
raw/mandarin-tone-recordings/audio_fixed_abe/p070/session_59995693a421/0225_qun3_qun_f1519f11.wav,tone_labeled,p070,session_59995693a421,0225,,qun3,qun,3,,f1519f11,.wav,legacy_session,ok
raw/mandarin-tone-recordings/audio_fixed_abe/p070/session_59995693a421/0226_chui2_chui_3e752ade.wav,tone_labeled,p070,session_59995693a421,0226,,chui2,chui,2,,3e752ade,.wav,legacy_session,ok
raw/mandarin-tone-recordings/audio_fixed_abe/p070/session_59995693a421/0227_xing2_xing_5adb909f.wav,tone_labeled,p070,session_59995693a421,0227,,xing2,xing,2,,5adb909f,.wav,legacy_session,ok
raw/mandarin-tone-recordings/audio_fixed_abe/p070/session_59995693a421/0228_dao1_dao_02681337.wav,tone_labeled,p070,session_59995693a421,0228,,dao1,dao,1,,02681337,.wav,legacy_session,ok
raw/mandarin-tone-recordings/audio_fixed_abe/p070/session_59995693a421/0229_song3_song_d9c29063.wav,tone_labeled,p070,session_59995693a421,0229,,song3,song,3,,d9c29063,.wav,legacy_session,ok
raw/mandarin-tone-recordings/audio_fixed_abe/p070/session_59995693a421/0230_leng2_leng_757210dd.wav,tone_labeled,p070,session_59995693a421,0230,,leng2,leng,2,,757210dd,.wav,legacy_session,ok
raw/mandarin-tone-recordings/audio_fixed_abe/p070/session_59995693a421/0231_shuan1_shuan_72192bab.wav,tone_labeled,p070,session_59995693a421,0231,,shuan1,shuan,1,,72192bab,.wav,legacy_session,ok
raw/mandarin-tone-recordings/audio_fixed_abe/p070/session_59995693a421/0232_ruan1_ruan_2f983f49.wav,tone_labeled,p070,session_59995693a421,0232,,ruan1,ruan,1,,2f983f49,.wav,legacy_session,ok
raw/mandarin-tone-recordings/audio_fixed_abe/p070/session_59995693a421/0233_gua4_gua_5748864d.wav,tone_labeled,p070,session_59995693a421,0233,,gua4,gua,4,,5748864d,.wav,legacy_session,ok
raw/mandarin-tone-recordings/audio_fixed_abe/p070/session_59995693a421/0234_zou3_zou_a18bb638.wav,tone_labeled,p070,session_59995693a421,0234,,zou3,zou,3,,a18bb638,.wav,legacy_session,ok
raw/mandarin-tone-recordings/audio_fixed_abe/p070/session_59995693a421/0235_te4_te_f9c61e42.wav,tone_labeled,p070,session_59995693a421,0235,,te4,te,4,,f9c61e42,.wav,legacy_session,ok
raw/mandarin-tone-recordings/audio_fixed_abe/p070/session_59995693a421/0236_men4_men_e0a579ca.wav,tone_labeled,p070,session_59995693a421,0236,,men4,men,4,,e0a579ca,.wav,legacy_session,ok
raw/mandarin-tone-recordings/audio_fixed_abe/p070/session_59995693a421/0237_xu3_xu_f88f0a13.wav,tone_labeled,p070,session_59995693a421,0237,,xu3,xu,3,,f88f0a13,.wav,legacy_session,ok
raw/mandarin-tone-recordings/audio_fixed_abe/p070/session_59995693a421/0238_na1_na_262d8618.wav,tone_labeled,p070,session_59995693a421,0238,,na1,na,1,,262d8618,.wav,legacy_session,ok
raw/mandarin-tone-recordings/audio_fixed_abe/p070/session_59995693a421/0239_nen4_nen_17e69b38.wav,tone_labeled,p070,session_59995693a421,0239,,nen4,nen,4,,17e69b38,.wav,legacy_session,ok
raw/mandarin-tone-recordings/audio_fixed_abe/p070/session_59995693a421/0240_ran4_ran_55e33368.wav,tone_labeled,p070,session_59995693a421,0240,,ran4,ran,4,,55e33368,.wav,legacy_session,ok
raw/mandarin-tone-recordings/audio_fixed_abe/p070/session_59995693a421/0241_zei4_zei_c2eb93bc.wav,tone_labeled,p070,session_59995693a421,0241,,zei4,zei,4,,c2eb93bc,.wav,legacy_session,ok
raw/mandarin-tone-recordings/audio_fixed_abe/p070/session_59995693a421/0242_qi2_qi_ffe01426.wav,tone_labeled,p070,session_59995693a421,0242,,qi2,qi,2,,ffe01426,.wav,legacy_session,ok
raw/mandarin-tone-recordings/audio_fixed_abe/p070/session_59995693a421/0243_kuo2_kuo_ba6a1d08.wav,tone_labeled,p070,session_59995693a421,0243,,kuo2,kuo,2,,ba6a1d08,.wav,legacy_session,ok
raw/mandarin-tone-recordings/audio_fixed_abe/p070/session_59995693a421/0244_pa2_pa_10164c29.wav,tone_labeled,p070,session_59995693a421,0244,,pa2,pa,2,,10164c29,.wav,legacy_session,ok
raw/mandarin-tone-recordings/audio_fixed_abe/p070/session_59995693a421/0245_keng4_keng_c02d47b6.wav,tone_labeled,p070,session_59995693a421,0245,,keng4,keng,4,,c02d47b6,.wav,legacy_session,ok
raw/mandarin-tone-recordings/audio_fixed_abe/p070/session_59995693a421/0246_nen1_nen_badde3c0.wav,tone_labeled,p070,session_59995693a421,0246,,nen1,nen,1,,badde3c0,.wav,legacy_session,ok
raw/mandarin-tone-recordings/audio_fixed_abe/p070/session_59995693a421/0247_ling1_ling_422afd41.wav,tone_labeled,p070,session_59995693a421,0247,,ling1,ling,1,,422afd41,.wav,legacy_session,ok
raw/mandarin-tone-recordings/audio_fixed_abe/p070/session_59995693a421/0248_liang3_liang_3ff6702d.wav,tone_labeled,p070,session_59995693a421,0248,,liang3,liang,3,,3ff6702d,.wav,legacy_session,ok
raw/mandarin-tone-recordings/audio_fixed_abe/p070/session_59995693a421/0249_zhun3_zhun_2940de9d.wav,tone_labeled,p070,session_59995693a421,0249,,zhun3,zhun,3,,2940de9d,.wav,legacy_session,ok
raw/mandarin-tone-recordings/audio_fixed_abe/p070/session_59995693a421/0250_ao4_ao_b9d3ba6d.wav,tone_labeled,p070,session_59995693a421,0250,,ao4,ao,4,,b9d3ba6d,.wav,legacy_session,ok
raw/mandarin-tone-recordings/audio_fixed_abe/p070/session_59995693a421/0251_tun4_tun_4fd8d171.wav,tone_labeled,p070,session_59995693a421,0251,,tun4,tun,4,,4fd8d171,.wav,legacy_session,ok
raw/mandarin-tone-recordings/audio_fixed_abe/p070/session_59995693a421/0252_nuan4_nuan_bdedb447.wav,tone_labeled,p070,session_59995693a421,0252,,nuan4,nuan,4,,bdedb447,.wav,legacy_session,ok
raw/mandarin-tone-recordings/audio_fixed_abe/p070/session_59995693a421/0253_qin2_qin_84a1941e.wav,tone_labeled,p070,session_59995693a421,0253,,qin2,qin,2,,84a1941e,.wav,legacy_session,ok
raw/mandarin-tone-recordings/audio_fixed_abe/p070/session_59995693a421/0254_wu4_wu_780dc332.wav,tone_labeled,p070,session_59995693a421,0254,,wu4,wu,4,,780dc332,.wav,legacy_session,ok
raw/mandarin-tone-recordings/audio_fixed_abe/p070/session_59995693a421/0255_heng3_heng_95f89c86.wav,tone_labeled,p070,session_59995693a421,0255,,heng3,heng,3,,95f89c86,.wav,legacy_session,ok
raw/mandarin-tone-recordings/audio_fixed_abe/p070/session_59995693a421/0256_an3_an_d8c15f0d.wav,tone_labeled,p070,session_59995693a421,0256,,an3,an,3,,d8c15f0d,.wav,legacy_session,ok
raw/mandarin-tone-recordings/audio_fixed_abe/p070/session_59995693a421/0257_de3_de_1250dfa0.wav,tone_labeled,p070,session_59995693a421,0257,,de3,de,3,,1250dfa0,.wav,legacy_session,ok
raw/mandarin-tone-recordings/audio_fixed_abe/p070/session_59995693a421/0258_gai1_gai_775b29fe.wav,tone_labeled,p070,session_59995693a421,0258,,gai1,gai,1,,775b29fe,.wav,legacy_session,ok
raw/mandarin-tone-recordings/audio_fixed_abe/p070/session_59995693a421/0259_wang2_wang_95812b21.wav,tone_labeled,p070,session_59995693a421,0259,,wang2,wang,2,,95812b21,.wav,legacy_session,ok
raw/mandarin-tone-recordings/audio_fixed_abe/p070/session_59995693a421/0260_jvn1_jvn_34310a81.wav,tone_labeled,p070,session_59995693a421,0260,,jvn1,jvn,1,,34310a81,.wav,legacy_session,ok
raw/mandarin-tone-recordings/audio_fixed_abe/p070/session_59995693a421/0261_ei4_ei_a692daf7.wav,tone_labeled,p070,session_59995693a421,0261,,ei4,ei,4,,a692daf7,.wav,legacy_session,ok
raw/mandarin-tone-recordings/audio_fixed_abe/p070/session_59995693a421/0262_xi3_xi_af0a1b51.wav,tone_labeled,p070,session_59995693a421,0262,,xi3,xi,3,,af0a1b51,.wav,legacy_session,ok
raw/mandarin-tone-recordings/audio_fixed_abe/p070/session_59995693a421/0263_kua2_kua_3cb9fe60.wav,tone_labeled,p070,session_59995693a421,0263,,kua2,kua,2,,3cb9fe60,.wav,legacy_session,ok
raw/mandarin-tone-recordings/audio_fixed_abe/p070/session_59995693a421/0264_geng2_geng_c142cf9c.wav,tone_labeled,p070,session_59995693a421,0264,,geng2,geng,2,,c142cf9c,.wav,legacy_session,ok
raw/mandarin-tone-recordings/audio_fixed_abe/p070/session_59995693a421/0265_xiu4_xiu_8f4ac0b4.wav,tone_labeled,p070,session_59995693a421,0265,,xiu4,xiu,4,,8f4ac0b4,.wav,legacy_session,ok
raw/mandarin-tone-recordings/audio_fixed_abe/p070/session_59995693a421/0266_tuo1_tuo_3db72f05.wav,tone_labeled,p070,session_59995693a421,0266,,tuo1,tuo,1,,3db72f05,.wav,legacy_session,ok
raw/mandarin-tone-recordings/audio_fixed_abe/p070/session_59995693a421/0267_fang4_fang_a458df3f.wav,tone_labeled,p070,session_59995693a421,0267,,fang4,fang,4,,a458df3f,.wav,legacy_session,ok
raw/mandarin-tone-recordings/audio_fixed_abe/p070/session_59995693a421/0268_kao4_kao_164c6749.wav,tone_labeled,p070,session_59995693a421,0268,,kao4,kao,4,,164c6749,.wav,legacy_session,ok
raw/mandarin-tone-recordings/audio_fixed_abe/p070/session_59995693a421/0269_n2_n_604b46de.wav,tone_labeled,p070,session_59995693a421,0269,,n2,n,2,,604b46de,.wav,legacy_session,ok
raw/mandarin-tone-recordings/audio_fixed_abe/p070/session_59995693a421/0270_gen2_gen_181d72c1.wav,tone_labeled,p070,session_59995693a421,0270,,gen2,gen,2,,181d72c1,.wav,legacy_session,ok
raw/mandarin-tone-recordings/audio_fixed_abe/p070/session_59995693a421/0271_qv2_qv_44e14a74.wav,tone_labeled,p070,session_59995693a421,0271,,qv2,qv,2,,44e14a74,.wav,legacy_session,ok
raw/mandarin-tone-recordings/audio_fixed_abe/p070/session_59995693a421/0272_jvn2_jvn_3aeaa124.wav,tone_labeled,p070,session_59995693a421,0272,,jvn2,jvn,2,,3aeaa124,.wav,legacy_session,ok
raw/mandarin-tone-recordings/audio_fixed_abe/p070/session_59995693a421/0273_chan2_chan_f202c19b.wav,tone_labeled,p070,session_59995693a421,0273,,chan2,chan,2,,f202c19b,.wav,legacy_session,ok
raw/mandarin-tone-recordings/audio_fixed_abe/p070/session_59995693a421/0274_cao1_cao_d07a2ff3.wav,tone_labeled,p070,session_59995693a421,0274,,cao1,cao,1,,d07a2ff3,.wav,legacy_session,ok
raw/mandarin-tone-recordings/audio_fixed_abe/p070/session_59995693a421/0275_jin2_jin_417bef3c.wav,tone_labeled,p070,session_59995693a421,0275,,jin2,jin,2,,417bef3c,.wav,legacy_session,ok
raw/mandarin-tone-recordings/audio_fixed_abe/p070/session_59995693a421/0276_lia3_lia_7b2f9da4.wav,tone_labeled,p070,session_59995693a421,0276,,lia3,lia,3,,7b2f9da4,.wav,legacy_session,ok
raw/mandarin-tone-recordings/audio_fixed_abe/p070/session_59995693a421/0277_can4_can_6a0d435b.wav,tone_labeled,p070,session_59995693a421,0277,,can4,can,4,,6a0d435b,.wav,legacy_session,ok
raw/mandarin-tone-recordings/audio_fixed_abe/p070/session_59995693a421/0278_fang1_fang_0577823a.wav,tone_labeled,p070,session_59995693a421,0278,,fang1,fang,1,,0577823a,.wav,legacy_session,ok
raw/mandarin-tone-recordings/audio_fixed_abe/p070/session_59995693a421/0279_ye1_ye_3dae21fd.wav,tone_labeled,p070,session_59995693a421,0279,,ye1,ye,1,,3dae21fd,.wav,legacy_session,ok
raw/mandarin-tone-recordings/audio_fixed_abe/p070/session_59995693a421/0280_dang2_dang_58da15f5.wav,tone_labeled,p070,session_59995693a421,0280,,dang2,dang,2,,58da15f5,.wav,legacy_session,ok
raw/mandarin-tone-recordings/audio_fixed_abe/p070/session_59995693a421/0281_zhang3_zhang_e4e18cab.wav,tone_labeled,p070,session_59995693a421,0281,,zhang3,zhang,3,,e4e18cab,.wav,legacy_session,ok
raw/mandarin-tone-recordings/audio_fixed_abe/p070/session_59995693a421/0282_sen2_sen_afc2f026.wav,tone_labeled,p070,session_59995693a421,0282,,sen2,sen,2,,afc2f026,.wav,legacy_session,ok
raw/mandarin-tone-recordings/audio_fixed_abe/p070/session_59995693a421/0283_sao3_sao_2f75caf7.wav,tone_labeled,p070,session_59995693a421,0283,,sao3,sao,3,,2f75caf7,.wav,legacy_session,ok
raw/mandarin-tone-recordings/audio_fixed_abe/p070/session_59995693a421/0284_shuai1_shuai_4080bb1a.wav,tone_labeled,p070,session_59995693a421,0284,,shuai1,shuai,1,,4080bb1a,.wav,legacy_session,ok
raw/mandarin-tone-recordings/audio_fixed_abe/p070/session_59995693a421/0285_gou2_gou_fdc8f30d.wav,tone_labeled,p070,session_59995693a421,0285,,gou2,gou,2,,fdc8f30d,.wav,legacy_session,ok
raw/mandarin-tone-recordings/audio_fixed_abe/p070/session_59995693a421/0286_qvn2_qvn_ea744439.wav,tone_labeled,p070,session_59995693a421,0286,,qvn2,qvn,2,,ea744439,.wav,legacy_session,ok
raw/mandarin-tone-recordings/audio_fixed_abe/p070/session_59995693a421/0287_jiong4_jiong_df810287.wav,tone_labeled,p070,session_59995693a421,0287,,jiong4,jiong,4,,df810287,.wav,legacy_session,ok
raw/mandarin-tone-recordings/audio_fixed_abe/p070/session_59995693a421/0288_cu2_cu_bf3f79f0.wav,tone_labeled,p070,session_59995693a421,0288,,cu2,cu,2,,bf3f79f0,.wav,legacy_session,ok
raw/mandarin-tone-recordings/audio_fixed_abe/p070/session_59995693a421/0289_fou2_fou_2380de8a.wav,tone_labeled,p070,session_59995693a421,0289,,fou2,fou,2,,2380de8a,.wav,legacy_session,ok
raw/mandarin-tone-recordings/audio_fixed_abe/p070/session_59995693a421/0290_duo1_duo_ad0554cb.wav,tone_labeled,p070,session_59995693a421,0290,,duo1,duo,1,,ad0554cb,.wav,legacy_session,ok
raw/mandarin-tone-recordings/audio_fixed_abe/p070/session_59995693a421/0291_zhi4_zhi_e8da694b.wav,tone_labeled,p070,session_59995693a421,0291,,zhi4,zhi,4,,e8da694b,.wav,legacy_session,ok
raw/mandarin-tone-recordings/audio_fixed_abe/p070/session_59995693a421/0292_huo4_huo_fb657df8.wav,tone_labeled,p070,session_59995693a421,0292,,huo4,huo,4,,fb657df8,.wav,legacy_session,ok
raw/mandarin-tone-recordings/audio_fixed_abe/p070/session_59995693a421/0293_gang2_gang_3889445c.wav,tone_labeled,p070,session_59995693a421,0293,,gang2,gang,2,,3889445c,.wav,legacy_session,ok
raw/mandarin-tone-recordings/audio_fixed_abe/p070/session_59995693a421/0294_pao3_pao_6cb25f86.wav,tone_labeled,p070,session_59995693a421,0294,,pao3,pao,3,,6cb25f86,.wav,legacy_session,ok
raw/mandarin-tone-recordings/audio_fixed_abe/p070/session_59995693a421/0295_cui2_cui_1418712a.wav,tone_labeled,p070,session_59995693a421,0295,,cui2,cui,2,,1418712a,.wav,legacy_session,ok
raw/mandarin-tone-recordings/audio_fixed_abe/p070/session_59995693a421/0296_ti3_ti_9e0cc9b6.wav,tone_labeled,p070,session_59995693a421,0296,,ti3,ti,3,,9e0cc9b6,.wav,legacy_session,ok
raw/mandarin-tone-recordings/audio_fixed_abe/p070/session_59995693a421/0297_bing3_bing_4e458b0d.wav,tone_labeled,p070,session_59995693a421,0297,,bing3,bing,3,,4e458b0d,.wav,legacy_session,ok
raw/mandarin-tone-recordings/audio_fixed_abe/p070/session_59995693a421/0298_kuo1_kuo_34f16574.wav,tone_labeled,p070,session_59995693a421,0298,,kuo1,kuo,1,,34f16574,.wav,legacy_session,ok
raw/mandarin-tone-recordings/audio_fixed_abe/p070/session_59995693a421/0299_quan4_quan_e8ae9411.wav,tone_labeled,p070,session_59995693a421,0299,,quan4,quan,4,,e8ae9411,.wav,legacy_session,ok
raw/mandarin-tone-recordings/audio_fixed_abe/p070/session_59995693a421/0300_rong2_rong_aedeaece.wav,tone_labeled,p070,session_59995693a421,0300,,rong2,rong,2,,aedeaece,.wav,legacy_session,ok
raw/mandarin-tone-recordings/audio_fixed_abe/p070/session_59995693a421/0301_lai1_lai_32efc658.wav,tone_labeled,p070,session_59995693a421,0301,,lai1,lai,1,,32efc658,.wav,legacy_session,ok
raw/mandarin-tone-recordings/audio_fixed_abe/p070/session_59995693a421/0302_suo3_suo_8a30da6b.wav,tone_labeled,p070,session_59995693a421,0302,,suo3,suo,3,,8a30da6b,.wav,legacy_session,ok
raw/mandarin-tone-recordings/audio_fixed_abe/p070/session_59995693a421/0303_dun2_dun_29e1d7c1.wav,tone_labeled,p070,session_59995693a421,0303,,dun2,dun,2,,29e1d7c1,.wav,legacy_session,ok
raw/mandarin-tone-recordings/audio_fixed_abe/p070/session_59995693a421/0304_chu3_chu_d1e6e04c.wav,tone_labeled,p070,session_59995693a421,0304,,chu3,chu,3,,d1e6e04c,.wav,legacy_session,ok
raw/mandarin-tone-recordings/audio_fixed_abe/p070/session_59995693a421/0305_cuan1_cuan_05ecc612.wav,tone_labeled,p070,session_59995693a421,0305,,cuan1,cuan,1,,05ecc612,.wav,legacy_session,ok
raw/mandarin-tone-recordings/audio_fixed_abe/p070/session_59995693a421/0306_ning2_ning_3ff15b01.wav,tone_labeled,p070,session_59995693a421,0306,,ning2,ning,2,,3ff15b01,.wav,legacy_session,ok
raw/mandarin-tone-recordings/audio_fixed_abe/p070/session_59995693a421/0307_dou3_dou_56a24831.wav,tone_labeled,p070,session_59995693a421,0307,,dou3,dou,3,,56a24831,.wav,legacy_session,ok
raw/mandarin-tone-recordings/audio_fixed_abe/p070/session_59995693a421/0308_zan4_zan_58f85958.wav,tone_labeled,p070,session_59995693a421,0308,,zan4,zan,4,,58f85958,.wav,legacy_session,ok
raw/mandarin-tone-recordings/audio_fixed_abe/p070/session_59995693a421/0309_ei2_ei_d8577010.wav,tone_labeled,p070,session_59995693a421,0309,,ei2,ei,2,,d8577010,.wav,legacy_session,ok
raw/mandarin-tone-recordings/audio_fixed_abe/p070/session_59995693a421/0310_ci3_ci_8b5e9e0a.wav,tone_labeled,p070,session_59995693a421,0310,,ci3,ci,3,,8b5e9e0a,.wav,legacy_session,ok
raw/mandarin-tone-recordings/audio_fixed_abe/p070/session_59995693a421/0311_sa2_sa_6111fd97.wav,tone_labeled,p070,session_59995693a421,0311,,sa2,sa,2,,6111fd97,.wav,legacy_session,ok
raw/mandarin-tone-recordings/audio_fixed_abe/p070/session_59995693a421/0312_she3_she_dca8ddcd.wav,tone_labeled,p070,session_59995693a421,0312,,she3,she,3,,dca8ddcd,.wav,legacy_session,ok
raw/mandarin-tone-recordings/audio_fixed_abe/p070/session_59995693a421/0313_guan4_guan_61d6e035.wav,tone_labeled,p070,session_59995693a421,0313,,guan4,guan,4,,61d6e035,.wav,legacy_session,ok
raw/mandarin-tone-recordings/audio_fixed_abe/p070/session_59995693a421/0314_gai3_gai_df953624.wav,tone_labeled,p070,session_59995693a421,0314,,gai3,gai,3,,df953624,.wav,legacy_session,ok
raw/mandarin-tone-recordings/audio_fixed_abe/p070/session_59995693a421/0315_ding4_ding_89854da5.wav,tone_labeled,p070,session_59995693a421,0315,,ding4,ding,4,,89854da5,.wav,legacy_session,ok
raw/mandarin-tone-recordings/audio_fixed_abe/p070/session_59995693a421/0316_ca1_ca_ba54b974.wav,tone_labeled,p070,session_59995693a421,0316,,ca1,ca,1,,ba54b974,.wav,legacy_session,ok
raw/mandarin-tone-recordings/audio_fixed_abe/p070/session_59995693a421/0317_ji2_ji_e2b31e22.wav,tone_labeled,p070,session_59995693a421,0317,,ji2,ji,2,,e2b31e22,.wav,legacy_session,ok
raw/mandarin-tone-recordings/audio_fixed_abe/p070/session_59995693a421/0318_yang1_yang_6d2541a6.wav,tone_labeled,p070,session_59995693a421,0318,,yang1,yang,1,,6d2541a6,.wav,legacy_session,ok
raw/mandarin-tone-recordings/audio_fixed_abe/p070/session_59995693a421/0319_peng2_peng_0a89db7e.wav,tone_labeled,p070,session_59995693a421,0319,,peng2,peng,2,,0a89db7e,.wav,legacy_session,ok
raw/mandarin-tone-recordings/audio_fixed_abe/p070/session_59995693a421/0320_nie2_nie_5c1718d0.wav,tone_labeled,p070,session_59995693a421,0320,,nie2,nie,2,,5c1718d0,.wav,legacy_session,ok
raw/mandarin-tone-recordings/audio_fixed_abe/p070/session_59995693a421/0321_kuai3_kuai_83fab70f.wav,tone_labeled,p070,session_59995693a421,0321,,kuai3,kuai,3,,83fab70f,.wav,legacy_session,ok
raw/mandarin-tone-recordings/audio_fixed_abe/p070/session_59995693a421/0322_yi2_yi_c6e242b2.wav,tone_labeled,p070,session_59995693a421,0322,,yi2,yi,2,,c6e242b2,.wav,legacy_session,ok
raw/mandarin-tone-recordings/audio_fixed_abe/p070/session_59995693a421/0323_liao4_liao_7a26625b.wav,tone_labeled,p070,session_59995693a421,0323,,liao4,liao,4,,7a26625b,.wav,legacy_session,ok
raw/mandarin-tone-recordings/audio_fixed_abe/p070/session_59995693a421/0324_zeng3_zeng_000771d9.wav,tone_labeled,p070,session_59995693a421,0324,,zeng3,zeng,3,,000771d9,.wav,legacy_session,ok
raw/mandarin-tone-recordings/audio_fixed_abe/p070/session_59995693a421/0325_yve2_yve_0b67b85c.wav,tone_labeled,p070,session_59995693a421,0325,,yve2,yve,2,,0b67b85c,.wav,legacy_session,ok
raw/mandarin-tone-recordings/audio_fixed_abe/p070/session_59995693a421/0326_jie1_jie_93750dcb.wav,tone_labeled,p070,session_59995693a421,0326,,jie1,jie,1,,93750dcb,.wav,legacy_session,ok
raw/mandarin-tone-recordings/audio_fixed_abe/p070/session_59995693a421/0327_bei1_bei_32224bb6.wav,tone_labeled,p070,session_59995693a421,0327,,bei1,bei,1,,32224bb6,.wav,legacy_session,ok
raw/mandarin-tone-recordings/audio_fixed_abe/p070/session_59995693a421/0328_sang3_sang_4cd532a9.wav,tone_labeled,p070,session_59995693a421,0328,,sang3,sang,3,,4cd532a9,.wav,legacy_session,ok
raw/mandarin-tone-recordings/audio_fixed_abe/p070/session_59995693a421/0329_ce3_ce_e103f3f6.wav,tone_labeled,p070,session_59995693a421,0329,,ce3,ce,3,,e103f3f6,.wav,legacy_session,ok
raw/mandarin-tone-recordings/audio_fixed_abe/p070/session_59995693a421/0330_zui2_zui_37aa7eb0.wav,tone_labeled,p070,session_59995693a421,0330,,zui2,zui,2,,37aa7eb0,.wav,legacy_session,ok
raw/mandarin-tone-recordings/audio_fixed_abe/p070/session_59995693a421/0331_fo1_fo_8f8e5c59.wav,tone_labeled,p070,session_59995693a421,0331,,fo1,fo,1,,8f8e5c59,.wav,legacy_session,ok
raw/mandarin-tone-recordings/audio_fixed_abe/p070/session_59995693a421/0332_zhu4_zhu_748dc7fe.wav,tone_labeled,p070,session_59995693a421,0332,,zhu4,zhu,4,,748dc7fe,.wav,legacy_session,ok
raw/mandarin-tone-recordings/audio_fixed_abe/p070/session_59995693a421/0333_ze4_ze_e5aaa04b.wav,tone_labeled,p070,session_59995693a421,0333,,ze4,ze,4,,e5aaa04b,.wav,legacy_session,ok
raw/mandarin-tone-recordings/audio_fixed_abe/p070/session_59995693a421/0334_you2_you_6f572e21.wav,tone_labeled,p070,session_59995693a421,0334,,you2,you,2,,6f572e21,.wav,legacy_session,ok
raw/mandarin-tone-recordings/audio_fixed_abe/p070/session_59995693a421/0335_sa4_sa_638e2b0c.wav,tone_labeled,p070,session_59995693a421,0335,,sa4,sa,4,,638e2b0c,.wav,legacy_session,ok
raw/mandarin-tone-recordings/audio_fixed_abe/p070/session_59995693a421/0336_zheng2_zheng_781dad9d.wav,tone_labeled,p070,session_59995693a421,0336,,zheng2,zheng,2,,781dad9d,.wav,legacy_session,ok
raw/mandarin-tone-recordings/audio_fixed_abe/p070/session_59995693a421/0337_tuan4_tuan_a92611e6.wav,tone_labeled,p070,session_59995693a421,0337,,tuan4,tuan,4,,a92611e6,.wav,legacy_session,ok
raw/mandarin-tone-recordings/audio_fixed_abe/p070/session_59995693a421/0338_e1_e_b5201dd9.wav,tone_labeled,p070,session_59995693a421,0338,,e1,e,1,,b5201dd9,.wav,legacy_session,ok
raw/mandarin-tone-recordings/audio_fixed_abe/p070/session_59995693a421/0339_di3_di_bc9f1ec0.wav,tone_labeled,p070,session_59995693a421,0339,,di3,di,3,,bc9f1ec0,.wav,legacy_session,ok
raw/mandarin-tone-recordings/audio_fixed_abe/p070/session_59995693a421/0340_pa3_pa_9acc7621.wav,tone_labeled,p070,session_59995693a421,0340,,pa3,pa,3,,9acc7621,.wav,legacy_session,ok
raw/mandarin-tone-recordings/audio_fixed_abe/p070/session_59995693a421/0341_chuan4_chuan_90864bb4.wav,tone_labeled,p070,session_59995693a421,0341,,chuan4,chuan,4,,90864bb4,.wav,legacy_session,ok
raw/mandarin-tone-recordings/audio_fixed_abe/p070/session_59995693a421/0342_sao1_sao_e35fb4cf.wav,tone_labeled,p070,session_59995693a421,0342,,sao1,sao,1,,e35fb4cf,.wav,legacy_session,ok
raw/mandarin-tone-recordings/audio_fixed_abe/p070/session_59995693a421/0343_wang4_wang_a9a1349f.wav,tone_labeled,p070,session_59995693a421,0343,,wang4,wang,4,,a9a1349f,.wav,legacy_session,ok
raw/mandarin-tone-recordings/audio_fixed_abe/p070/session_59995693a421/0344_yv2_yv_eb61ce06.wav,tone_labeled,p070,session_59995693a421,0344,,yv2,yv,2,,eb61ce06,.wav,legacy_session,ok
raw/mandarin-tone-recordings/audio_fixed_abe/p070/session_59995693a421/0345_keng2_keng_a6482511.wav,tone_labeled,p070,session_59995693a421,0345,,keng2,keng,2,,a6482511,.wav,legacy_session,ok
raw/mandarin-tone-recordings/audio_fixed_abe/p070/session_59995693a421/0346_cha3_cha_f9945b09.wav,tone_labeled,p070,session_59995693a421,0346,,cha3,cha,3,,f9945b09,.wav,legacy_session,ok
raw/mandarin-tone-recordings/audio_fixed_abe/p070/session_59995693a421/0347_chuai3_chuai_3d7bf6fe.wav,tone_labeled,p070,session_59995693a421,0347,,chuai3,chuai,3,,3d7bf6fe,.wav,legacy_session,ok
raw/mandarin-tone-recordings/audio_fixed_abe/p070/session_59995693a421/0348_guan3_guan_89704554.wav,tone_labeled,p070,session_59995693a421,0348,,guan3,guan,3,,89704554,.wav,legacy_session,ok
raw/mandarin-tone-recordings/audio_fixed_abe/p070/session_59995693a421/0349_kui2_kui_64a3c285.wav,tone_labeled,p070,session_59995693a421,0349,,kui2,kui,2,,64a3c285,.wav,legacy_session,ok
raw/mandarin-tone-recordings/audio_fixed_abe/p070/session_59995693a421/0350_xv4_xv_78df2a22.wav,tone_labeled,p070,session_59995693a421,0350,,xv4,xv,4,,78df2a22,.wav,legacy_session,ok
raw/mandarin-tone-recordings/audio_fixed_abe/p070/session_59995693a421/0351_zhe1_zhe_41b6d424.wav,tone_labeled,p070,session_59995693a421,0351,,zhe1,zhe,1,,41b6d424,.wav,legacy_session,ok
raw/mandarin-tone-recordings/audio_fixed_abe/p070/session_59995693a421/0352_sao2_sao_d35c6e4c.wav,tone_labeled,p070,session_59995693a421,0352,,sao2,sao,2,,d35c6e4c,.wav,legacy_session,ok
raw/mandarin-tone-recordings/audio_fixed_abe/p070/session_59995693a421/0353_zi3_zi_e68c6664.wav,tone_labeled,p070,session_59995693a421,0353,,zi3,zi,3,,e68c6664,.wav,legacy_session,ok
raw/mandarin-tone-recordings/audio_fixed_abe/p070/session_59995693a421/0354_da1_da_b5ce4f65.wav,tone_labeled,p070,session_59995693a421,0354,,da1,da,1,,b5ce4f65,.wav,legacy_session,ok
raw/mandarin-tone-recordings/audio_fixed_abe/p070/session_59995693a421/0355_guang3_guang_5d30c6f1.wav,tone_labeled,p070,session_59995693a421,0355,,guang3,guang,3,,5d30c6f1,.wav,legacy_session,ok
raw/mandarin-tone-recordings/audio_fixed_abe/p070/session_59995693a421/0356_zhuan1_zhuan_29f6d4a0.wav,tone_labeled,p070,session_59995693a421,0356,,zhuan1,zhuan,1,,29f6d4a0,.wav,legacy_session,ok
raw/mandarin-tone-recordings/audio_fixed_abe/p070/session_59995693a421/0357_shuang1_shuang_071f7e46.wav,tone_labeled,p070,session_59995693a421,0357,,shuang1,shuang,1,,071f7e46,.wav,legacy_session,ok
raw/mandarin-tone-recordings/audio_fixed_abe/p070/session_59995693a421/0358_zong3_zong_ab00e60a.wav,tone_labeled,p070,session_59995693a421,0358,,zong3,zong,3,,ab00e60a,.wav,legacy_session,ok
raw/mandarin-tone-recordings/audio_fixed_abe/p070/session_59995693a421/0359_zhen3_zhen_fe54a810.wav,tone_labeled,p070,session_59995693a421,0359,,zhen3,zhen,3,,fe54a810,.wav,legacy_session,ok
raw/mandarin-tone-recordings/audio_fixed_abe/p070/session_59995693a421/0360_kou4_kou_3e7b5789.wav,tone_labeled,p070,session_59995693a421,0360,,kou4,kou,4,,3e7b5789,.wav,legacy_session,ok
raw/mandarin-tone-recordings/audio_fixed_abe/p070/session_59995693a421/0361_bi4_bi_6695913d.wav,tone_labeled,p070,session_59995693a421,0361,,bi4,bi,4,,6695913d,.wav,legacy_session,ok
raw/mandarin-tone-recordings/audio_fixed_abe/p070/session_59995693a421/0362_nuo3_nuo_2dba9255.wav,tone_labeled,p070,session_59995693a421,0362,,nuo3,nuo,3,,2dba9255,.wav,legacy_session,ok
raw/mandarin-tone-recordings/audio_fixed_abe/p070/session_59995693a421/0363_lun1_lun_38c31f48.wav,tone_labeled,p070,session_59995693a421,0363,,lun1,lun,1,,38c31f48,.wav,legacy_session,ok
raw/mandarin-tone-recordings/audio_fixed_abe/p070/session_59995693a421/0364_ao1_ao_3ba3580b.wav,tone_labeled,p070,session_59995693a421,0364,,ao1,ao,1,,3ba3580b,.wav,legacy_session,ok
raw/mandarin-tone-recordings/audio_fixed_abe/p070/session_59995693a421/0365_shuo2_shuo_ee2b7323.wav,tone_labeled,p070,session_59995693a421,0365,,shuo2,shuo,2,,ee2b7323,.wav,legacy_session,ok
raw/mandarin-tone-recordings/audio_fixed_abe/p070/session_59995693a421/0366_rui4_rui_11ffd7ef.wav,tone_labeled,p070,session_59995693a421,0366,,rui4,rui,4,,11ffd7ef,.wav,legacy_session,ok
raw/mandarin-tone-recordings/audio_fixed_abe/p070/session_59995693a421/0367_rui1_rui_c671a7ad.wav,tone_labeled,p070,session_59995693a421,0367,,rui1,rui,1,,c671a7ad,.wav,legacy_session,ok
raw/mandarin-tone-recordings/audio_fixed_abe/p070/session_59995693a421/0368_tao2_tao_7d633566.wav,tone_labeled,p070,session_59995693a421,0368,,tao2,tao,2,,7d633566,.wav,legacy_session,ok
raw/mandarin-tone-recordings/audio_fixed_abe/p070/session_59995693a421/0369_ri2_row0358_ri_9e32471a.wav,tone_labeled,p070,session_59995693a421,0369,,ri2,ri,2,,9e32471a,.wav,legacy_session,ok
raw/mandarin-tone-recordings/audio_fixed_abe/p070/session_59995693a421/0370_hui1_hui_bf273760.wav,tone_labeled,p070,session_59995693a421,0370,,hui1,hui,1,,bf273760,.wav,legacy_session,ok
raw/mandarin-tone-recordings/audio_fixed_abe/p070/session_59995693a421/0371_chua1_chua_fbae478c.wav,tone_labeled,p070,session_59995693a421,0371,,chua1,chua,1,,fbae478c,.wav,legacy_session,ok
raw/mandarin-tone-recordings/audio_fixed_abe/p070/session_59995693a421/0372_lv1_lv_c2bbd303.wav,tone_labeled,p070,session_59995693a421,0372,,lv1,lv,1,,c2bbd303,.wav,legacy_session,ok
raw/mandarin-tone-recordings/audio_fixed_abe/p070/session_59995693a421/0373_long2_long_6cc66b12.wav,tone_labeled,p070,session_59995693a421,0373,,long2,long,2,,6cc66b12,.wav,legacy_session,ok
raw/mandarin-tone-recordings/audio_fixed_abe/p070/session_59995693a421/0374_liu3_liu_a14b0121.wav,tone_labeled,p070,session_59995693a421,0374,,liu3,liu,3,,a14b0121,.wav,legacy_session,ok
raw/mandarin-tone-recordings/audio_fixed_abe/p070/session_59995693a421/0375_kang2_kang_510ecd64.wav,tone_labeled,p070,session_59995693a421,0375,,kang2,kang,2,,510ecd64,.wav,legacy_session,ok
raw/mandarin-tone-recordings/audio_fixed_abe/p070/session_59995693a421/0376_gui3_gui_af730860.wav,tone_labeled,p070,session_59995693a421,0376,,gui3,gui,3,,af730860,.wav,legacy_session,ok
raw/mandarin-tone-recordings/audio_fixed_abe/p070/session_59995693a421/0377_xv2_xv_8b202d29.wav,tone_labeled,p070,session_59995693a421,0377,,xv2,xv,2,,8b202d29,.wav,legacy_session,ok
raw/mandarin-tone-recordings/audio_fixed_abe/p070/session_59995693a421/0378_die3_die_4baf4c19.wav,tone_labeled,p070,session_59995693a421,0378,,die3,die,3,,4baf4c19,.wav,legacy_session,ok
raw/mandarin-tone-recordings/audio_fixed_abe/p070/session_59995693a421/0379_ben2_ben_9afb6314.wav,tone_labeled,p070,session_59995693a421,0379,,ben2,ben,2,,9afb6314,.wav,legacy_session,ok
raw/mandarin-tone-recordings/audio_fixed_abe/p070/session_59995693a421/0380_bang2_bang_db6c14f0.wav,tone_labeled,p070,session_59995693a421,0380,,bang2,bang,2,,db6c14f0,.wav,legacy_session,ok
raw/mandarin-tone-recordings/audio_fixed_abe/p070/session_59995693a421/0381_shuan2_shuan_d8885f39.wav,tone_labeled,p070,session_59995693a421,0381,,shuan2,shuan,2,,d8885f39,.wav,legacy_session,ok
raw/mandarin-tone-recordings/audio_fixed_abe/p070/session_59995693a421/0382_mian4_mian_687f85ed.wav,tone_labeled,p070,session_59995693a421,0382,,mian4,mian,4,,687f85ed,.wav,legacy_session,ok
raw/mandarin-tone-recordings/audio_fixed_abe/p070/session_59995693a421/0383_ne3_ne_8763c926.wav,tone_labeled,p070,session_59995693a421,0383,,ne3,ne,3,,8763c926,.wav,legacy_session,ok
raw/mandarin-tone-recordings/audio_fixed_abe/p070/session_59995693a421/0384_ming2_ming_d131877d.wav,tone_labeled,p070,session_59995693a421,0384,,ming2,ming,2,,d131877d,.wav,legacy_session,ok
raw/mandarin-tone-recordings/audio_fixed_abe/p070/session_59995693a421/0385_teng2_teng_cc12195d.wav,tone_labeled,p070,session_59995693a421,0385,,teng2,teng,2,,cc12195d,.wav,legacy_session,ok
raw/mandarin-tone-recordings/audio_fixed_abe/p070/session_59995693a421/0386_sheng1_sheng_3b1f576c.wav,tone_labeled,p070,session_59995693a421,0386,,sheng1,sheng,1,,3b1f576c,.wav,legacy_session,ok
raw/mandarin-tone-recordings/audio_fixed_abe/p070/session_59995693a421/0387_nai2_nai_f2d2babf.wav,tone_labeled,p070,session_59995693a421,0387,,nai2,nai,2,,f2d2babf,.wav,legacy_session,ok
raw/mandarin-tone-recordings/audio_fixed_abe/p070/session_59995693a421/0388_xuan1_xuan_39bacd38.wav,tone_labeled,p070,session_59995693a421,0388,,xuan1,xuan,1,,39bacd38,.wav,legacy_session,ok
raw/mandarin-tone-recordings/audio_fixed_abe/p070/session_59995693a421/0389_han2_han_f94096b4.wav,tone_labeled,p070,session_59995693a421,0389,,han2,han,2,,f94096b4,.wav,legacy_session,ok
raw/mandarin-tone-recordings/audio_fixed_abe/p070/session_59995693a421/0390_ban4_ban_c6eb6b29.wav,tone_labeled,p070,session_59995693a421,0390,,ban4,ban,4,,c6eb6b29,.wav,legacy_session,ok
raw/mandarin-tone-recordings/audio_fixed_abe/p070/session_59995693a421/0391_kong4_kong_380e8dfa.wav,tone_labeled,p070,session_59995693a421,0391,,kong4,kong,4,,380e8dfa,.wav,legacy_session,ok
raw/mandarin-tone-recordings/audio_fixed_abe/p070/session_59995693a421/0392_kan2_kan_72725a8c.wav,tone_labeled,p070,session_59995693a421,0392,,kan2,kan,2,,72725a8c,.wav,legacy_session,ok
raw/mandarin-tone-recordings/audio_fixed_abe/p070/session_59995693a421/0393_eng3_eng_41a5d748.wav,tone_labeled,p070,session_59995693a421,0393,,eng3,eng,3,,41a5d748,.wav,legacy_session,ok
raw/mandarin-tone-recordings/audio_fixed_abe/p070/session_59995693a421/0394_hao1_hao_9021774d.wav,tone_labeled,p070,session_59995693a421,0394,,hao1,hao,1,,9021774d,.wav,legacy_session,ok
raw/mandarin-tone-recordings/audio_fixed_abe/p070/session_59995693a421/0395_zhong2_zhong_856ed008.wav,tone_labeled,p070,session_59995693a421,0395,,zhong2,zhong,2,,856ed008,.wav,legacy_session,ok
raw/mandarin-tone-recordings/audio_fixed_abe/p070/session_59995693a421/0396_tun3_tun_c0c91e18.wav,tone_labeled,p070,session_59995693a421,0396,,tun3,tun,3,,c0c91e18,.wav,legacy_session,ok
raw/mandarin-tone-recordings/audio_fixed_abe/p070/session_59995693a421/0397_biang1_biang_70443187.wav,tone_labeled,p070,session_59995693a421,0397,,biang1,biang,1,,70443187,.wav,legacy_session,ok
raw/mandarin-tone-recordings/audio_fixed_abe/p070/session_59995693a421/0398_luo3_luo_fee6a891.wav,tone_labeled,p070,session_59995693a421,0398,,luo3,luo,3,,fee6a891,.wav,legacy_session,ok
raw/mandarin-tone-recordings/audio_fixed_abe/p070/session_59995693a421/0399_na4_na_22bcf54b.wav,tone_labeled,p070,session_59995693a421,0399,,na4,na,4,,22bcf54b,.wav,legacy_session,ok
raw/mandarin-tone-recordings/audio_fixed_abe/p070/session_59995693a421/0400_mian1_mian_4eec02f8.wav,tone_labeled,p070,session_59995693a421,0400,,mian1,mian,1,,4eec02f8,.wav,legacy_session,ok
raw/mandarin-tone-recordings/audio_fixed_abe/p070/session_59995693a421/0401_hen1_hen_5e0b9d94.wav,tone_labeled,p070,session_59995693a421,0401,,hen1,hen,1,,5e0b9d94,.wav,legacy_session,ok
raw/mandarin-tone-recordings/audio_fixed_abe/p070/session_59995693a421/0402_duan3_duan_b19bbbb0.wav,tone_labeled,p070,session_59995693a421,0402,,duan3,duan,3,,b19bbbb0,.wav,legacy_session,ok
raw/mandarin-tone-recordings/audio_fixed_abe/p070/session_59995693a421/0403_yo2_yo_d269ebfa.wav,tone_labeled,p070,session_59995693a421,0403,,yo2,yo,2,,d269ebfa,.wav,legacy_session,ok
raw/mandarin-tone-recordings/audio_fixed_abe/p070/session_59995693a421/0404_po4_po_c9074b67.wav,tone_labeled,p070,session_59995693a421,0404,,po4,po,4,,c9074b67,.wav,legacy_session,ok
raw/mandarin-tone-recordings/audio_fixed_abe/p070/session_59995693a421/0405_hen4_hen_0cb04b5d.wav,tone_labeled,p070,session_59995693a421,0405,,hen4,hen,4,,0cb04b5d,.wav,legacy_session,ok
raw/mandarin-tone-recordings/audio_fixed_abe/p070/session_59995693a421/0406_niu1_niu_0bcc6a51.wav,tone_labeled,p070,session_59995693a421,0406,,niu1,niu,1,,0bcc6a51,.wav,legacy_session,ok
raw/mandarin-tone-recordings/audio_fixed_abe/p070/session_59995693a421/0407_rou4_rou_04cf9693.wav,tone_labeled,p070,session_59995693a421,0407,,rou4,rou,4,,04cf9693,.wav,legacy_session,ok
raw/mandarin-tone-recordings/audio_fixed_abe/p070/session_59995693a421/0408_lian1_lian_794c38fe.wav,tone_labeled,p070,session_59995693a421,0408,,lian1,lian,1,,794c38fe,.wav,legacy_session,ok
raw/mandarin-tone-recordings/audio_fixed_abe/p070/session_59995693a421/0409_bian2_bian_6a8ea48b.wav,tone_labeled,p070,session_59995693a421,0409,,bian2,bian,2,,6a8ea48b,.wav,legacy_session,ok
raw/mandarin-tone-recordings/audio_fixed_abe/p070/session_59995693a421/0410_biao4_biao_9eda34fd.wav,tone_labeled,p070,session_59995693a421,0410,,biao4,biao,4,,9eda34fd,.wav,legacy_session,ok
raw/mandarin-tone-recordings/audio_fixed_abe/p070/session_59995693a421/0411_qian3_qian_05c40561.wav,tone_labeled,p070,session_59995693a421,0411,,qian3,qian,3,,05c40561,.wav,legacy_session,ok
raw/mandarin-tone-recordings/audio_fixed_abe/p070/session_59995693a421/0412_cao2_cao_1ed9c57c.wav,tone_labeled,p070,session_59995693a421,0412,,cao2,cao,2,,1ed9c57c,.wav,legacy_session,ok
raw/mandarin-tone-recordings/audio_fixed_abe/p070/session_59995693a421/0413_pou1_pou_a8960e04.wav,tone_labeled,p070,session_59995693a421,0413,,pou1,pou,1,,a8960e04,.wav,legacy_session,ok
raw/mandarin-tone-recordings/audio_fixed_abe/p070/session_59995693a421/0414_chuo2_chuo_bb6e9b96.wav,tone_labeled,p070,session_59995693a421,0414,,chuo2,chuo,2,,bb6e9b96,.wav,legacy_session,ok
raw/mandarin-tone-recordings/audio_fixed_abe/p070/session_59995693a421/0415_xing3_xing_92d7961c.wav,tone_labeled,p070,session_59995693a421,0415,,xing3,xing,3,,92d7961c,.wav,legacy_session,ok
raw/mandarin-tone-recordings/audio_fixed_abe/p070/session_59995693a421/0416_ke3_ke_3de442b4.wav,tone_labeled,p070,session_59995693a421,0416,,ke3,ke,3,,3de442b4,.wav,legacy_session,ok
raw/mandarin-tone-recordings/audio_fixed_abe/p070/session_59995693a421/0417_zhong4_zhong_1dedd656.wav,tone_labeled,p070,session_59995693a421,0417,,zhong4,zhong,4,,1dedd656,.wav,legacy_session,ok
raw/mandarin-tone-recordings/audio_fixed_abe/p070/session_59995693a421/0418_yv3_yv_5b1a382a.wav,tone_labeled,p070,session_59995693a421,0418,,yv3,yv,3,,5b1a382a,.wav,legacy_session,ok
raw/mandarin-tone-recordings/audio_fixed_abe/p070/session_59995693a421/0419_neng3_neng_afc9fc36.wav,tone_labeled,p070,session_59995693a421,0419,,neng3,neng,3,,afc9fc36,.wav,legacy_session,ok
raw/mandarin-tone-recordings/audio_fixed_abe/p070/session_59995693a421/0420_mang1_mang_59d4837c.wav,tone_labeled,p070,session_59995693a421,0420,,mang1,mang,1,,59d4837c,.wav,legacy_session,ok
raw/mandarin-tone-recordings/audio_fixed_abe/p070/session_59995693a421/0421_chuan2_chuan_ec47e99e.wav,tone_labeled,p070,session_59995693a421,0421,,chuan2,chuan,2,,ec47e99e,.wav,legacy_session,ok
raw/mandarin-tone-recordings/audio_fixed_abe/p070/session_59995693a421/0422_jvn4_jvn_233ee44e.wav,tone_labeled,p070,session_59995693a421,0422,,jvn4,jvn,4,,233ee44e,.wav,legacy_session,ok
raw/mandarin-tone-recordings/audio_fixed_abe/p070/session_59995693a421/0423_chou2_chou_2bf40be4.wav,tone_labeled,p070,session_59995693a421,0423,,chou2,chou,2,,2bf40be4,.wav,legacy_session,ok
raw/mandarin-tone-recordings/audio_fixed_abe/p070/session_59995693a421/0424_zuo2_zuo_50e32d1f.wav,tone_labeled,p070,session_59995693a421,0424,,zuo2,zuo,2,,50e32d1f,.wav,legacy_session,ok
raw/mandarin-tone-recordings/audio_fixed_abe/p070/session_59995693a421/0425_liao3_liao_b24ce566.wav,tone_labeled,p070,session_59995693a421,0425,,liao3,liao,3,,b24ce566,.wav,legacy_session,ok
raw/mandarin-tone-recordings/audio_fixed_abe/p070/session_59995693a421/0426_fo2_fo_8e9927c6.wav,tone_labeled,p070,session_59995693a421,0426,,fo2,fo,2,,8e9927c6,.wav,legacy_session,ok
raw/mandarin-tone-recordings/audio_fixed_abe/p070/session_59995693a421/0427_se1_se_d0405930.wav,tone_labeled,p070,session_59995693a421,0427,,se1,se,1,,d0405930,.wav,legacy_session,ok
raw/mandarin-tone-recordings/audio_fixed_abe/p070/session_59995693a421/0428_xiang3_xiang_f877549d.wav,tone_labeled,p070,session_59995693a421,0428,,xiang3,xiang,3,,f877549d,.wav,legacy_session,ok
raw/mandarin-tone-recordings/audio_fixed_abe/p070/session_59995693a421/0429_gei3_gei_1fcca1f3.wav,tone_labeled,p070,session_59995693a421,0429,,gei3,gei,3,,1fcca1f3,.wav,legacy_session,ok
raw/mandarin-tone-recordings/audio_fixed_abe/p070/session_59995693a421/0430_ma2_ma_6d4f46d4.wav,tone_labeled,p070,session_59995693a421,0430,,ma2,ma,2,,6d4f46d4,.wav,legacy_session,ok
raw/mandarin-tone-recordings/audio_fixed_abe/p070/session_59995693a421/0431_nei1_nei_9216d773.wav,tone_labeled,p070,session_59995693a421,0431,,nei1,nei,1,,9216d773,.wav,legacy_session,ok
raw/mandarin-tone-recordings/audio_fixed_abe/p070/session_59995693a421/0432_zao2_zao_16cfc276.wav,tone_labeled,p070,session_59995693a421,0432,,zao2,zao,2,,16cfc276,.wav,legacy_session,ok
raw/mandarin-tone-recordings/audio_fixed_abe/p070/session_59995693a421/0433_kei3_kei_5abeff38.wav,tone_labeled,p070,session_59995693a421,0433,,kei3,kei,3,,5abeff38,.wav,legacy_session,ok
raw/mandarin-tone-recordings/audio_fixed_abe/p070/session_59995693a421/0434_sun4_sun_73948f5e.wav,tone_labeled,p070,session_59995693a421,0434,,sun4,sun,4,,73948f5e,.wav,legacy_session,ok
raw/mandarin-tone-recordings/audio_fixed_abe/p070/session_59995693a421/0435_ha1_ha_43f153ca.wav,tone_labeled,p070,session_59995693a421,0435,,ha1,ha,1,,43f153ca,.wav,legacy_session,ok
raw/mandarin-tone-recordings/audio_fixed_abe/p070/session_59995693a421/0436_sha3_sha_d9c996e1.wav,tone_labeled,p070,session_59995693a421,0436,,sha3,sha,3,,d9c996e1,.wav,legacy_session,ok
raw/mandarin-tone-recordings/audio_fixed_abe/p070/session_59995693a421/0437_sai2_sai_4b77c1d0.wav,tone_labeled,p070,session_59995693a421,0437,,sai2,sai,2,,4b77c1d0,.wav,legacy_session,ok
raw/mandarin-tone-recordings/audio_fixed_abe/p070/session_59995693a421/0438_hang4_hang_caec5c23.wav,tone_labeled,p070,session_59995693a421,0438,,hang4,hang,4,,caec5c23,.wav,legacy_session,ok
raw/mandarin-tone-recordings/audio_fixed_abe/p070/session_59995693a421/0439_kang4_kang_ccb0e14d.wav,tone_labeled,p070,session_59995693a421,0439,,kang4,kang,4,,ccb0e14d,.wav,legacy_session,ok
raw/mandarin-tone-recordings/audio_fixed_abe/p070/session_59995693a421/0440_pai4_pai_d444240f.wav,tone_labeled,p070,session_59995693a421,0440,,pai4,pai,4,,d444240f,.wav,legacy_session,ok
raw/mandarin-tone-recordings/audio_fixed_abe/p070/session_59995693a421/0441_bi3_bi_c2beaa52.wav,tone_labeled,p070,session_59995693a421,0441,,bi3,bi,3,,c2beaa52,.wav,legacy_session,ok
raw/mandarin-tone-recordings/audio_fixed_abe/p070/session_59995693a421/0442_hai3_hai_b14162e5.wav,tone_labeled,p070,session_59995693a421,0442,,hai3,hai,3,,b14162e5,.wav,legacy_session,ok
raw/mandarin-tone-recordings/audio_fixed_abe/p070/session_59995693a421/0443_yve3_yve_cbfa5db3.wav,tone_labeled,p070,session_59995693a421,0443,,yve3,yve,3,,cbfa5db3,.wav,legacy_session,ok
raw/mandarin-tone-recordings/audio_fixed_abe/p070/session_59995693a421/0444_cou3_cou_9f79ac2c.wav,tone_labeled,p070,session_59995693a421,0444,,cou3,cou,3,,9f79ac2c,.wav,legacy_session,ok
raw/mandarin-tone-recordings/audio_fixed_abe/p070/session_59995693a421/0445_jia3_jia_4a5d0646.wav,tone_labeled,p070,session_59995693a421,0445,,jia3,jia,3,,4a5d0646,.wav,legacy_session,ok
raw/mandarin-tone-recordings/audio_fixed_abe/p070/session_59995693a421/0446_cheng2_cheng_7e7479a0.wav,tone_labeled,p070,session_59995693a421,0446,,cheng2,cheng,2,,7e7479a0,.wav,legacy_session,ok
raw/mandarin-tone-recordings/audio_fixed_abe/p070/session_59995693a421/0447_cai2_cai_79fea32d.wav,tone_labeled,p070,session_59995693a421,0447,,cai2,cai,2,,79fea32d,.wav,legacy_session,ok
raw/mandarin-tone-recordings/audio_fixed_abe/p070/session_59995693a421/0448_zei2_zei_cd7dbc41.wav,tone_labeled,p070,session_59995693a421,0448,,zei2,zei,2,,cd7dbc41,.wav,legacy_session,ok
raw/mandarin-tone-recordings/audio_fixed_abe/p070/session_59995693a421/0449_pian4_pian_e1a7782e.wav,tone_labeled,p070,session_59995693a421,0449,,pian4,pian,4,,e1a7782e,.wav,legacy_session,ok
raw/mandarin-tone-recordings/audio_fixed_abe/p070/session_59995693a421/0450_ruo2_ruo_8610b9d0.wav,tone_labeled,p070,session_59995693a421,0450,,ruo2,ruo,2,,8610b9d0,.wav,legacy_session,ok
raw/mandarin-tone-recordings/audio_fixed_abe/p070/session_59995693a421/0451_sha2_sha_61eb9788.wav,tone_labeled,p070,session_59995693a421,0451,,sha2,sha,2,,61eb9788,.wav,legacy_session,ok
raw/mandarin-tone-recordings/audio_fixed_abe/p070/session_59995693a421/0452_hun2_hun_8d16da88.wav,tone_labeled,p070,session_59995693a421,0452,,hun2,hun,2,,8d16da88,.wav,legacy_session,ok
raw/mandarin-tone-recordings/audio_fixed_abe/p070/session_59995693a421/0453_sheng3_sheng_209530ae.wav,tone_labeled,p070,session_59995693a421,0453,,sheng3,sheng,3,,209530ae,.wav,legacy_session,ok
raw/mandarin-tone-recordings/audio_fixed_abe/p070/session_59995693a421/0454_shan4_shan_473673d5.wav,tone_labeled,p070,session_59995693a421,0454,,shan4,shan,4,,473673d5,.wav,legacy_session,ok
raw/mandarin-tone-recordings/audio_fixed_abe/p070/session_59995693a421/0455_ci1_ci_b9030c07.wav,tone_labeled,p070,session_59995693a421,0455,,ci1,ci,1,,b9030c07,.wav,legacy_session,ok
raw/mandarin-tone-recordings/audio_fixed_abe/p070/session_59995693a421/0456_dai2_dai_322d83fc.wav,tone_labeled,p070,session_59995693a421,0456,,dai2,dai,2,,322d83fc,.wav,legacy_session,ok
raw/mandarin-tone-recordings/audio_fixed_abe/p070/session_59995693a421/0457_zen2_zen_4f538373.wav,tone_labeled,p070,session_59995693a421,0457,,zen2,zen,2,,4f538373,.wav,legacy_session,ok
raw/mandarin-tone-recordings/audio_fixed_abe/p070/session_59995693a421/0458_qin4_qin_309c3266.wav,tone_labeled,p070,session_59995693a421,0458,,qin4,qin,4,,309c3266,.wav,legacy_session,ok
raw/mandarin-tone-recordings/audio_fixed_abe/p070/session_59995693a421/0459_run4_run_13af9930.wav,tone_labeled,p070,session_59995693a421,0459,,run4,run,4,,13af9930,.wav,legacy_session,ok
raw/mandarin-tone-recordings/audio_fixed_abe/p070/session_59995693a421/0460_zhao4_zhao_809a6548.wav,tone_labeled,p070,session_59995693a421,0460,,zhao4,zhao,4,,809a6548,.wav,legacy_session,ok
raw/mandarin-tone-recordings/audio_fixed_abe/p070/session_59995693a421/0461_feng3_feng_729603fb.wav,tone_labeled,p070,session_59995693a421,0461,,feng3,feng,3,,729603fb,.wav,legacy_session,ok
raw/mandarin-tone-recordings/audio_fixed_abe/p070/session_59995693a421/0462_ce4_ce_1b876a1c.wav,tone_labeled,p070,session_59995693a421,0462,,ce4,ce,4,,1b876a1c,.wav,legacy_session,ok
raw/mandarin-tone-recordings/audio_fixed_abe/p070/session_59995693a421/0463_meng3_meng_67247a08.wav,tone_labeled,p070,session_59995693a421,0463,,meng3,meng,3,,67247a08,.wav,legacy_session,ok
raw/mandarin-tone-recordings/audio_fixed_abe/p070/session_59995693a421/0464_ze1_ze_7210ba87.wav,tone_labeled,p070,session_59995693a421,0464,,ze1,ze,1,,7210ba87,.wav,legacy_session,ok
raw/mandarin-tone-recordings/audio_fixed_abe/p070/session_59995693a421/0465_yin3_yin_939f3c6e.wav,tone_labeled,p070,session_59995693a421,0465,,yin3,yin,3,,939f3c6e,.wav,legacy_session,ok
raw/mandarin-tone-recordings/audio_fixed_abe/p070/session_59995693a421/0466_lao2_lao_23bca3a1.wav,tone_labeled,p070,session_59995693a421,0466,,lao2,lao,2,,23bca3a1,.wav,legacy_session,ok
raw/mandarin-tone-recordings/audio_fixed_abe/p070/session_59995693a421/0467_song2_song_914bc88f.wav,tone_labeled,p070,session_59995693a421,0467,,song2,song,2,,914bc88f,.wav,legacy_session,ok
raw/mandarin-tone-recordings/audio_fixed_abe/p070/session_59995693a421/0468_nang2_nang_6419104a.wav,tone_labeled,p070,session_59995693a421,0468,,nang2,nang,2,,6419104a,.wav,legacy_session,ok
raw/mandarin-tone-recordings/audio_fixed_abe/p070/session_59995693a421/0469_kuang1_kuang_133cac5c.wav,tone_labeled,p070,session_59995693a421,0469,,kuang1,kuang,1,,133cac5c,.wav,legacy_session,ok
raw/mandarin-tone-recordings/audio_fixed_abe/p070/session_59995693a421/0470_dang4_dang_ce716e86.wav,tone_labeled,p070,session_59995693a421,0470,,dang4,dang,4,,ce716e86,.wav,legacy_session,ok
raw/mandarin-tone-recordings/audio_fixed_abe/p070/session_59995693a421/0471_zuo3_zuo_48658a99.wav,tone_labeled,p070,session_59995693a421,0471,,zuo3,zuo,3,,48658a99,.wav,legacy_session,ok
raw/mandarin-tone-recordings/audio_fixed_abe/p070/session_59995693a421/0472_dia2_dia_d8559a3e.wav,tone_labeled,p070,session_59995693a421,0472,,dia2,dia,2,,d8559a3e,.wav,legacy_session,ok
raw/mandarin-tone-recordings/audio_fixed_abe/p070/session_59995693a421/0473_beng4_beng_d32faf7f.wav,tone_labeled,p070,session_59995693a421,0473,,beng4,beng,4,,d32faf7f,.wav,legacy_session,ok
raw/mandarin-tone-recordings/audio_fixed_abe/p070/session_59995693a421/0474_qiong1_qiong_6643fd26.wav,tone_labeled,p070,session_59995693a421,0474,,qiong1,qiong,1,,6643fd26,.wav,legacy_session,ok
raw/mandarin-tone-recordings/audio_fixed_abe/p070/session_59995693a421/0475_ceng2_ceng_5731e114.wav,tone_labeled,p070,session_59995693a421,0475,,ceng2,ceng,2,,5731e114,.wav,legacy_session,ok
raw/mandarin-tone-recordings/audio_fixed_abe/p070/session_59995693a421/0476_gong4_gong_53e5d9e6.wav,tone_labeled,p070,session_59995693a421,0476,,gong4,gong,4,,53e5d9e6,.wav,legacy_session,ok
raw/mandarin-tone-recordings/audio_fixed_abe/p070/session_59995693a421/0477_ao2_ao_2910a550.wav,tone_labeled,p070,session_59995693a421,0477,,ao2,ao,2,,2910a550,.wav,legacy_session,ok
raw/mandarin-tone-recordings/audio_fixed_abe/p070/session_59995693a421/0478_kua1_kua_3e5e6487.wav,tone_labeled,p070,session_59995693a421,0478,,kua1,kua,1,,3e5e6487,.wav,legacy_session,ok
raw/mandarin-tone-recordings/audio_fixed_abe/p070/session_59995693a421/0479_e2_e_01b5417e.wav,tone_labeled,p070,session_59995693a421,0479,,e2,e,2,,01b5417e,.wav,legacy_session,ok
raw/mandarin-tone-recordings/audio_fixed_abe/p070/session_59995693a421/0480_hai1_hai_916c76bd.wav,tone_labeled,p070,session_59995693a421,0480,,hai1,hai,1,,916c76bd,.wav,legacy_session,ok
raw/mandarin-tone-recordings/audio_fixed_abe/p070/session_59995693a421/0481_lve3_lve_f4f8d0c0.wav,tone_labeled,p070,session_59995693a421,0481,,lve3,lve,3,,f4f8d0c0,.wav,legacy_session,ok
raw/mandarin-tone-recordings/audio_fixed_abe/p070/session_59995693a421/0482_cei1_cei_b2b3d370.wav,tone_labeled,p070,session_59995693a421,0482,,cei1,cei,1,,b2b3d370,.wav,legacy_session,ok
raw/mandarin-tone-recordings/audio_fixed_abe/p070/session_59995693a421/0483_zhou2_zhou_7b875f48.wav,tone_labeled,p070,session_59995693a421,0483,,zhou2,zhou,2,,7b875f48,.wav,legacy_session,ok
raw/mandarin-tone-recordings/audio_fixed_abe/p070/session_59995693a421/0484_sen1_sen_8609ad9b.wav,tone_labeled,p070,session_59995693a421,0484,,sen1,sen,1,,8609ad9b,.wav,legacy_session,ok
raw/mandarin-tone-recordings/audio_fixed_abe/p070/session_59995693a421/0485_xie3_xie_a1e9281c.wav,tone_labeled,p070,session_59995693a421,0485,,xie3,xie,3,,a1e9281c,.wav,legacy_session,ok
raw/mandarin-tone-recordings/audio_fixed_abe/p070/session_59995693a421/0486_shang2_shang_0a9ed3bf.wav,tone_labeled,p070,session_59995693a421,0486,,shang2,shang,2,,0a9ed3bf,.wav,legacy_session,ok
raw/mandarin-tone-recordings/audio_fixed_abe/p070/session_59995693a421/0487_sun1_sun_5a259709.wav,tone_labeled,p070,session_59995693a421,0487,,sun1,sun,1,,5a259709,.wav,legacy_session,ok
raw/mandarin-tone-recordings/audio_fixed_abe/p070/session_59995693a421/0488_qing4_qing_bb953e57.wav,tone_labeled,p070,session_59995693a421,0488,,qing4,qing,4,,bb953e57,.wav,legacy_session,ok
raw/mandarin-tone-recordings/audio_fixed_abe/p070/session_59995693a421/0489_wai2_wai_cd4aafdf.wav,tone_labeled,p070,session_59995693a421,0489,,wai2,wai,2,,cd4aafdf,.wav,legacy_session,ok
raw/mandarin-tone-recordings/audio_fixed_abe/p070/session_59995693a421/0490_jing1_jing_df2a5ed3.wav,tone_labeled,p070,session_59995693a421,0490,,jing1,jing,1,,df2a5ed3,.wav,legacy_session,ok
raw/mandarin-tone-recordings/audio_fixed_abe/p070/session_59995693a421/0491_bing1_bing_154bdc01.wav,tone_labeled,p070,session_59995693a421,0491,,bing1,bing,1,,154bdc01,.wav,legacy_session,ok
raw/mandarin-tone-recordings/audio_fixed_abe/p070/session_59995693a421/0492_tei4_tei_2f184403.wav,tone_labeled,p070,session_59995693a421,0492,,tei4,tei,4,,2f184403,.wav,legacy_session,ok
raw/mandarin-tone-recordings/audio_fixed_abe/p070/session_59995693a421/0493_xi2_xi_fc50b552.wav,tone_labeled,p070,session_59995693a421,0493,,xi2,xi,2,,fc50b552,.wav,legacy_session,ok
raw/mandarin-tone-recordings/audio_fixed_abe/p070/session_59995693a421/0494_gen4_gen_a09f941e.wav,tone_labeled,p070,session_59995693a421,0494,,gen4,gen,4,,a09f941e,.wav,legacy_session,ok
raw/mandarin-tone-recordings/audio_fixed_abe/p070/session_59995693a421/0495_hun1_hun_c8947af9.wav,tone_labeled,p070,session_59995693a421,0495,,hun1,hun,1,,c8947af9,.wav,legacy_session,ok
raw/mandarin-tone-recordings/audio_fixed_abe/p070/session_59995693a421/0496_bi1_bi_6c830831.wav,tone_labeled,p070,session_59995693a421,0496,,bi1,bi,1,,6c830831,.wav,legacy_session,ok
raw/mandarin-tone-recordings/audio_fixed_abe/p070/session_59995693a421/0497_la1_la_dba82cea.wav,tone_labeled,p070,session_59995693a421,0497,,la1,la,1,,dba82cea,.wav,legacy_session,ok
raw/mandarin-tone-recordings/audio_fixed_abe/p070/session_59995693a421/0498_niang1_niang_85b0f763.wav,tone_labeled,p070,session_59995693a421,0498,,niang1,niang,1,,85b0f763,.wav,legacy_session,ok
raw/mandarin-tone-recordings/audio_fixed_abe/p070/session_59995693a421/0499_zha4_zha_cda6a203.wav,tone_labeled,p070,session_59995693a421,0499,,zha4,zha,4,,cda6a203,.wav,legacy_session,ok
raw/mandarin-tone-recordings/audio_fixed_abe/p070/session_59995693a421/0500_hou2_hou_8d2c015f.wav,tone_labeled,p070,session_59995693a421,0500,,hou2,hou,2,,8d2c015f,.wav,legacy_session,ok
raw/mandarin-tone-recordings/audio_fixed_abe/p070/session_59995693a421/0501_ken3_ken_440daa66.wav,tone_labeled,p070,session_59995693a421,0501,,ken3,ken,3,,440daa66,.wav,legacy_session,ok
raw/mandarin-tone-recordings/audio_fixed_abe/p070/session_59995693a421/0502_xv3_xv_ac93faff.wav,tone_labeled,p070,session_59995693a421,0502,,xv3,xv,3,,ac93faff,.wav,legacy_session,ok
raw/mandarin-tone-recordings/audio_fixed_abe/p070/session_59995693a421/0503_nong2_nong_2c58f97f.wav,tone_labeled,p070,session_59995693a421,0503,,nong2,nong,2,,2c58f97f,.wav,legacy_session,ok
raw/mandarin-tone-recordings/audio_fixed_abe/p070/session_59995693a421/0504_fen1_fen_5dec9def.wav,tone_labeled,p070,session_59995693a421,0504,,fen1,fen,1,,5dec9def,.wav,legacy_session,ok
raw/mandarin-tone-recordings/audio_fixed_abe/p070/session_59995693a421/0505_xvan4_xvan_b244f584.wav,tone_labeled,p070,session_59995693a421,0505,,xvan4,xvan,4,,b244f584,.wav,legacy_session,ok
raw/mandarin-tone-recordings/audio_fixed_abe/p070/session_59995693a421/0506_su4_su_50fcaa47.wav,tone_labeled,p070,session_59995693a421,0506,,su4,su,4,,50fcaa47,.wav,legacy_session,ok
raw/mandarin-tone-recordings/audio_fixed_abe/p070/session_59995693a421/0507_long1_long_34e3a86e.wav,tone_labeled,p070,session_59995693a421,0507,,long1,long,1,,34e3a86e,.wav,legacy_session,ok
raw/mandarin-tone-recordings/audio_fixed_abe/p070/session_59995693a421/0508_men2_men_85831062.wav,tone_labeled,p070,session_59995693a421,0508,,men2,men,2,,85831062,.wav,legacy_session,ok
raw/mandarin-tone-recordings/audio_fixed_abe/p070/session_59995693a421/0509_ku4_ku_5cc962ff.wav,tone_labeled,p070,session_59995693a421,0509,,ku4,ku,4,,5cc962ff,.wav,legacy_session,ok
raw/mandarin-tone-recordings/audio_fixed_abe/p070/session_59995693a421/0510_teng4_teng_f7749aa7.wav,tone_labeled,p070,session_59995693a421,0510,,teng4,teng,4,,f7749aa7,.wav,legacy_session,ok
raw/mandarin-tone-recordings/audio_fixed_abe/p070/session_59995693a421/0511_qi1_qi_9693af37.wav,tone_labeled,p070,session_59995693a421,0511,,qi1,qi,1,,9693af37,.wav,legacy_session,ok
raw/mandarin-tone-recordings/audio_fixed_abe/p070/session_59995693a421/0512_xvn4_xvn_ce29a814.wav,tone_labeled,p070,session_59995693a421,0512,,xvn4,xvn,4,,ce29a814,.wav,legacy_session,ok
raw/mandarin-tone-recordings/audio_fixed_abe/p070/session_59995693a421/0513_hei4_hei_695c77c5.wav,tone_labeled,p070,session_59995693a421,0513,,hei4,hei,4,,695c77c5,.wav,legacy_session,ok
raw/mandarin-tone-recordings/audio_fixed_abe/p070/session_59995693a421/0514_tei1_tei_fcbea3c3.wav,tone_labeled,p070,session_59995693a421,0514,,tei1,tei,1,,fcbea3c3,.wav,legacy_session,ok
raw/mandarin-tone-recordings/audio_fixed_abe/p070/session_59995693a421/0515_dei2_dei_fdb939d7.wav,tone_labeled,p070,session_59995693a421,0515,,dei2,dei,2,,fdb939d7,.wav,legacy_session,ok
raw/mandarin-tone-recordings/audio_fixed_abe/p070/session_59995693a421/0516_luo4_luo_4ad94f29.wav,tone_labeled,p070,session_59995693a421,0516,,luo4,luo,4,,4ad94f29,.wav,legacy_session,ok
raw/mandarin-tone-recordings/audio_fixed_abe/p070/session_59995693a421/0517_wa1_wa_d95cdf50.wav,tone_labeled,p070,session_59995693a421,0517,,wa1,wa,1,,d95cdf50,.wav,legacy_session,ok
raw/mandarin-tone-recordings/audio_fixed_abe/p070/session_59995693a421/0518_hui3_hui_0661efe2.wav,tone_labeled,p070,session_59995693a421,0518,,hui3,hui,3,,0661efe2,.wav,legacy_session,ok
raw/mandarin-tone-recordings/audio_fixed_abe/p070/session_59995693a421/0519_ci2_ci_3a2f4f01.wav,tone_labeled,p070,session_59995693a421,0519,,ci2,ci,2,,3a2f4f01,.wav,legacy_session,ok
raw/mandarin-tone-recordings/audio_fixed_abe/p070/session_59995693a421/0520_lei2_lei_b92ef788.wav,tone_labeled,p070,session_59995693a421,0520,,lei2,lei,2,,b92ef788,.wav,legacy_session,ok
raw/mandarin-tone-recordings/audio_fixed_abe/p070/session_59995693a421/0521_mie4_mie_eba80329.wav,tone_labeled,p070,session_59995693a421,0521,,mie4,mie,4,,eba80329,.wav,legacy_session,ok
raw/mandarin-tone-recordings/audio_fixed_abe/p070/session_59995693a421/0522_zhuan2_zhuan_20595cec.wav,tone_labeled,p070,session_59995693a421,0522,,zhuan2,zhuan,2,,20595cec,.wav,legacy_session,ok
raw/mandarin-tone-recordings/audio_fixed_abe/p070/session_59995693a421/0523_zi1_zi_dfffcdbe.wav,tone_labeled,p070,session_59995693a421,0523,,zi1,zi,1,,dfffcdbe,.wav,legacy_session,ok
raw/mandarin-tone-recordings/audio_fixed_abe/p070/session_59995693a421/0524_mang3_mang_57437188.wav,tone_labeled,p070,session_59995693a421,0524,,mang3,mang,3,,57437188,.wav,legacy_session,ok
raw/mandarin-tone-recordings/audio_fixed_abe/p070/session_59995693a421/0525_lan4_lan_0738aa5b.wav,tone_labeled,p070,session_59995693a421,0525,,lan4,lan,4,,0738aa5b,.wav,legacy_session,ok
raw/mandarin-tone-recordings/audio_fixed_abe/p070/session_59995693a421/0526_zhao1_zhao_4f4a40cf.wav,tone_labeled,p070,session_59995693a421,0526,,zhao1,zhao,1,,4f4a40cf,.wav,legacy_session,ok
raw/mandarin-tone-recordings/audio_fixed_abe/p070/session_59995693a421/0527_qia4_qia_29366d9f.wav,tone_labeled,p070,session_59995693a421,0527,,qia4,qia,4,,29366d9f,.wav,legacy_session,ok
raw/mandarin-tone-recordings/audio_fixed_abe/p070/session_59995693a421/0528_nou1_nou_c86d91c8.wav,tone_labeled,p070,session_59995693a421,0528,,nou1,nou,1,,c86d91c8,.wav,legacy_session,ok
raw/mandarin-tone-recordings/audio_fixed_abe/p070/session_59995693a421/0529_jvan3_jvan_b657cdd7.wav,tone_labeled,p070,session_59995693a421,0529,,jvan3,jvan,3,,b657cdd7,.wav,legacy_session,ok
raw/mandarin-tone-recordings/audio_fixed_abe/p070/session_59995693a421/0530_heng4_heng_d9464f94.wav,tone_labeled,p070,session_59995693a421,0530,,heng4,heng,4,,d9464f94,.wav,legacy_session,ok
raw/mandarin-tone-recordings/audio_fixed_abe/p070/session_59995693a421/0531_hai4_hai_bc0ee453.wav,tone_labeled,p070,session_59995693a421,0531,,hai4,hai,4,,bc0ee453,.wav,legacy_session,ok
raw/mandarin-tone-recordings/audio_fixed_abe/p070/session_59995693a421/0532_zu3_zu_15ad7bc6.wav,tone_labeled,p070,session_59995693a421,0532,,zu3,zu,3,,15ad7bc6,.wav,legacy_session,ok
raw/mandarin-tone-recordings/audio_fixed_abe/p070/session_59995693a421/0533_huo3_huo_eca04f35.wav,tone_labeled,p070,session_59995693a421,0533,,huo3,huo,3,,eca04f35,.wav,legacy_session,ok
raw/mandarin-tone-recordings/audio_fixed_abe/p070/session_59995693a421/0534_ha4_ha_1a1140cb.wav,tone_labeled,p070,session_59995693a421,0534,,ha4,ha,4,,1a1140cb,.wav,legacy_session,ok
raw/mandarin-tone-recordings/audio_fixed_abe/p070/session_59995693a421/0535_jin1_jin_0b2af01c.wav,tone_labeled,p070,session_59995693a421,0535,,jin1,jin,1,,0b2af01c,.wav,legacy_session,ok
raw/mandarin-tone-recordings/audio_fixed_abe/p070/session_59995693a421/0536_an1_an_6b66eab2.wav,tone_labeled,p070,session_59995693a421,0536,,an1,an,1,,6b66eab2,.wav,legacy_session,ok
raw/mandarin-tone-recordings/audio_fixed_abe/p070/session_59995693a421/0537_bao3_bao_da1f5282.wav,tone_labeled,p070,session_59995693a421,0537,,bao3,bao,3,,da1f5282,.wav,legacy_session,ok
raw/mandarin-tone-recordings/audio_fixed_abe/p070/session_59995693a421/0538_yi1_yi_4a25427b.wav,tone_labeled,p070,session_59995693a421,0538,,yi1,yi,1,,4a25427b,.wav,legacy_session,ok
raw/mandarin-tone-recordings/audio_fixed_abe/p070/session_59995693a421/0539_xve1_xve_44cf1a5c.wav,tone_labeled,p070,session_59995693a421,0539,,xve1,xve,1,,44cf1a5c,.wav,legacy_session,ok
raw/mandarin-tone-recordings/audio_fixed_abe/p070/session_59995693a421/0540_duan4_duan_7f2dce3b.wav,tone_labeled,p070,session_59995693a421,0540,,duan4,duan,4,,7f2dce3b,.wav,legacy_session,ok
raw/mandarin-tone-recordings/audio_fixed_abe/p070/session_59995693a421/0541_quan2_quan_0717c358.wav,tone_labeled,p070,session_59995693a421,0541,,quan2,quan,2,,0717c358,.wav,legacy_session,ok
raw/mandarin-tone-recordings/audio_fixed_abe/p070/session_59995693a421/0542_ma1_ma_979058bf.wav,tone_labeled,p070,session_59995693a421,0542,,ma1,ma,1,,979058bf,.wav,legacy_session,ok
raw/mandarin-tone-recordings/audio_fixed_abe/p070/session_59995693a421/0543_xvn1_xvn_a4207a01.wav,tone_labeled,p070,session_59995693a421,0543,,xvn1,xvn,1,,a4207a01,.wav,legacy_session,ok
raw/mandarin-tone-recordings/audio_fixed_abe/p070/session_59995693a421/0544_zhuai3_zhuai_510ade8a.wav,tone_labeled,p070,session_59995693a421,0544,,zhuai3,zhuai,3,,510ade8a,.wav,legacy_session,ok
raw/mandarin-tone-recordings/audio_fixed_abe/p070/session_59995693a421/0545_cuo2_cuo_fcc41147.wav,tone_labeled,p070,session_59995693a421,0545,,cuo2,cuo,2,,fcc41147,.wav,legacy_session,ok
raw/mandarin-tone-recordings/audio_fixed_abe/p070/session_59995693a421/0546_xun2_xun_3c7bd299.wav,tone_labeled,p070,session_59995693a421,0546,,xun2,xun,2,,3c7bd299,.wav,legacy_session,ok
raw/mandarin-tone-recordings/audio_fixed_abe/p070/session_59995693a421/0547_shu1_shu_86a8f737.wav,tone_labeled,p070,session_59995693a421,0547,,shu1,shu,1,,86a8f737,.wav,legacy_session,ok
raw/mandarin-tone-recordings/audio_fixed_abe/p070/session_59995693a421/0548_ying1_ying_248864df.wav,tone_labeled,p070,session_59995693a421,0548,,ying1,ying,1,,248864df,.wav,legacy_session,ok
raw/mandarin-tone-recordings/audio_fixed_abe/p070/session_59995693a421/0549_ze3_ze_d2330447.wav,tone_labeled,p070,session_59995693a421,0549,,ze3,ze,3,,d2330447,.wav,legacy_session,ok
raw/mandarin-tone-recordings/audio_fixed_abe/p070/session_59995693a421/0550_meng1_meng_0f2444df.wav,tone_labeled,p070,session_59995693a421,0550,,meng1,meng,1,,0f2444df,.wav,legacy_session,ok
raw/mandarin-tone-recordings/audio_fixed_abe/p070/session_59995693a421/0551_ba4_ba_50281a65.wav,tone_labeled,p070,session_59995693a421,0551,,ba4,ba,4,,50281a65,.wav,legacy_session,ok
raw/mandarin-tone-recordings/audio_fixed_abe/p070/session_59995693a421/0552_duo4_duo_aea6ef47.wav,tone_labeled,p070,session_59995693a421,0552,,duo4,duo,4,,aea6ef47,.wav,legacy_session,ok
raw/mandarin-tone-recordings/audio_fixed_abe/p070/session_59995693a421/0553_miao1_miao_a0ed65aa.wav,tone_labeled,p070,session_59995693a421,0553,,miao1,miao,1,,a0ed65aa,.wav,legacy_session,ok
raw/mandarin-tone-recordings/audio_fixed_abe/p070/session_59995693a421/0554_cong3_cong_9fcb7e2f.wav,tone_labeled,p070,session_59995693a421,0554,,cong3,cong,3,,9fcb7e2f,.wav,legacy_session,ok
raw/mandarin-tone-recordings/audio_fixed_abe/p070/session_59995693a421/0555_rou3_rou_2291188b.wav,tone_labeled,p070,session_59995693a421,0555,,rou3,rou,3,,2291188b,.wav,legacy_session,ok
raw/mandarin-tone-recordings/audio_fixed_abe/p070/session_59995693a421/0556_fiao2_fiao_5eaddc43.wav,tone_labeled,p070,session_59995693a421,0556,,fiao2,fiao,2,,5eaddc43,.wav,legacy_session,ok
raw/mandarin-tone-recordings/audio_fixed_abe/p070/session_59995693a421/0557_gua1_gua_a39541fe.wav,tone_labeled,p070,session_59995693a421,0557,,gua1,gua,1,,a39541fe,.wav,legacy_session,ok
raw/mandarin-tone-recordings/audio_fixed_abe/p070/session_59995693a421/0558_ming3_ming_ad1e239c.wav,tone_labeled,p070,session_59995693a421,0558,,ming3,ming,3,,ad1e239c,.wav,legacy_session,ok
raw/mandarin-tone-recordings/audio_fixed_abe/p070/session_59995693a421/0559_hei2_hei_f5488225.wav,tone_labeled,p070,session_59995693a421,0559,,hei2,hei,2,,f5488225,.wav,legacy_session,ok
raw/mandarin-tone-recordings/audio_fixed_abe/p070/session_59995693a421/0560_rui3_rui_79116286.wav,tone_labeled,p070,session_59995693a421,0560,,rui3,rui,3,,79116286,.wav,legacy_session,ok
raw/mandarin-tone-recordings/audio_fixed_abe/p070/session_59995693a421/0561_mao3_mao_7214d290.wav,tone_labeled,p070,session_59995693a421,0561,,mao3,mao,3,,7214d290,.wav,legacy_session,ok
raw/mandarin-tone-recordings/audio_fixed_abe/p070/session_59995693a421/0562_bang3_bang_5822c84a.wav,tone_labeled,p070,session_59995693a421,0562,,bang3,bang,3,,5822c84a,.wav,legacy_session,ok
raw/mandarin-tone-recordings/audio_fixed_abe/p070/session_59995693a421/0563_qve2_qve_f1a4b88e.wav,tone_labeled,p070,session_59995693a421,0563,,qve2,qve,2,,f1a4b88e,.wav,legacy_session,ok
raw/mandarin-tone-recordings/audio_fixed_abe/p070/session_59995693a421/0564_ji4_ji_e3bf4cb4.wav,tone_labeled,p070,session_59995693a421,0564,,ji4,ji,4,,e3bf4cb4,.wav,legacy_session,ok
raw/mandarin-tone-recordings/audio_fixed_abe/p070/session_59995693a421/0565_nun3_nun_908f8fe9.wav,tone_labeled,p070,session_59995693a421,0565,,nun3,nun,3,,908f8fe9,.wav,legacy_session,ok
raw/mandarin-tone-recordings/audio_fixed_abe/p070/session_59995693a421/0566_jun2_jun_69652a65.wav,tone_labeled,p070,session_59995693a421,0566,,jun2,jun,2,,69652a65,.wav,legacy_session,ok
raw/mandarin-tone-recordings/audio_fixed_abe/p070/session_59995693a421/0567_ge3_ge_5d72c329.wav,tone_labeled,p070,session_59995693a421,0567,,ge3,ge,3,,5d72c329,.wav,legacy_session,ok
raw/mandarin-tone-recordings/audio_fixed_abe/p070/session_59995693a421/0568_rua4_rua_6d893bcf.wav,tone_labeled,p070,session_59995693a421,0568,,rua4,rua,4,,6d893bcf,.wav,legacy_session,ok
raw/mandarin-tone-recordings/audio_fixed_abe/p070/session_59995693a421/0569_nou4_nou_b87bbcad.wav,tone_labeled,p070,session_59995693a421,0569,,nou4,nou,4,,b87bbcad,.wav,legacy_session,ok
raw/mandarin-tone-recordings/audio_fixed_abe/p070/session_59995693a421/0570_mi3_mi_89af19ad.wav,tone_labeled,p070,session_59995693a421,0570,,mi3,mi,3,,89af19ad,.wav,legacy_session,ok
raw/mandarin-tone-recordings/audio_fixed_abe/p070/session_59995693a421/0571_shua4_shua_b79cada1.wav,tone_labeled,p070,session_59995693a421,0571,,shua4,shua,4,,b79cada1,.wav,legacy_session,ok
raw/mandarin-tone-recordings/audio_fixed_abe/p070/session_59995693a421/0572_xia3_xia_6e42afbf.wav,tone_labeled,p070,session_59995693a421,0572,,xia3,xia,3,,6e42afbf,.wav,legacy_session,ok
raw/mandarin-tone-recordings/audio_fixed_abe/p070/session_59995693a421/0573_ha3_ha_48f26e46.wav,tone_labeled,p070,session_59995693a421,0573,,ha3,ha,3,,48f26e46,.wav,legacy_session,ok
raw/mandarin-tone-recordings/audio_fixed_abe/p070/session_59995693a421/0574_lun2_lun_cdd3e8a9.wav,tone_labeled,p070,session_59995693a421,0574,,lun2,lun,2,,cdd3e8a9,.wav,legacy_session,ok
raw/mandarin-tone-recordings/audio_fixed_abe/p070/session_59995693a421/0575_qiao1_qiao_044030fa.wav,tone_labeled,p070,session_59995693a421,0575,,qiao1,qiao,1,,044030fa,.wav,legacy_session,ok
raw/mandarin-tone-recordings/audio_fixed_abe/p070/session_59995693a421/0576_fu1_fu_808ddb4e.wav,tone_labeled,p070,session_59995693a421,0576,,fu1,fu,1,,808ddb4e,.wav,legacy_session,ok
raw/mandarin-tone-recordings/audio_fixed_abe/p070/session_59995693a421/0577_chi4_chi_cd4b37b4.wav,tone_labeled,p070,session_59995693a421,0577,,chi4,chi,4,,cd4b37b4,.wav,legacy_session,ok
raw/mandarin-tone-recordings/audio_fixed_abe/p070/session_59995693a421/0578_da3_da_3f702546.wav,tone_labeled,p070,session_59995693a421,0578,,da3,da,3,,3f702546,.wav,legacy_session,ok
raw/mandarin-tone-recordings/audio_fixed_abe/p070/session_59995693a421/0579_yo1_yo_54e8eb41.wav,tone_labeled,p070,session_59995693a421,0579,,yo1,yo,1,,54e8eb41,.wav,legacy_session,ok
raw/mandarin-tone-recordings/audio_fixed_abe/p070/session_59995693a421/0580_pei3_pei_e8ffccbd.wav,tone_labeled,p070,session_59995693a421,0580,,pei3,pei,3,,e8ffccbd,.wav,legacy_session,ok
raw/mandarin-tone-recordings/audio_fixed_abe/p070/session_59995693a421/0581_ruan4_ruan_d7e821ef.wav,tone_labeled,p070,session_59995693a421,0581,,ruan4,ruan,4,,d7e821ef,.wav,legacy_session,ok
raw/mandarin-tone-recordings/audio_fixed_abe/p070/session_59995693a421/0582_zhen4_zhen_ac2424db.wav,tone_labeled,p070,session_59995693a421,0582,,zhen4,zhen,4,,ac2424db,.wav,legacy_session,ok
raw/mandarin-tone-recordings/audio_fixed_abe/p070/session_59995693a421/0583_jian4_jian_e0f54e5f.wav,tone_labeled,p070,session_59995693a421,0583,,jian4,jian,4,,e0f54e5f,.wav,legacy_session,ok
raw/mandarin-tone-recordings/audio_fixed_abe/p070/session_59995693a421/0584_pi1_pi_7429cda5.wav,tone_labeled,p070,session_59995693a421,0584,,pi1,pi,1,,7429cda5,.wav,legacy_session,ok
raw/mandarin-tone-recordings/audio_fixed_abe/p070/session_59995693a421/0585_nu3_nu_55072565.wav,tone_labeled,p070,session_59995693a421,0585,,nu3,nu,3,,55072565,.wav,legacy_session,ok
raw/mandarin-tone-recordings/audio_fixed_abe/p070/session_59995693a421/0586_duan1_duan_9cca659d.wav,tone_labeled,p070,session_59995693a421,0586,,duan1,duan,1,,9cca659d,.wav,legacy_session,ok
raw/mandarin-tone-recordings/audio_fixed_abe/p070/session_59995693a421/0587_min1_min_2f386cea.wav,tone_labeled,p070,session_59995693a421,0587,,min1,min,1,,2f386cea,.wav,legacy_session,ok
raw/mandarin-tone-recordings/audio_fixed_abe/p070/session_59995693a421/0588_lin1_lin_5b4b6573.wav,tone_labeled,p070,session_59995693a421,0588,,lin1,lin,1,,5b4b6573,.wav,legacy_session,ok
raw/mandarin-tone-recordings/audio_fixed_abe/p070/session_59995693a421/0589_jiao1_jiao_66be7b6f.wav,tone_labeled,p070,session_59995693a421,0589,,jiao1,jiao,1,,66be7b6f,.wav,legacy_session,ok
raw/mandarin-tone-recordings/audio_fixed_abe/p070/session_59995693a421/0590_dia1_dia_11d30bfd.wav,tone_labeled,p070,session_59995693a421,0590,,dia1,dia,1,,11d30bfd,.wav,legacy_session,ok
raw/mandarin-tone-recordings/audio_fixed_abe/p070/session_d523587642f3/0001_chan4_chan_46709e7f.wav,tone_labeled,p070,session_d523587642f3,0001,,chan4,chan,4,,46709e7f,.wav,legacy_session,ok
raw/mandarin-tone-recordings/audio_fixed_abe/p070/session_d523587642f3/0002_gua3_gua_7a52ffc3.wav,tone_labeled,p070,session_d523587642f3,0002,,gua3,gua,3,,7a52ffc3,.wav,legacy_session,ok
raw/mandarin-tone-recordings/audio_fixed_abe/p070/session_d523587642f3/0003_sou4_sou_e2b3972e.wav,tone_labeled,p070,session_d523587642f3,0003,,sou4,sou,4,,e2b3972e,.wav,legacy_session,ok
raw/mandarin-tone-recordings/audio_fixed_abe/p070/session_d523587642f3/0004_na2_na_c8e3189b.wav,tone_labeled,p070,session_d523587642f3,0004,,na2,na,2,,c8e3189b,.wav,legacy_session,ok
raw/mandarin-tone-recordings/audio_fixed_abe/p070/session_d523587642f3/0005_diu4_diu_4161ac2b.wav,tone_labeled,p070,session_d523587642f3,0005,,diu4,diu,4,,4161ac2b,.wav,legacy_session,ok
raw/mandarin-tone-recordings/audio_fixed_abe/p070/session_d523587642f3/0006_qu4_qu_f17cf859.wav,tone_labeled,p070,session_d523587642f3,0006,,qu4,qu,4,,f17cf859,.wav,legacy_session,ok
raw/mandarin-tone-recordings/audio_fixed_abe/p070/session_d523587642f3/0007_miu1_miu_f99692ac.wav,tone_labeled,p070,session_d523587642f3,0007,,miu1,miu,1,,f99692ac,.wav,legacy_session,ok
raw/mandarin-tone-recordings/audio_fixed_abe/p070/session_d523587642f3/0008_shun2_shun_a7976f4c.wav,tone_labeled,p070,session_d523587642f3,0008,,shun2,shun,2,,a7976f4c,.wav,legacy_session,ok
raw/mandarin-tone-recordings/audio_fixed_abe/p070/session_d523587642f3/0009_zang2_zang_a8c03e28.wav,tone_labeled,p070,session_d523587642f3,0009,,zang2,zang,2,,a8c03e28,.wav,legacy_session,ok
raw/mandarin-tone-recordings/audio_fixed_abe/p070/session_d523587642f3/0010_ben1_ben_81566118.wav,tone_labeled,p070,session_d523587642f3,0010,,ben1,ben,1,,81566118,.wav,legacy_session,ok
raw/mandarin-tone-recordings/audio_fixed_abe/p070/session_d523587642f3/0011_nai4_nai_b5726f15.wav,tone_labeled,p070,session_d523587642f3,0011,,nai4,nai,4,,b5726f15,.wav,legacy_session,ok
raw/mandarin-tone-recordings/audio_fixed_abe/p070/session_d523587642f3/0012_diao2_diao_ffb88bcb.wav,tone_labeled,p070,session_d523587642f3,0012,,diao2,diao,2,,ffb88bcb,.wav,legacy_session,ok
raw/mandarin-tone-recordings/audio_fixed_abe/p070/session_d523587642f3/0013_ai1_ai_41a14f29.wav,tone_labeled,p070,session_d523587642f3,0013,,ai1,ai,1,,41a14f29,.wav,legacy_session,ok
raw/mandarin-tone-recordings/audio_fixed_abe/p070/session_d523587642f3/0014_hua3_hua_bdb83450.wav,tone_labeled,p070,session_d523587642f3,0014,,hua3,hua,3,,bdb83450,.wav,legacy_session,ok
raw/mandarin-tone-recordings/audio_fixed_abe/p070/session_d523587642f3/0015_su3_su_da1f6739.wav,tone_labeled,p070,session_d523587642f3,0015,,su3,su,3,,da1f6739,.wav,legacy_session,ok
raw/mandarin-tone-recordings/audio_fixed_abe/p070/session_d523587642f3/0016_xian1_xian_5985b9a3.wav,tone_labeled,p070,session_d523587642f3,0016,,xian1,xian,1,,5985b9a3,.wav,legacy_session,ok
raw/mandarin-tone-recordings/audio_fixed_abe/p070/session_d523587642f3/0017_de2_de_2dcab3be.wav,tone_labeled,p070,session_d523587642f3,0017,,de2,de,2,,2dcab3be,.wav,legacy_session,ok
raw/mandarin-tone-recordings/audio_fixed_abe/p070/session_d523587642f3/0018_yv4_yv_39a27499.wav,tone_labeled,p070,session_d523587642f3,0018,,yv4,yv,4,,39a27499,.wav,legacy_session,ok
raw/mandarin-tone-recordings/audio_fixed_abe/p070/session_d523587642f3/0019_pei1_pei_9996fc5b.wav,tone_labeled,p070,session_d523587642f3,0019,,pei1,pei,1,,9996fc5b,.wav,legacy_session,ok
raw/mandarin-tone-recordings/audio_fixed_abe/p070/session_d523587642f3/0020_deng3_deng_7913c4f0.wav,tone_labeled,p070,session_d523587642f3,0020,,deng3,deng,3,,7913c4f0,.wav,legacy_session,ok
raw/mandarin-tone-recordings/audio_fixed_abe/p070/session_d523587642f3/0021_zuan3_zuan_d5934ffe.wav,tone_labeled,p070,session_d523587642f3,0021,,zuan3,zuan,3,,d5934ffe,.wav,legacy_session,ok
raw/mandarin-tone-recordings/audio_fixed_abe/p070/session_d523587642f3/0022_tie1_tie_fdb54e5d.wav,tone_labeled,p070,session_d523587642f3,0022,,tie1,tie,1,,fdb54e5d,.wav,legacy_session,ok
raw/mandarin-tone-recordings/audio_fixed_abe/p070/session_d523587642f3/0023_nun2_nun_35a52964.wav,tone_labeled,p070,session_d523587642f3,0023,,nun2,nun,2,,35a52964,.wav,legacy_session,ok
raw/mandarin-tone-recordings/audio_fixed_abe/p070/session_d523587642f3/0024_zan1_zan_56961ccd.wav,tone_labeled,p070,session_d523587642f3,0024,,zan1,zan,1,,56961ccd,.wav,legacy_session,ok
raw/mandarin-tone-recordings/audio_fixed_abe/p070/session_d523587642f3/0025_xin1_xin_ab6b792a.wav,tone_labeled,p070,session_d523587642f3,0025,,xin1,xin,1,,ab6b792a,.wav,legacy_session,ok
raw/mandarin-tone-recordings/audio_fixed_abe/p070/session_d523587642f3/0026_yin1_yin_b9cd28af.wav,tone_labeled,p070,session_d523587642f3,0026,,yin1,yin,1,,b9cd28af,.wav,legacy_session,ok
raw/mandarin-tone-recordings/audio_fixed_abe/p070/session_d523587642f3/0027_na3_na_70694654.wav,tone_labeled,p070,session_d523587642f3,0027,,na3,na,3,,70694654,.wav,legacy_session,ok
raw/mandarin-tone-recordings/audio_fixed_abe/p070/session_d523587642f3/0028_mo1_mo_a745c341.wav,tone_labeled,p070,session_d523587642f3,0028,,mo1,mo,1,,a745c341,.wav,legacy_session,ok
raw/mandarin-tone-recordings/audio_fixed_abe/p070/session_d523587642f3/0029_xuan3_xuan_1c4819a7.wav,tone_labeled,p070,session_d523587642f3,0029,,xuan3,xuan,3,,1c4819a7,.wav,legacy_session,ok
raw/mandarin-tone-recordings/audio_fixed_abe/p070/session_d523587642f3/0030_yang3_yang_bb6d1332.wav,tone_labeled,p070,session_d523587642f3,0030,,yang3,yang,3,,bb6d1332,.wav,legacy_session,ok
raw/mandarin-tone-recordings/audio_fixed_abe/p070/session_d523587642f3/0031_rao3_rao_d12cfab5.wav,tone_labeled,p070,session_d523587642f3,0031,,rao3,rao,3,,d12cfab5,.wav,legacy_session,ok
raw/mandarin-tone-recordings/audio_fixed_abe/p070/session_d523587642f3/0032_jiu3_jiu_1e32cd2a.wav,tone_labeled,p070,session_d523587642f3,0032,,jiu3,jiu,3,,1e32cd2a,.wav,legacy_session,ok
raw/mandarin-tone-recordings/audio_fixed_abe/p070/session_d523587642f3/0033_te2_te_97f821fb.wav,tone_labeled,p070,session_d523587642f3,0033,,te2,te,2,,97f821fb,.wav,legacy_session,ok
raw/mandarin-tone-recordings/audio_fixed_abe/p070/session_d523587642f3/0034_ruo4_ruo_e70ac806.wav,tone_labeled,p070,session_d523587642f3,0034,,ruo4,ruo,4,,e70ac806,.wav,legacy_session,ok
raw/mandarin-tone-recordings/audio_fixed_abe/p070/session_d523587642f3/0035_nie4_nie_5ae5c70b.wav,tone_labeled,p070,session_d523587642f3,0035,,nie4,nie,4,,5ae5c70b,.wav,legacy_session,ok
raw/mandarin-tone-recordings/audio_fixed_abe/p070/session_d523587642f3/0036_cei2_cei_3f00182f.wav,tone_labeled,p070,session_d523587642f3,0036,,cei2,cei,2,,3f00182f,.wav,legacy_session,ok
raw/mandarin-tone-recordings/audio_fixed_abe/p070/session_d523587642f3/0037_ma3_ma_db71351a.wav,tone_labeled,p070,session_d523587642f3,0037,,ma3,ma,3,,db71351a,.wav,legacy_session,ok
raw/mandarin-tone-recordings/audio_fixed_abe/p070/session_d523587642f3/0038_ga2_ga_b8931d4e.wav,tone_labeled,p070,session_d523587642f3,0038,,ga2,ga,2,,b8931d4e,.wav,legacy_session,ok
raw/mandarin-tone-recordings/audio_fixed_abe/p070/session_d523587642f3/0039_qv3_qv_9fb0b15e.wav,tone_labeled,p070,session_d523587642f3,0039,,qv3,qv,3,,9fb0b15e,.wav,legacy_session,ok
raw/mandarin-tone-recordings/audio_fixed_abe/p070/session_d523587642f3/0040_ya2_ya_965f2e89.wav,tone_labeled,p070,session_d523587642f3,0040,,ya2,ya,2,,965f2e89,.wav,legacy_session,ok
raw/mandarin-tone-recordings/audio_fixed_abe/p070/session_d523587642f3/0041_cang3_cang_214570a0.wav,tone_labeled,p070,session_d523587642f3,0041,,cang3,cang,3,,214570a0,.wav,legacy_session,ok
raw/mandarin-tone-recordings/audio_fixed_abe/p070/session_d523587642f3/0042_zhai1_zhai_9c96decc.wav,tone_labeled,p070,session_d523587642f3,0042,,zhai1,zhai,1,,9c96decc,.wav,legacy_session,ok
raw/mandarin-tone-recordings/audio_fixed_abe/p070/session_d523587642f3/0043_feng2_feng_c4ec3fa6.wav,tone_labeled,p070,session_d523587642f3,0043,,feng2,feng,2,,c4ec3fa6,.wav,legacy_session,ok
raw/mandarin-tone-recordings/audio_fixed_abe/p070/session_d523587642f3/0044_ne4_ne_7c90f77d.wav,tone_labeled,p070,session_d523587642f3,0044,,ne4,ne,4,,7c90f77d,.wav,legacy_session,ok
raw/mandarin-tone-recordings/audio_fixed_abe/p070/session_d523587642f3/0045_jv3_jv_402cadd6.wav,tone_labeled,p070,session_d523587642f3,0045,,jv3,jv,3,,402cadd6,.wav,legacy_session,ok
raw/mandarin-tone-recordings/audio_fixed_abe/p070/session_d523587642f3/0046_deng1_deng_ea4b3061.wav,tone_labeled,p070,session_d523587642f3,0046,,deng1,deng,1,,ea4b3061,.wav,legacy_session,ok
raw/mandarin-tone-recordings/audio_fixed_abe/p070/session_d523587642f3/0047_mei1_mei_7e688e23.wav,tone_labeled,p070,session_d523587642f3,0047,,mei1,mei,1,,7e688e23,.wav,legacy_session,ok
raw/mandarin-tone-recordings/audio_fixed_abe/p070/session_d523587642f3/0048_pin2_pin_bf8c7002.wav,tone_labeled,p070,session_d523587642f3,0048,,pin2,pin,2,,bf8c7002,.wav,legacy_session,ok
raw/mandarin-tone-recordings/audio_fixed_abe/p070/session_d523587642f3/0049_guo1_guo_15774beb.wav,tone_labeled,p070,session_d523587642f3,0049,,guo1,guo,1,,15774beb,.wav,legacy_session,ok
raw/mandarin-tone-recordings/audio_fixed_abe/p070/session_d523587642f3/0050_nin2_nin_80bd1bfc.wav,tone_labeled,p070,session_d523587642f3,0050,,nin2,nin,2,,80bd1bfc,.wav,legacy_session,ok
raw/mandarin-tone-recordings/audio_fixed_abe/p070/session_d523587642f3/0051_jiu4_jiu_659b22e2.wav,tone_labeled,p070,session_d523587642f3,0051,,jiu4,jiu,4,,659b22e2,.wav,legacy_session,ok
raw/mandarin-tone-recordings/audio_fixed_abe/p070/session_d523587642f3/0052_zhou3_zhou_f4c13b36.wav,tone_labeled,p070,session_d523587642f3,0052,,zhou3,zhou,3,,f4c13b36,.wav,legacy_session,ok
raw/mandarin-tone-recordings/audio_fixed_abe/p070/session_d523587642f3/0053_wang1_wang_47e4af5b.wav,tone_labeled,p070,session_d523587642f3,0053,,wang1,wang,1,,47e4af5b,.wav,legacy_session,ok
raw/mandarin-tone-recordings/audio_fixed_abe/p070/session_d523587642f3/0054_ka3_ka_2b5c6a95.wav,tone_labeled,p070,session_d523587642f3,0054,,ka3,ka,3,,2b5c6a95,.wav,legacy_session,ok
raw/mandarin-tone-recordings/audio_fixed_abe/p070/session_d523587642f3/0055_rua1_rua_87a76089.wav,tone_labeled,p070,session_d523587642f3,0055,,rua1,rua,1,,87a76089,.wav,legacy_session,ok
raw/mandarin-tone-recordings/audio_fixed_abe/p070/session_d523587642f3/0056_juan3_juan_c339922d.wav,tone_labeled,p070,session_d523587642f3,0056,,juan3,juan,3,,c339922d,.wav,legacy_session,ok
raw/mandarin-tone-recordings/audio_fixed_abe/p070/session_d523587642f3/0057_shun4_shun_eda85067.wav,tone_labeled,p070,session_d523587642f3,0057,,shun4,shun,4,,eda85067,.wav,legacy_session,ok
raw/mandarin-tone-recordings/audio_fixed_abe/p070/session_d523587642f3/0058_bai2_bai_fd6e3576.wav,tone_labeled,p070,session_d523587642f3,0058,,bai2,bai,2,,fd6e3576,.wav,legacy_session,ok
raw/mandarin-tone-recordings/audio_fixed_abe/p070/session_d523587642f3/0059_xi1_xi_f7920a1b.wav,tone_labeled,p070,session_d523587642f3,0059,,xi1,xi,1,,f7920a1b,.wav,legacy_session,ok
raw/mandarin-tone-recordings/audio_fixed_abe/p070/session_d523587642f3/0060_you1_you_70d0beb6.wav,tone_labeled,p070,session_d523587642f3,0060,,you1,you,1,,70d0beb6,.wav,legacy_session,ok
raw/mandarin-tone-recordings/audio_fixed_abe/p070/session_d523587642f3/0061_zhai3_zhai_e77f1047.wav,tone_labeled,p070,session_d523587642f3,0061,,zhai3,zhai,3,,e77f1047,.wav,legacy_session,ok
raw/mandarin-tone-recordings/audio_fixed_abe/p070/session_d523587642f3/0062_qing2_qing_74aebdda.wav,tone_labeled,p070,session_d523587642f3,0062,,qing2,qing,2,,74aebdda,.wav,legacy_session,ok
raw/mandarin-tone-recordings/audio_fixed_abe/p070/session_d523587642f3/0063_ling2_ling_ab6b744e.wav,tone_labeled,p070,session_d523587642f3,0063,,ling2,ling,2,,ab6b744e,.wav,legacy_session,ok
raw/mandarin-tone-recordings/audio_fixed_abe/p070/session_d523587642f3/0064_ting3_ting_59817869.wav,tone_labeled,p070,session_d523587642f3,0064,,ting3,ting,3,,59817869,.wav,legacy_session,ok
raw/mandarin-tone-recordings/audio_fixed_abe/p070/session_d523587642f3/0065_tian3_tian_cdc9670a.wav,tone_labeled,p070,session_d523587642f3,0065,,tian3,tian,3,,cdc9670a,.wav,legacy_session,ok
raw/mandarin-tone-recordings/audio_fixed_abe/p070/session_d523587642f3/0066_xuan4_xuan_d8b60654.wav,tone_labeled,p070,session_d523587642f3,0066,,xuan4,xuan,4,,d8b60654,.wav,legacy_session,ok
raw/mandarin-tone-recordings/audio_fixed_abe/p070/session_d523587642f3/0067_zhan4_zhan_2392ab37.wav,tone_labeled,p070,session_d523587642f3,0067,,zhan4,zhan,4,,2392ab37,.wav,legacy_session,ok
raw/mandarin-tone-recordings/audio_fixed_abe/p070/session_d523587642f3/0068_shuan3_shuan_79fd68b7.wav,tone_labeled,p070,session_d523587642f3,0068,,shuan3,shuan,3,,79fd68b7,.wav,legacy_session,ok
raw/mandarin-tone-recordings/audio_fixed_abe/p070/session_d523587642f3/0069_chu4_chu_90135739.wav,tone_labeled,p070,session_d523587642f3,0069,,chu4,chu,4,,90135739,.wav,legacy_session,ok
raw/mandarin-tone-recordings/audio_fixed_abe/p070/session_d523587642f3/0070_mi4_mi_cf0775c8.wav,tone_labeled,p070,session_d523587642f3,0070,,mi4,mi,4,,cf0775c8,.wav,legacy_session,ok
raw/mandarin-tone-recordings/audio_fixed_abe/p070/session_d523587642f3/0071_diu1_diu_d58881f7.wav,tone_labeled,p070,session_d523587642f3,0071,,diu1,diu,1,,d58881f7,.wav,legacy_session,ok
raw/mandarin-tone-recordings/audio_fixed_abe/p070/session_d523587642f3/0072_cang2_cang_d0df984f.wav,tone_labeled,p070,session_d523587642f3,0072,,cang2,cang,2,,d0df984f,.wav,legacy_session,ok
raw/mandarin-tone-recordings/audio_fixed_abe/p070/session_d523587642f3/0073_guan1_guan_5ddd31b6.wav,tone_labeled,p070,session_d523587642f3,0073,,guan1,guan,1,,5ddd31b6,.wav,legacy_session,ok
raw/mandarin-tone-recordings/audio_fixed_abe/p070/session_d523587642f3/0074_sun3_sun_ccdaf45d.wav,tone_labeled,p070,session_d523587642f3,0074,,sun3,sun,3,,ccdaf45d,.wav,legacy_session,ok
raw/mandarin-tone-recordings/audio_fixed_abe/p070/session_d523587642f3/0075_chun1_chun_cedb0bb0.wav,tone_labeled,p070,session_d523587642f3,0075,,chun1,chun,1,,cedb0bb0,.wav,legacy_session,ok
raw/mandarin-tone-recordings/audio_fixed_abe/p070/session_d523587642f3/0076_suan4_suan_725726c1.wav,tone_labeled,p070,session_d523587642f3,0076,,suan4,suan,4,,725726c1,.wav,legacy_session,ok
raw/mandarin-tone-recordings/audio_fixed_abe/p070/session_d523587642f3/0077_nao2_nao_eb2a6aba.wav,tone_labeled,p070,session_d523587642f3,0077,,nao2,nao,2,,eb2a6aba,.wav,legacy_session,ok
raw/mandarin-tone-recordings/audio_fixed_abe/p070/session_d523587642f3/0078_tuan1_tuan_6145d26a.wav,tone_labeled,p070,session_d523587642f3,0078,,tuan1,tuan,1,,6145d26a,.wav,legacy_session,ok
raw/mandarin-tone-recordings/audio_fixed_abe/p070/session_d523587642f3/0079_zhuang3_zhuang_73488414.wav,tone_labeled,p070,session_d523587642f3,0079,,zhuang3,zhuang,3,,73488414,.wav,legacy_session,ok
raw/mandarin-tone-recordings/audio_fixed_abe/p070/session_d523587642f3/0080_se3_se_8622bf00.wav,tone_labeled,p070,session_d523587642f3,0080,,se3,se,3,,8622bf00,.wav,legacy_session,ok
raw/mandarin-tone-recordings/audio_fixed_abe/p070/session_d523587642f3/0081_xiong4_xiong_c10a8d8e.wav,tone_labeled,p070,session_d523587642f3,0081,,xiong4,xiong,4,,c10a8d8e,.wav,legacy_session,ok
raw/mandarin-tone-recordings/audio_fixed_abe/p070/session_d523587642f3/0082_chuai2_chuai_6e57e044.wav,tone_labeled,p070,session_d523587642f3,0082,,chuai2,chuai,2,,6e57e044,.wav,legacy_session,ok
raw/mandarin-tone-recordings/audio_fixed_abe/p070/session_d523587642f3/0083_a2_a_33d1725c.wav,tone_labeled,p070,session_d523587642f3,0083,,a2,a,2,,33d1725c,.wav,legacy_session,ok
raw/mandarin-tone-recordings/audio_fixed_abe/p070/session_d523587642f3/0084_dei4_dei_93bc5266.wav,tone_labeled,p070,session_d523587642f3,0084,,dei4,dei,4,,93bc5266,.wav,legacy_session,ok
raw/mandarin-tone-recordings/audio_fixed_abe/p070/session_d523587642f3/0085_sang2_sang_2e202caa.wav,tone_labeled,p070,session_d523587642f3,0085,,sang2,sang,2,,2e202caa,.wav,legacy_session,ok
raw/mandarin-tone-recordings/audio_fixed_abe/p070/session_d523587642f3/0086_nuo2_nuo_971621ff.wav,tone_labeled,p070,session_d523587642f3,0086,,nuo2,nuo,2,,971621ff,.wav,legacy_session,ok
raw/mandarin-tone-recordings/audio_fixed_abe/p070/session_d523587642f3/0087_guai4_guai_76615246.wav,tone_labeled,p070,session_d523587642f3,0087,,guai4,guai,4,,76615246,.wav,legacy_session,ok
raw/mandarin-tone-recordings/audio_fixed_abe/p070/session_d523587642f3/0088_feng4_feng_9e074403.wav,tone_labeled,p070,session_d523587642f3,0088,,feng4,feng,4,,9e074403,.wav,legacy_session,ok
raw/mandarin-tone-recordings/audio_fixed_abe/p070/session_d523587642f3/0089_lin2_lin_6083e2b2.wav,tone_labeled,p070,session_d523587642f3,0089,,lin2,lin,2,,6083e2b2,.wav,legacy_session,ok
raw/mandarin-tone-recordings/audio_fixed_abe/p070/session_d523587642f3/0090_nong1_nong_e22855d4.wav,tone_labeled,p070,session_d523587642f3,0090,,nong1,nong,1,,e22855d4,.wav,legacy_session,ok
raw/mandarin-tone-recordings/audio_fixed_abe/p070/session_d523587642f3/0091_rou1_rou_631a287c.wav,tone_labeled,p070,session_d523587642f3,0091,,rou1,rou,1,,631a287c,.wav,legacy_session,ok
raw/mandarin-tone-recordings/audio_fixed_abe/p070/session_d523587642f3/0092_xin3_xin_33bb292f.wav,tone_labeled,p070,session_d523587642f3,0092,,xin3,xin,3,,33bb292f,.wav,legacy_session,ok
raw/mandarin-tone-recordings/audio_fixed_abe/p070/session_d523587642f3/0093_zhan3_zhan_fd433f23.wav,tone_labeled,p070,session_d523587642f3,0093,,zhan3,zhan,3,,fd433f23,.wav,legacy_session,ok
raw/mandarin-tone-recordings/audio_fixed_abe/p070/session_d523587642f3/0094_sha4_sha_17553f4b.wav,tone_labeled,p070,session_d523587642f3,0094,,sha4,sha,4,,17553f4b,.wav,legacy_session,ok
raw/mandarin-tone-recordings/audio_fixed_abe/p070/session_d523587642f3/0095_shen3_shen_4efb6cf6.wav,tone_labeled,p070,session_d523587642f3,0095,,shen3,shen,3,,4efb6cf6,.wav,legacy_session,ok
raw/mandarin-tone-recordings/audio_fixed_abe/p070/session_d523587642f3/0096_gang3_gang_50f92353.wav,tone_labeled,p070,session_d523587642f3,0096,,gang3,gang,3,,50f92353,.wav,legacy_session,ok
raw/mandarin-tone-recordings/audio_fixed_abe/p070/session_d523587642f3/0097_quan3_quan_d240452d.wav,tone_labeled,p070,session_d523587642f3,0097,,quan3,quan,3,,d240452d,.wav,legacy_session,ok
raw/mandarin-tone-recordings/audio_fixed_abe/p070/session_d523587642f3/0098_lei3_lei_898e2509.wav,tone_labeled,p070,session_d523587642f3,0098,,lei3,lei,3,,898e2509,.wav,legacy_session,ok
raw/mandarin-tone-recordings/audio_fixed_abe/p070/session_d523587642f3/0099_zao4_zao_445ed431.wav,tone_labeled,p070,session_d523587642f3,0099,,zao4,zao,4,,445ed431,.wav,legacy_session,ok
raw/mandarin-tone-recordings/audio_fixed_abe/p070/session_d523587642f3/0100_lan3_lan_28aca2ed.wav,tone_labeled,p070,session_d523587642f3,0100,,lan3,lan,3,,28aca2ed,.wav,legacy_session,ok
raw/mandarin-tone-recordings/audio_fixed_abe/p070/session_d523587642f3/0101_kuang3_kuang_e434d995.wav,tone_labeled,p070,session_d523587642f3,0101,,kuang3,kuang,3,,e434d995,.wav,legacy_session,ok
raw/mandarin-tone-recordings/audio_fixed_abe/p070/session_d523587642f3/0102_chi1_chi_f608bf86.wav,tone_labeled,p070,session_d523587642f3,0102,,chi1,chi,1,,f608bf86,.wav,legacy_session,ok
raw/mandarin-tone-recordings/audio_fixed_abe/p070/session_d523587642f3/0103_jiang3_jiang_0a5736b3.wav,tone_labeled,p070,session_d523587642f3,0103,,jiang3,jiang,3,,0a5736b3,.wav,legacy_session,ok
raw/mandarin-tone-recordings/audio_fixed_abe/p070/session_d523587642f3/0104_dui3_dui_c773959d.wav,tone_labeled,p070,session_d523587642f3,0104,,dui3,dui,3,,c773959d,.wav,legacy_session,ok
raw/mandarin-tone-recordings/audio_fixed_abe/p070/session_d523587642f3/0105_qvan2_qvan_b54cede1.wav,tone_labeled,p070,session_d523587642f3,0105,,qvan2,qvan,2,,b54cede1,.wav,legacy_session,ok
raw/mandarin-tone-recordings/audio_fixed_abe/p070/session_d523587642f3/0106_qing1_qing_1ffd351f.wav,tone_labeled,p070,session_d523587642f3,0106,,qing1,qing,1,,1ffd351f,.wav,legacy_session,ok
raw/mandarin-tone-recordings/audio_fixed_abe/p070/session_d523587642f3/0107_shi3_shi_60fadbe2.wav,tone_labeled,p070,session_d523587642f3,0107,,shi3,shi,3,,60fadbe2,.wav,legacy_session,ok
raw/mandarin-tone-recordings/audio_fixed_abe/p070/session_d523587642f3/0108_gong1_gong_e685d76e.wav,tone_labeled,p070,session_d523587642f3,0108,,gong1,gong,1,,e685d76e,.wav,legacy_session,ok
raw/mandarin-tone-recordings/audio_fixed_abe/p070/session_d523587642f3/0109_zei3_zei_d7c37299.wav,tone_labeled,p070,session_d523587642f3,0109,,zei3,zei,3,,d7c37299,.wav,legacy_session,ok
raw/mandarin-tone-recordings/audio_fixed_abe/p070/session_d523587642f3/0110_jie3_jie_ddbf17d0.wav,tone_labeled,p070,session_d523587642f3,0110,,jie3,jie,3,,ddbf17d0,.wav,legacy_session,ok
raw/mandarin-tone-recordings/audio_fixed_abe/p070/session_d523587642f3/0111_xiao4_xiao_31ecdaa0.wav,tone_labeled,p070,session_d523587642f3,0111,,xiao4,xiao,4,,31ecdaa0,.wav,legacy_session,ok
raw/mandarin-tone-recordings/audio_fixed_abe/p070/session_d523587642f3/0112_sheng4_sheng_5b2324f9.wav,tone_labeled,p070,session_d523587642f3,0112,,sheng4,sheng,4,,5b2324f9,.wav,legacy_session,ok
raw/mandarin-tone-recordings/audio_fixed_abe/p070/session_d523587642f3/0113_bei3_bei_82e56907.wav,tone_labeled,p070,session_d523587642f3,0113,,bei3,bei,3,,82e56907,.wav,legacy_session,ok
raw/mandarin-tone-recordings/audio_fixed_abe/p070/session_d523587642f3/0114_ni1_ni_1174c7c8.wav,tone_labeled,p070,session_d523587642f3,0114,,ni1,ni,1,,1174c7c8,.wav,legacy_session,ok
raw/mandarin-tone-recordings/audio_fixed_abe/p070/session_d523587642f3/0115_pai1_pai_5ac15129.wav,tone_labeled,p070,session_d523587642f3,0115,,pai1,pai,1,,5ac15129,.wav,legacy_session,ok
raw/mandarin-tone-recordings/audio_fixed_abe/p070/session_d523587642f3/0116_rao4_rao_964db665.wav,tone_labeled,p070,session_d523587642f3,0116,,rao4,rao,4,,964db665,.wav,legacy_session,ok
raw/mandarin-tone-recordings/audio_fixed_abe/p070/session_d523587642f3/0117_kong2_kong_ebfd62bf.wav,tone_labeled,p070,session_d523587642f3,0117,,kong2,kong,2,,ebfd62bf,.wav,legacy_session,ok
raw/mandarin-tone-recordings/audio_fixed_abe/p070/session_d523587642f3/0118_fei4_fei_c325751a.wav,tone_labeled,p070,session_d523587642f3,0118,,fei4,fei,4,,c325751a,.wav,legacy_session,ok
raw/mandarin-tone-recordings/audio_fixed_abe/p070/session_d523587642f3/0119_niu2_niu_af95b51b.wav,tone_labeled,p070,session_d523587642f3,0119,,niu2,niu,2,,af95b51b,.wav,legacy_session,ok
raw/mandarin-tone-recordings/audio_fixed_abe/p070/session_d523587642f3/0120_jv1_jv_66b191a6.wav,tone_labeled,p070,session_d523587642f3,0120,,jv1,jv,1,,66b191a6,.wav,legacy_session,ok
raw/mandarin-tone-recordings/audio_fixed_abe/p070/session_d523587642f3/0121_kui1_kui_541bfd13.wav,tone_labeled,p070,session_d523587642f3,0121,,kui1,kui,1,,541bfd13,.wav,legacy_session,ok
raw/mandarin-tone-recordings/audio_fixed_abe/p070/session_d523587642f3/0122_ta4_ta_778397ab.wav,tone_labeled,p070,session_d523587642f3,0122,,ta4,ta,4,,778397ab,.wav,legacy_session,ok
raw/mandarin-tone-recordings/audio_fixed_abe/p070/session_d523587642f3/0123_den2_den_7b73358d.wav,tone_labeled,p070,session_d523587642f3,0123,,den2,den,2,,7b73358d,.wav,legacy_session,ok
raw/mandarin-tone-recordings/audio_fixed_abe/p070/session_d523587642f3/0124_jiao4_jiao_7e8723c3.wav,tone_labeled,p070,session_d523587642f3,0124,,jiao4,jiao,4,,7e8723c3,.wav,legacy_session,ok
raw/mandarin-tone-recordings/audio_fixed_abe/p070/session_d523587642f3/0125_lan2_lan_70ed2c4b.wav,tone_labeled,p070,session_d523587642f3,0125,,lan2,lan,2,,70ed2c4b,.wav,legacy_session,ok
raw/mandarin-tone-recordings/audio_fixed_abe/p070/session_d523587642f3/0126_leng4_leng_abadd96a.wav,tone_labeled,p070,session_d523587642f3,0126,,leng4,leng,4,,abadd96a,.wav,legacy_session,ok
raw/mandarin-tone-recordings/audio_fixed_abe/p070/session_d523587642f3/0127_biang4_biang_565f7faf.wav,tone_labeled,p070,session_d523587642f3,0127,,biang4,biang,4,,565f7faf,.wav,legacy_session,ok
raw/mandarin-tone-recordings/audio_fixed_abe/p070/session_d523587642f3/0128_zhui4_zhui_36609086.wav,tone_labeled,p070,session_d523587642f3,0128,,zhui4,zhui,4,,36609086,.wav,legacy_session,ok
raw/mandarin-tone-recordings/audio_fixed_abe/p070/session_d523587642f3/0129_zhi1_zhi_7577a53b.wav,tone_labeled,p070,session_d523587642f3,0129,,zhi1,zhi,1,,7577a53b,.wav,legacy_session,ok
raw/mandarin-tone-recordings/audio_fixed_abe/p070/session_d523587642f3/0130_ling3_ling_d06575a2.wav,tone_labeled,p070,session_d523587642f3,0130,,ling3,ling,3,,d06575a2,.wav,legacy_session,ok
raw/mandarin-tone-recordings/audio_fixed_abe/p070/session_d523587642f3/0131_bao4_bao_0ba06632.wav,tone_labeled,p070,session_d523587642f3,0131,,bao4,bao,4,,0ba06632,.wav,legacy_session,ok
raw/mandarin-tone-recordings/audio_fixed_abe/p070/session_d523587642f3/0132_tai4_tai_7dbbb0ee.wav,tone_labeled,p070,session_d523587642f3,0132,,tai4,tai,4,,7dbbb0ee,.wav,legacy_session,ok
raw/mandarin-tone-recordings/audio_fixed_abe/p070/session_d523587642f3/0133_nve1_nve_3543a9b6.wav,tone_labeled,p070,session_d523587642f3,0133,,nve1,nve,1,,3543a9b6,.wav,legacy_session,ok
raw/mandarin-tone-recordings/audio_fixed_abe/p070/session_d523587642f3/0134_wo1_wo_78498473.wav,tone_labeled,p070,session_d523587642f3,0134,,wo1,wo,1,,78498473,.wav,legacy_session,ok
raw/mandarin-tone-recordings/audio_fixed_abe/p070/session_d523587642f3/0135_kan3_kan_36f1d006.wav,tone_labeled,p070,session_d523587642f3,0135,,kan3,kan,3,,36f1d006,.wav,legacy_session,ok
raw/mandarin-tone-recordings/audio_fixed_abe/p070/session_d523587642f3/0136_tang2_tang_4d9d0eb8.wav,tone_labeled,p070,session_d523587642f3,0136,,tang2,tang,2,,4d9d0eb8,.wav,legacy_session,ok
raw/mandarin-tone-recordings/audio_fixed_abe/p070/session_d523587642f3/0137_gui2_gui_14b1dee3.wav,tone_labeled,p070,session_d523587642f3,0137,,gui2,gui,2,,14b1dee3,.wav,legacy_session,ok
raw/mandarin-tone-recordings/audio_fixed_abe/p070/session_d523587642f3/0138_han4_han_a7357629.wav,tone_labeled,p070,session_d523587642f3,0138,,han4,han,4,,a7357629,.wav,legacy_session,ok
raw/mandarin-tone-recordings/audio_fixed_abe/p070/session_d523587642f3/0139_qiu1_qiu_d6236204.wav,tone_labeled,p070,session_d523587642f3,0139,,qiu1,qiu,1,,d6236204,.wav,legacy_session,ok
raw/mandarin-tone-recordings/audio_fixed_abe/p070/session_d523587642f3/0140_xian3_xian_bb6dfc38.wav,tone_labeled,p070,session_d523587642f3,0140,,xian3,xian,3,,bb6dfc38,.wav,legacy_session,ok
raw/mandarin-tone-recordings/audio_fixed_abe/p070/session_d523587642f3/0141_mian2_mian_2214a5fa.wav,tone_labeled,p070,session_d523587642f3,0141,,mian2,mian,2,,2214a5fa,.wav,legacy_session,ok
raw/mandarin-tone-recordings/audio_fixed_abe/p070/session_d523587642f3/0142_tu1_tu_3c6c33cf.wav,tone_labeled,p070,session_d523587642f3,0142,,tu1,tu,1,,3c6c33cf,.wav,legacy_session,ok
raw/mandarin-tone-recordings/audio_fixed_abe/p070/session_d523587642f3/0143_tui2_tui_9a702969.wav,tone_labeled,p070,session_d523587642f3,0143,,tui2,tui,2,,9a702969,.wav,legacy_session,ok
raw/mandarin-tone-recordings/audio_fixed_abe/p070/session_d523587642f3/0144_zai3_zai_982e18fe.wav,tone_labeled,p070,session_d523587642f3,0144,,zai3,zai,3,,982e18fe,.wav,legacy_session,ok
raw/mandarin-tone-recordings/audio_fixed_abe/p070/session_d523587642f3/0145_ru2_ru_5ce18740.wav,tone_labeled,p070,session_d523587642f3,0145,,ru2,ru,2,,5ce18740,.wav,legacy_session,ok
raw/mandarin-tone-recordings/audio_fixed_abe/p070/session_d523587642f3/0146_gun1_gun_ea318085.wav,tone_labeled,p070,session_d523587642f3,0146,,gun1,gun,1,,ea318085,.wav,legacy_session,ok
raw/mandarin-tone-recordings/audio_fixed_abe/p070/session_d523587642f3/0147_sui3_sui_6e022231.wav,tone_labeled,p070,session_d523587642f3,0147,,sui3,sui,3,,6e022231,.wav,legacy_session,ok
raw/mandarin-tone-recordings/audio_fixed_abe/p070/session_d523587642f3/0148_ri3_row0358_ri_16e031d1.wav,tone_labeled,p070,session_d523587642f3,0148,,ri3,ri,3,,16e031d1,.wav,legacy_session,ok
raw/mandarin-tone-recordings/audio_fixed_abe/p070/session_d523587642f3/0149_bin3_bin_4a29c6be.wav,tone_labeled,p070,session_d523587642f3,0149,,bin3,bin,3,,4a29c6be,.wav,legacy_session,ok
raw/mandarin-tone-recordings/audio_fixed_abe/p070/session_d523587642f3/0150_xia4_xia_0e4f3863.wav,tone_labeled,p070,session_d523587642f3,0150,,xia4,xia,4,,0e4f3863,.wav,legacy_session,ok
raw/mandarin-tone-recordings/audio_fixed_abe/p070/session_d523587642f3/0151_fei1_fei_073a0326.wav,tone_labeled,p070,session_d523587642f3,0151,,fei1,fei,1,,073a0326,.wav,legacy_session,ok
raw/mandarin-tone-recordings/audio_fixed_abe/p070/session_d523587642f3/0152_guang4_guang_82a138e1.wav,tone_labeled,p070,session_d523587642f3,0152,,guang4,guang,4,,82a138e1,.wav,legacy_session,ok
raw/mandarin-tone-recordings/audio_fixed_abe/p070/session_d523587642f3/0153_zai4_zai_fd68877c.wav,tone_labeled,p070,session_d523587642f3,0153,,zai4,zai,4,,fd68877c,.wav,legacy_session,ok
raw/mandarin-tone-recordings/audio_fixed_abe/p070/session_d523587642f3/0154_ai3_ai_ff0fba16.wav,tone_labeled,p070,session_d523587642f3,0154,,ai3,ai,3,,ff0fba16,.wav,legacy_session,ok
raw/mandarin-tone-recordings/audio_fixed_abe/p070/session_d523587642f3/0155_ping1_ping_97051287.wav,tone_labeled,p070,session_d523587642f3,0155,,ping1,ping,1,,97051287,.wav,legacy_session,ok
raw/mandarin-tone-recordings/audio_fixed_abe/p070/session_d523587642f3/0156_pi3_pi_9f9b3e77.wav,tone_labeled,p070,session_d523587642f3,0156,,pi3,pi,3,,9f9b3e77,.wav,legacy_session,ok
raw/mandarin-tone-recordings/audio_fixed_abe/p070/session_d523587642f3/0157_wei3_wei_0a4a1d0c.wav,tone_labeled,p070,session_d523587642f3,0157,,wei3,wei,3,,0a4a1d0c,.wav,legacy_session,ok
raw/mandarin-tone-recordings/audio_fixed_abe/p070/session_d523587642f3/0158_te1_te_665a894f.wav,tone_labeled,p070,session_d523587642f3,0158,,te1,te,1,,665a894f,.wav,legacy_session,ok
raw/mandarin-tone-recordings/audio_fixed_abe/p070/session_d523587642f3/0159_fou1_fou_37ea85b2.wav,tone_labeled,p070,session_d523587642f3,0159,,fou1,fou,1,,37ea85b2,.wav,legacy_session,ok
raw/mandarin-tone-recordings/audio_fixed_abe/p070/session_d523587642f3/0160_gun4_gun_35408c7a.wav,tone_labeled,p070,session_d523587642f3,0160,,gun4,gun,4,,35408c7a,.wav,legacy_session,ok
raw/mandarin-tone-recordings/audio_fixed_abe/p070/session_d523587642f3/0161_xiao2_xiao_0d79603d.wav,tone_labeled,p070,session_d523587642f3,0161,,xiao2,xiao,2,,0d79603d,.wav,legacy_session,ok
raw/mandarin-tone-recordings/audio_fixed_abe/p070/session_d523587642f3/0162_xia1_xia_8076bfd1.wav,tone_labeled,p070,session_d523587642f3,0162,,xia1,xia,1,,8076bfd1,.wav,legacy_session,ok
raw/mandarin-tone-recordings/audio_fixed_abe/p070/session_d523587642f3/0163_lai3_lai_af74eb8b.wav,tone_labeled,p070,session_d523587642f3,0163,,lai3,lai,3,,af74eb8b,.wav,legacy_session,ok
raw/mandarin-tone-recordings/audio_fixed_abe/p070/session_d523587642f3/0164_dian4_dian_c51c8cb6.wav,tone_labeled,p070,session_d523587642f3,0164,,dian4,dian,4,,c51c8cb6,.wav,legacy_session,ok
raw/mandarin-tone-recordings/audio_fixed_abe/p070/session_d523587642f3/0165_gou1_gou_3e8fb308.wav,tone_labeled,p070,session_d523587642f3,0165,,gou1,gou,1,,3e8fb308,.wav,legacy_session,ok
raw/mandarin-tone-recordings/audio_fixed_abe/p070/session_d523587642f3/0166_yong3_yong_dc7e7618.wav,tone_labeled,p070,session_d523587642f3,0166,,yong3,yong,3,,dc7e7618,.wav,legacy_session,ok
raw/mandarin-tone-recordings/audio_fixed_abe/p070/session_d523587642f3/0167_kuai2_kuai_626e9921.wav,tone_labeled,p070,session_d523587642f3,0167,,kuai2,kuai,2,,626e9921,.wav,legacy_session,ok
raw/mandarin-tone-recordings/audio_fixed_abe/p070/session_d523587642f3/0168_zhan1_zhan_22f95731.wav,tone_labeled,p070,session_d523587642f3,0168,,zhan1,zhan,1,,22f95731,.wav,legacy_session,ok
raw/mandarin-tone-recordings/audio_fixed_abe/p070/session_d523587642f3/0169_rou2_rou_54c6afb9.wav,tone_labeled,p070,session_d523587642f3,0169,,rou2,rou,2,,54c6afb9,.wav,legacy_session,ok
raw/mandarin-tone-recordings/audio_fixed_abe/p070/session_d523587642f3/0170_jian1_jian_49519836.wav,tone_labeled,p070,session_d523587642f3,0170,,jian1,jian,1,,49519836,.wav,legacy_session,ok
raw/mandarin-tone-recordings/audio_fixed_abe/p070/session_d523587642f3/0171_gua2_gua_f0f90fb3.wav,tone_labeled,p070,session_d523587642f3,0171,,gua2,gua,2,,f0f90fb3,.wav,legacy_session,ok
raw/mandarin-tone-recordings/audio_fixed_abe/p070/session_d523587642f3/0172_zhun4_zhun_2bc9163a.wav,tone_labeled,p070,session_d523587642f3,0172,,zhun4,zhun,4,,2bc9163a,.wav,legacy_session,ok
raw/mandarin-tone-recordings/audio_fixed_abe/p070/session_d523587642f3/0173_qu3_qu_4c5d3bb9.wav,tone_labeled,p070,session_d523587642f3,0173,,qu3,qu,3,,4c5d3bb9,.wav,legacy_session,ok
raw/mandarin-tone-recordings/audio_fixed_abe/p070/session_d523587642f3/0174_pin3_pin_2d42b630.wav,tone_labeled,p070,session_d523587642f3,0174,,pin3,pin,3,,2d42b630,.wav,legacy_session,ok
raw/mandarin-tone-recordings/audio_fixed_abe/p070/session_d523587642f3/0175_liu2_liu_92ff9ad8.wav,tone_labeled,p070,session_d523587642f3,0175,,liu2,liu,2,,92ff9ad8,.wav,legacy_session,ok
raw/mandarin-tone-recordings/audio_fixed_abe/p070/session_d523587642f3/0176_chong1_chong_5aa0c4dc.wav,tone_labeled,p070,session_d523587642f3,0176,,chong1,chong,1,,5aa0c4dc,.wav,legacy_session,ok
raw/mandarin-tone-recordings/audio_fixed_abe/p070/session_d523587642f3/0177_bing4_bing_de0852ad.wav,tone_labeled,p070,session_d523587642f3,0177,,bing4,bing,4,,de0852ad,.wav,legacy_session,ok
raw/mandarin-tone-recordings/audio_fixed_abe/p070/session_d523587642f3/0178_mo2_mo_142767dd.wav,tone_labeled,p070,session_d523587642f3,0178,,mo2,mo,2,,142767dd,.wav,legacy_session,ok
raw/mandarin-tone-recordings/audio_fixed_abe/p070/session_d523587642f3/0179_shuo1_shuo_11eac9ed.wav,tone_labeled,p070,session_d523587642f3,0179,,shuo1,shuo,1,,11eac9ed,.wav,legacy_session,ok
raw/mandarin-tone-recordings/audio_fixed_abe/p070/session_d523587642f3/0180_han1_han_b397d7ca.wav,tone_labeled,p070,session_d523587642f3,0180,,han1,han,1,,b397d7ca,.wav,legacy_session,ok
raw/mandarin-tone-recordings/audio_fixed_abe/p070/session_d523587642f3/0181_biang3_biang_4d6dfcda.wav,tone_labeled,p070,session_d523587642f3,0181,,biang3,biang,3,,4d6dfcda,.wav,legacy_session,ok
raw/mandarin-tone-recordings/audio_fixed_abe/p070/session_d523587642f3/0182_ga3_ga_304364d0.wav,tone_labeled,p070,session_d523587642f3,0182,,ga3,ga,3,,304364d0,.wav,legacy_session,ok
raw/mandarin-tone-recordings/audio_fixed_abe/p070/session_d523587642f3/0183_biang2_biang_049ed5f9.wav,tone_labeled,p070,session_d523587642f3,0183,,biang2,biang,2,,049ed5f9,.wav,legacy_session,ok
raw/mandarin-tone-recordings/audio_fixed_abe/p070/session_d523587642f3/0184_kai2_kai_81af5231.wav,tone_labeled,p070,session_d523587642f3,0184,,kai2,kai,2,,81af5231,.wav,legacy_session,ok
raw/mandarin-tone-recordings/audio_fixed_abe/p070/session_d523587642f3/0185_run2_run_dca690ba.wav,tone_labeled,p070,session_d523587642f3,0185,,run2,run,2,,dca690ba,.wav,legacy_session,ok
raw/mandarin-tone-recordings/audio_fixed_abe/p070/session_d523587642f3/0186_liu1_liu_2ead8d7c.wav,tone_labeled,p070,session_d523587642f3,0186,,liu1,liu,1,,2ead8d7c,.wav,legacy_session,ok
raw/mandarin-tone-recordings/audio_fixed_abe/p070/session_d523587642f3/0187_sai4_sai_de951d6e.wav,tone_labeled,p070,session_d523587642f3,0187,,sai4,sai,4,,de951d6e,.wav,legacy_session,ok
raw/mandarin-tone-recordings/audio_fixed_abe/p070/session_d523587642f3/0188_xiu2_xiu_5c0eb25e.wav,tone_labeled,p070,session_d523587642f3,0188,,xiu2,xiu,2,,5c0eb25e,.wav,legacy_session,ok
raw/mandarin-tone-recordings/audio_fixed_abe/p070/session_d523587642f3/0189_bo3_bo_f4a8c597.wav,tone_labeled,p070,session_d523587642f3,0189,,bo3,bo,3,,f4a8c597,.wav,legacy_session,ok
raw/mandarin-tone-recordings/audio_fixed_abe/p070/session_d523587642f3/0190_du1_du_36f0f0bc.wav,tone_labeled,p070,session_d523587642f3,0190,,du1,du,1,,36f0f0bc,.wav,legacy_session,ok
raw/mandarin-tone-recordings/audio_fixed_abe/p070/session_d523587642f3/0191_jv4_jv_c704dac2.wav,tone_labeled,p070,session_d523587642f3,0191,,jv4,jv,4,,c704dac2,.wav,legacy_session,ok
raw/mandarin-tone-recordings/audio_fixed_abe/p070/session_d523587642f3/0192_zhei3_zhei_8121dfc1.wav,tone_labeled,p070,session_d523587642f3,0192,,zhei3,zhei,3,,8121dfc1,.wav,legacy_session,ok
raw/mandarin-tone-recordings/audio_fixed_abe/p070/session_d523587642f3/0193_nao1_nao_53dc9dad.wav,tone_labeled,p070,session_d523587642f3,0193,,nao1,nao,1,,53dc9dad,.wav,legacy_session,ok
raw/mandarin-tone-recordings/audio_fixed_abe/p070/session_d523587642f3/0194_jiang2_jiang_7b0fce49.wav,tone_labeled,p070,session_d523587642f3,0194,,jiang2,jiang,2,,7b0fce49,.wav,legacy_session,ok
raw/mandarin-tone-recordings/audio_fixed_abe/p070/session_d523587642f3/0195_zong2_zong_444234e8.wav,tone_labeled,p070,session_d523587642f3,0195,,zong2,zong,2,,444234e8,.wav,legacy_session,ok
raw/mandarin-tone-recordings/audio_fixed_abe/p070/session_d523587642f3/0196_tian1_tian_354f4fbd.wav,tone_labeled,p070,session_d523587642f3,0196,,tian1,tian,1,,354f4fbd,.wav,legacy_session,ok
raw/mandarin-tone-recordings/audio_fixed_abe/p070/session_d523587642f3/0197_sui2_sui_8fc9922e.wav,tone_labeled,p070,session_d523587642f3,0197,,sui2,sui,2,,8fc9922e,.wav,legacy_session,ok
raw/mandarin-tone-recordings/audio_fixed_abe/p070/session_d523587642f3/0198_fou4_fou_a23c2499.wav,tone_labeled,p070,session_d523587642f3,0198,,fou4,fou,4,,a23c2499,.wav,legacy_session,ok
raw/mandarin-tone-recordings/audio_fixed_abe/p070/session_d523587642f3/0199_suan3_suan_1c574e3c.wav,tone_labeled,p070,session_d523587642f3,0199,,suan3,suan,3,,1c574e3c,.wav,legacy_session,ok
raw/mandarin-tone-recordings/audio_fixed_abe/p070/session_d523587642f3/0200_hou3_hou_01acb6d2.wav,tone_labeled,p070,session_d523587642f3,0200,,hou3,hou,3,,01acb6d2,.wav,legacy_session,ok
raw/mandarin-tone-recordings/audio_fixed_abe/p070/session_d523587642f3/0201_sou2_sou_99bca3b9.wav,tone_labeled,p070,session_d523587642f3,0201,,sou2,sou,2,,99bca3b9,.wav,legacy_session,ok
raw/mandarin-tone-recordings/audio_fixed_abe/p070/session_d523587642f3/0202_gao3_gao_2dd082aa.wav,tone_labeled,p070,session_d523587642f3,0202,,gao3,gao,3,,2dd082aa,.wav,legacy_session,ok
raw/mandarin-tone-recordings/audio_fixed_abe/p070/session_d523587642f3/0203_zong4_zong_cb115abe.wav,tone_labeled,p070,session_d523587642f3,0203,,zong4,zong,4,,cb115abe,.wav,legacy_session,ok
raw/mandarin-tone-recordings/audio_fixed_abe/p070/session_d523587642f3/0204_dui1_dui_41b48a31.wav,tone_labeled,p070,session_d523587642f3,0204,,dui1,dui,1,,41b48a31,.wav,legacy_session,ok
raw/mandarin-tone-recordings/audio_fixed_abe/p070/session_d523587642f3/0205_shu3_shu_3f2bb7b7.wav,tone_labeled,p070,session_d523587642f3,0205,,shu3,shu,3,,3f2bb7b7,.wav,legacy_session,ok
raw/mandarin-tone-recordings/audio_fixed_abe/p070/session_d523587642f3/0206_jiu2_jiu_5f549514.wav,tone_labeled,p070,session_d523587642f3,0206,,jiu2,jiu,2,,5f549514,.wav,legacy_session,ok
raw/mandarin-tone-recordings/audio_fixed_abe/p070/session_d523587642f3/0207_ban2_ban_6fed0582.wav,tone_labeled,p070,session_d523587642f3,0207,,ban2,ban,2,,6fed0582,.wav,legacy_session,ok
raw/mandarin-tone-recordings/audio_fixed_abe/p070/session_d523587642f3/0208_dao2_dao_35b76941.wav,tone_labeled,p070,session_d523587642f3,0208,,dao2,dao,2,,35b76941,.wav,legacy_session,ok
raw/mandarin-tone-recordings/audio_fixed_abe/p070/session_d523587642f3/0209_yi3_yi_8caa3643.wav,tone_labeled,p070,session_d523587642f3,0209,,yi3,yi,3,,8caa3643,.wav,legacy_session,ok
raw/mandarin-tone-recordings/audio_fixed_abe/p070/session_d523587642f3/0210_dun1_dun_18b70ad0.wav,tone_labeled,p070,session_d523587642f3,0210,,dun1,dun,1,,18b70ad0,.wav,legacy_session,ok
raw/mandarin-tone-recordings/audio_fixed_abe/p070/session_d523587642f3/0211_geng3_geng_b35ddfb2.wav,tone_labeled,p070,session_d523587642f3,0211,,geng3,geng,3,,b35ddfb2,.wav,legacy_session,ok
raw/mandarin-tone-recordings/audio_fixed_abe/p070/session_d523587642f3/0212_chou1_chou_9f0ed43f.wav,tone_labeled,p070,session_d523587642f3,0212,,chou1,chou,1,,9f0ed43f,.wav,legacy_session,ok
raw/mandarin-tone-recordings/audio_fixed_abe/p070/session_d523587642f3/0213_rang3_rang_05706498.wav,tone_labeled,p070,session_d523587642f3,0213,,rang3,rang,3,,05706498,.wav,legacy_session,ok
raw/mandarin-tone-recordings/audio_fixed_abe/p070/session_d523587642f3/0214_chuang2_chuang_2449c1d8.wav,tone_labeled,p070,session_d523587642f3,0214,,chuang2,chuang,2,,2449c1d8,.wav,legacy_session,ok
raw/mandarin-tone-recordings/audio_fixed_abe/p070/session_d523587642f3/0215_wen2_wen_18f64466.wav,tone_labeled,p070,session_d523587642f3,0215,,wen2,wen,2,,18f64466,.wav,legacy_session,ok
raw/mandarin-tone-recordings/audio_fixed_abe/p070/session_d523587642f3/0216_chou4_chou_a2aed81a.wav,tone_labeled,p070,session_d523587642f3,0216,,chou4,chou,4,,a2aed81a,.wav,legacy_session,ok
raw/mandarin-tone-recordings/audio_fixed_abe/p070/session_d523587642f3/0217_tu3_tu_18d2ef18.wav,tone_labeled,p070,session_d523587642f3,0217,,tu3,tu,3,,18d2ef18,.wav,legacy_session,ok
raw/mandarin-tone-recordings/audio_fixed_abe/p070/session_d523587642f3/0218_jvan1_jvan_c9fab814.wav,tone_labeled,p070,session_d523587642f3,0218,,jvan1,jvan,1,,c9fab814,.wav,legacy_session,ok
raw/mandarin-tone-recordings/audio_fixed_abe/p070/session_d523587642f3/0219_mao1_mao_99a85308.wav,tone_labeled,p070,session_d523587642f3,0219,,mao1,mao,1,,99a85308,.wav,legacy_session,ok
raw/mandarin-tone-recordings/audio_fixed_abe/p070/session_d523587642f3/0220_ku3_ku_5eba8f56.wav,tone_labeled,p070,session_d523587642f3,0220,,ku3,ku,3,,5eba8f56,.wav,legacy_session,ok
raw/mandarin-tone-recordings/audio_fixed_abe/p070/session_d523587642f3/0221_cu4_cu_51c51c9e.wav,tone_labeled,p070,session_d523587642f3,0221,,cu4,cu,4,,51c51c9e,.wav,legacy_session,ok
raw/mandarin-tone-recordings/audio_fixed_abe/p070/session_d523587642f3/0222_yang4_yang_6a1280d2.wav,tone_labeled,p070,session_d523587642f3,0222,,yang4,yang,4,,6a1280d2,.wav,legacy_session,ok
raw/mandarin-tone-recordings/audio_fixed_abe/p070/session_d523587642f3/0223_hui2_hui_7b29d481.wav,tone_labeled,p070,session_d523587642f3,0223,,hui2,hui,2,,7b29d481,.wav,legacy_session,ok
raw/mandarin-tone-recordings/audio_fixed_abe/p070/session_d523587642f3/0224_wei2_wei_9638f18e.wav,tone_labeled,p070,session_d523587642f3,0224,,wei2,wei,2,,9638f18e,.wav,legacy_session,ok
raw/mandarin-tone-recordings/audio_fixed_abe/p070/session_d523587642f3/0225_ning1_ning_f437dfcd.wav,tone_labeled,p070,session_d523587642f3,0225,,ning1,ning,1,,f437dfcd,.wav,legacy_session,ok
raw/mandarin-tone-recordings/audio_fixed_abe/p070/session_d523587642f3/0226_ceng4_ceng_2f97b9e9.wav,tone_labeled,p070,session_d523587642f3,0226,,ceng4,ceng,4,,2f97b9e9,.wav,legacy_session,ok
raw/mandarin-tone-recordings/audio_fixed_abe/p070/session_d523587642f3/0227_xun3_xun_426f32bc.wav,tone_labeled,p070,session_d523587642f3,0227,,xun3,xun,3,,426f32bc,.wav,legacy_session,ok
raw/mandarin-tone-recordings/audio_fixed_abe/p070/session_d523587642f3/0228_kuan3_kuan_e0eb9908.wav,tone_labeled,p070,session_d523587642f3,0228,,kuan3,kuan,3,,e0eb9908,.wav,legacy_session,ok
raw/mandarin-tone-recordings/audio_fixed_abe/p070/session_d523587642f3/0229_chui4_chui_efc48577.wav,tone_labeled,p070,session_d523587642f3,0229,,chui4,chui,4,,efc48577,.wav,legacy_session,ok
raw/mandarin-tone-recordings/audio_fixed_abe/p070/session_d523587642f3/0230_tan1_tan_2e70f33c.wav,tone_labeled,p070,session_d523587642f3,0230,,tan1,tan,1,,2e70f33c,.wav,legacy_session,ok
raw/mandarin-tone-recordings/audio_fixed_abe/p070/session_d523587642f3/0231_qie3_qie_782226e2.wav,tone_labeled,p070,session_d523587642f3,0231,,qie3,qie,3,,782226e2,.wav,legacy_session,ok
raw/mandarin-tone-recordings/audio_fixed_abe/p070/session_d523587642f3/0232_ru1_ru_2b63f06f.wav,tone_labeled,p070,session_d523587642f3,0232,,ru1,ru,1,,2b63f06f,.wav,legacy_session,ok
raw/mandarin-tone-recordings/audio_fixed_abe/p070/session_d523587642f3/0233_chua2_chua_21bfff7e.wav,tone_labeled,p070,session_d523587642f3,0233,,chua2,chua,2,,21bfff7e,.wav,legacy_session,ok
raw/mandarin-tone-recordings/audio_fixed_abe/p070/session_d523587642f3/0234_bo2_bo_673a1f26.wav,tone_labeled,p070,session_d523587642f3,0234,,bo2,bo,2,,673a1f26,.wav,legacy_session,ok
raw/mandarin-tone-recordings/audio_fixed_abe/p070/session_d523587642f3/0235_hei1_hei_9aaf761b.wav,tone_labeled,p070,session_d523587642f3,0235,,hei1,hei,1,,9aaf761b,.wav,legacy_session,ok
raw/mandarin-tone-recordings/audio_fixed_abe/p070/session_d523587642f3/0236_kuang4_kuang_5ebb34cb.wav,tone_labeled,p070,session_d523587642f3,0236,,kuang4,kuang,4,,5ebb34cb,.wav,legacy_session,ok
raw/mandarin-tone-recordings/audio_fixed_abe/p070/session_d523587642f3/0237_mi1_mi_05e12f43.wav,tone_labeled,p070,session_d523587642f3,0237,,mi1,mi,1,,05e12f43,.wav,legacy_session,ok
raw/mandarin-tone-recordings/audio_fixed_abe/p070/session_d523587642f3/0238_fei2_fei_7738a49c.wav,tone_labeled,p070,session_d523587642f3,0238,,fei2,fei,2,,7738a49c,.wav,legacy_session,ok
raw/mandarin-tone-recordings/audio_fixed_abe/p070/session_d523587642f3/0239_sai1_sai_ff9833fb.wav,tone_labeled,p070,session_d523587642f3,0239,,sai1,sai,1,,ff9833fb,.wav,legacy_session,ok
raw/mandarin-tone-recordings/audio_fixed_abe/p070/session_d523587642f3/0240_se2_se_ea6c9a2f.wav,tone_labeled,p070,session_d523587642f3,0240,,se2,se,2,,ea6c9a2f,.wav,legacy_session,ok
raw/mandarin-tone-recordings/audio_fixed_abe/p070/session_d523587642f3/0241_shai1_shai_1ae3bd4e.wav,tone_labeled,p070,session_d523587642f3,0241,,shai1,shai,1,,1ae3bd4e,.wav,legacy_session,ok
raw/mandarin-tone-recordings/audio_fixed_abe/p070/session_d523587642f3/0242_nen3_nen_337fa4a6.wav,tone_labeled,p070,session_d523587642f3,0242,,nen3,nen,3,,337fa4a6,.wav,legacy_session,ok
raw/mandarin-tone-recordings/audio_fixed_abe/p070/session_d523587642f3/0243_re3_re_ebfd2d6e.wav,tone_labeled,p070,session_d523587642f3,0243,,re3,re,3,,ebfd2d6e,.wav,legacy_session,ok
raw/mandarin-tone-recordings/audio_fixed_abe/p070/session_d523587642f3/0244_mei4_mei_f7320b76.wav,tone_labeled,p070,session_d523587642f3,0244,,mei4,mei,4,,f7320b76,.wav,legacy_session,ok
raw/mandarin-tone-recordings/audio_fixed_abe/p070/session_d523587642f3/0245_kao1_kao_3dbcccab.wav,tone_labeled,p070,session_d523587642f3,0245,,kao1,kao,1,,3dbcccab,.wav,legacy_session,ok
raw/mandarin-tone-recordings/audio_fixed_abe/p070/session_d523587642f3/0246_n3_n_bdcf96e5.wav,tone_labeled,p070,session_d523587642f3,0246,,n3,n,3,,bdcf96e5,.wav,legacy_session,ok
raw/mandarin-tone-recordings/audio_fixed_abe/p070/session_d523587642f3/0247_lian4_lian_ec031099.wav,tone_labeled,p070,session_d523587642f3,0247,,lian4,lian,4,,ec031099,.wav,legacy_session,ok
raw/mandarin-tone-recordings/audio_fixed_abe/p070/session_d523587642f3/0248_zhun1_zhun_3934aff5.wav,tone_labeled,p070,session_d523587642f3,0248,,zhun1,zhun,1,,3934aff5,.wav,legacy_session,ok
raw/mandarin-tone-recordings/audio_fixed_abe/p070/session_d523587642f3/0249_juan2_juan_c8bbb85c.wav,tone_labeled,p070,session_d523587642f3,0249,,juan2,juan,2,,c8bbb85c,.wav,legacy_session,ok
raw/mandarin-tone-recordings/audio_fixed_abe/p070/session_d523587642f3/0250_di1_di_485a6c56.wav,tone_labeled,p070,session_d523587642f3,0250,,di1,di,1,,485a6c56,.wav,legacy_session,ok
raw/mandarin-tone-recordings/audio_fixed_abe/p070/session_d523587642f3/0251_zhen1_zhen_9c90f0e7.wav,tone_labeled,p070,session_d523587642f3,0251,,zhen1,zhen,1,,9c90f0e7,.wav,legacy_session,ok
raw/mandarin-tone-recordings/audio_fixed_abe/p070/session_d523587642f3/0252_hua1_hua_00f81ec2.wav,tone_labeled,p070,session_d523587642f3,0252,,hua1,hua,1,,00f81ec2,.wav,legacy_session,ok
raw/mandarin-tone-recordings/audio_fixed_abe/p070/session_d523587642f3/0253_liao1_liao_06948d1e.wav,tone_labeled,p070,session_d523587642f3,0253,,liao1,liao,1,,06948d1e,.wav,legacy_session,ok
raw/mandarin-tone-recordings/audio_fixed_abe/p070/session_d523587642f3/0254_zhao2_zhao_18182e41.wav,tone_labeled,p070,session_d523587642f3,0254,,zhao2,zhao,2,,18182e41,.wav,legacy_session,ok
raw/mandarin-tone-recordings/audio_fixed_abe/p070/session_d523587642f3/0255_huai1_huai_5f8bcb77.wav,tone_labeled,p070,session_d523587642f3,0255,,huai1,huai,1,,5f8bcb77,.wav,legacy_session,ok
raw/mandarin-tone-recordings/audio_fixed_abe/p070/session_d523587642f3/0256_n1_n_e00bc75e.wav,tone_labeled,p070,session_d523587642f3,0256,,n1,n,1,,e00bc75e,.wav,legacy_session,ok
raw/mandarin-tone-recordings/audio_fixed_abe/p070/session_d523587642f3/0257_pan2_pan_60be23d3.wav,tone_labeled,p070,session_d523587642f3,0257,,pan2,pan,2,,60be23d3,.wav,legacy_session,ok
raw/mandarin-tone-recordings/audio_fixed_abe/p070/session_d523587642f3/0258_duo3_duo_4437d027.wav,tone_labeled,p070,session_d523587642f3,0258,,duo3,duo,3,,4437d027,.wav,legacy_session,ok
raw/mandarin-tone-recordings/audio_fixed_abe/p070/session_d523587642f3/0259_nao4_nao_f9013ee9.wav,tone_labeled,p070,session_d523587642f3,0259,,nao4,nao,4,,f9013ee9,.wav,legacy_session,ok
raw/mandarin-tone-recordings/audio_fixed_abe/p070/session_d523587642f3/0260_pie3_pie_fbecd481.wav,tone_labeled,p070,session_d523587642f3,0260,,pie3,pie,3,,fbecd481,.wav,legacy_session,ok
raw/mandarin-tone-recordings/audio_fixed_abe/p070/session_d523587642f3/0261_tou3_tou_cc6a7f77.wav,tone_labeled,p070,session_d523587642f3,0261,,tou3,tou,3,,cc6a7f77,.wav,legacy_session,ok
raw/mandarin-tone-recordings/audio_fixed_abe/p070/session_d523587642f3/0262_shuai4_shuai_dc16b076.wav,tone_labeled,p070,session_d523587642f3,0262,,shuai4,shuai,4,,dc16b076,.wav,legacy_session,ok
raw/mandarin-tone-recordings/audio_fixed_abe/p070/session_d523587642f3/0263_pan3_pan_8ad333b1.wav,tone_labeled,p070,session_d523587642f3,0263,,pan3,pan,3,,8ad333b1,.wav,legacy_session,ok
raw/mandarin-tone-recordings/audio_fixed_abe/p070/session_d523587642f3/0264_tan2_tan_de0de36e.wav,tone_labeled,p070,session_d523587642f3,0264,,tan2,tan,2,,de0de36e,.wav,legacy_session,ok
raw/mandarin-tone-recordings/audio_fixed_abe/p070/session_d523587642f3/0265_wan2_wan_38282e33.wav,tone_labeled,p070,session_d523587642f3,0265,,wan2,wan,2,,38282e33,.wav,legacy_session,ok
raw/mandarin-tone-recordings/audio_fixed_abe/p070/session_d523587642f3/0266_nuan1_nuan_f2b78463.wav,tone_labeled,p070,session_d523587642f3,0266,,nuan1,nuan,1,,f2b78463,.wav,legacy_session,ok
raw/mandarin-tone-recordings/audio_fixed_abe/p070/session_d523587642f3/0267_tian4_tian_e11ff269.wav,tone_labeled,p070,session_d523587642f3,0267,,tian4,tian,4,,e11ff269,.wav,legacy_session,ok
raw/mandarin-tone-recordings/audio_fixed_abe/p070/session_d523587642f3/0268_pen2_pen_0ce69549.wav,tone_labeled,p070,session_d523587642f3,0268,,pen2,pen,2,,0ce69549,.wav,legacy_session,ok
raw/mandarin-tone-recordings/audio_fixed_abe/p070/session_d523587642f3/0269_zun2_zun_227b7d21.wav,tone_labeled,p070,session_d523587642f3,0269,,zun2,zun,2,,227b7d21,.wav,legacy_session,ok
raw/mandarin-tone-recordings/audio_fixed_abe/p070/session_d523587642f3/0270_ting1_ting_4a1682c2.wav,tone_labeled,p070,session_d523587642f3,0270,,ting1,ting,1,,4a1682c2,.wav,legacy_session,ok
raw/mandarin-tone-recordings/audio_fixed_abe/p070/session_d523587642f3/0271_ru4_ru_884b8665.wav,tone_labeled,p070,session_d523587642f3,0271,,ru4,ru,4,,884b8665,.wav,legacy_session,ok
raw/mandarin-tone-recordings/audio_fixed_abe/p070/session_d523587642f3/0272_ruan3_ruan_f36822e1.wav,tone_labeled,p070,session_d523587642f3,0272,,ruan3,ruan,3,,f36822e1,.wav,legacy_session,ok
raw/mandarin-tone-recordings/audio_fixed_abe/p070/session_d523587642f3/0273_zun3_zun_3a32c7f4.wav,tone_labeled,p070,session_d523587642f3,0273,,zun3,zun,3,,3a32c7f4,.wav,legacy_session,ok
raw/mandarin-tone-recordings/audio_fixed_abe/p070/session_d523587642f3/0274_shuai3_shuai_1043ad92.wav,tone_labeled,p070,session_d523587642f3,0274,,shuai3,shuai,3,,1043ad92,.wav,legacy_session,ok
raw/mandarin-tone-recordings/audio_fixed_abe/p070/session_d523587642f3/0275_huang4_huang_17e56116.wav,tone_labeled,p070,session_d523587642f3,0275,,huang4,huang,4,,17e56116,.wav,legacy_session,ok
raw/mandarin-tone-recordings/audio_fixed_abe/p070/session_d523587642f3/0276_zhi2_zhi_d8c8831e.wav,tone_labeled,p070,session_d523587642f3,0276,,zhi2,zhi,2,,d8c8831e,.wav,legacy_session,ok
raw/mandarin-tone-recordings/audio_fixed_abe/p070/session_d523587642f3/0277_zang3_zang_d57c0bf8.wav,tone_labeled,p070,session_d523587642f3,0277,,zang3,zang,3,,d57c0bf8,.wav,legacy_session,ok
raw/mandarin-tone-recordings/audio_fixed_abe/p070/session_d523587642f3/0278_gai1_gai_2d316065.wav,tone_labeled,p070,session_d523587642f3,0278,,gai1,gai,1,,2d316065,.wav,legacy_session,ok
raw/mandarin-tone-recordings/audio_fixed_abe/p070/session_d523587642f3/0279_bai4_bai_be84f023.wav,tone_labeled,p070,session_d523587642f3,0279,,bai4,bai,4,,be84f023,.wav,legacy_session,ok
raw/mandarin-tone-recordings/audio_fixed_abe/p070/session_d523587642f3/0280_yi4_yi_5acedaeb.wav,tone_labeled,p070,session_d523587642f3,0280,,yi4,yi,4,,5acedaeb,.wav,legacy_session,ok
raw/mandarin-tone-recordings/audio_fixed_abe/p070/session_d523587642f3/0281_chuang4_chuang_fc00e4f6.wav,tone_labeled,p070,session_d523587642f3,0281,,chuang4,chuang,4,,fc00e4f6,.wav,legacy_session,ok
raw/mandarin-tone-recordings/audio_fixed_abe/p070/session_d523587642f3/0282_ri1_row0358_ri_e862b199.wav,tone_labeled,p070,session_d523587642f3,0282,,ri1,ri,1,,e862b199,.wav,legacy_session,ok
raw/mandarin-tone-recordings/audio_fixed_abe/p070/session_d523587642f3/0283_men4_men_75988b59.wav,tone_labeled,p070,session_d523587642f3,0283,,men4,men,4,,75988b59,.wav,legacy_session,ok
raw/mandarin-tone-recordings/audio_fixed_abe/p070/session_d523587642f3/0284_pen4_pen_07fea75d.wav,tone_labeled,p070,session_d523587642f3,0284,,pen4,pen,4,,07fea75d,.wav,legacy_session,ok
raw/mandarin-tone-recordings/audio_fixed_abe/p070/session_d523587642f3/0285_mei3_mei_df06057f.wav,tone_labeled,p070,session_d523587642f3,0285,,mei3,mei,3,,df06057f,.wav,legacy_session,ok
raw/mandarin-tone-recordings/audio_fixed_abe/p070/session_d523587642f3/0286_tu2_tu_bac8332a.wav,tone_labeled,p070,session_d523587642f3,0286,,tu2,tu,2,,bac8332a,.wav,legacy_session,ok
raw/mandarin-tone-recordings/audio_fixed_abe/p070/session_d523587642f3/0287_tuo1_tuo_7223c0a8.wav,tone_labeled,p070,session_d523587642f3,0287,,tuo1,tuo,1,,7223c0a8,.wav,legacy_session,ok
raw/mandarin-tone-recordings/audio_fixed_abe/p070/session_d523587642f3/0288_dia3_dia_bb4c433a.wav,tone_labeled,p070,session_d523587642f3,0288,,dia3,dia,3,,bb4c433a,.wav,legacy_session,ok
raw/mandarin-tone-recordings/audio_fixed_abe/p070/session_d523587642f3/0289_lve4_lve_d0ca606c.wav,tone_labeled,p070,session_d523587642f3,0289,,lve4,lve,4,,d0ca606c,.wav,legacy_session,ok
raw/mandarin-tone-recordings/audio_fixed_abe/p070/session_d523587642f3/0290_hong4_hong_90463993.wav,tone_labeled,p070,session_d523587642f3,0290,,hong4,hong,4,,90463993,.wav,legacy_session,ok
raw/mandarin-tone-recordings/audio_fixed_abe/p070/session_d523587642f3/0291_fa4_fa_4c907d80.wav,tone_labeled,p070,session_d523587642f3,0291,,fa4,fa,4,,4c907d80,.wav,legacy_session,ok
raw/mandarin-tone-recordings/audio_fixed_abe/p070/session_d523587642f3/0292_kuai1_kuai_56d30245.wav,tone_labeled,p070,session_d523587642f3,0292,,kuai1,kuai,1,,56d30245,.wav,legacy_session,ok
raw/mandarin-tone-recordings/audio_fixed_abe/p070/session_d523587642f3/0293_shei3_shei_e668f6d3.wav,tone_labeled,p070,session_d523587642f3,0293,,shei3,shei,3,,e668f6d3,.wav,legacy_session,ok
raw/mandarin-tone-recordings/audio_fixed_abe/p070/session_d523587642f3/0294_ta3_ta_df450df5.wav,tone_labeled,p070,session_d523587642f3,0294,,ta3,ta,3,,df450df5,.wav,legacy_session,ok
raw/mandarin-tone-recordings/audio_fixed_abe/p070/session_d523587642f3/0295_nu4_nu_b764ed69.wav,tone_labeled,p070,session_d523587642f3,0295,,nu4,nu,4,,b764ed69,.wav,legacy_session,ok
raw/mandarin-tone-recordings/audio_fixed_abe/p070/session_d523587642f3/0296_lan1_lan_4a45d953.wav,tone_labeled,p070,session_d523587642f3,0296,,lan1,lan,1,,4a45d953,.wav,legacy_session,ok
raw/mandarin-tone-recordings/audio_fixed_abe/p070/session_d523587642f3/0297_zen4_zen_455c22af.wav,tone_labeled,p070,session_d523587642f3,0297,,zen4,zen,4,,455c22af,.wav,legacy_session,ok
raw/mandarin-tone-recordings/audio_fixed_abe/p070/session_d523587642f3/0298_teng2_teng_38aa7dba.wav,tone_labeled,p070,session_d523587642f3,0298,,teng2,teng,2,,38aa7dba,.wav,legacy_session,ok
raw/mandarin-tone-recordings/audio_fixed_abe/p070/session_d523587642f3/0299_hang4_hang_4f4b87ae.wav,tone_labeled,p070,session_d523587642f3,0299,,hang4,hang,4,,4f4b87ae,.wav,legacy_session,ok
raw/mandarin-tone-recordings/audio_fixed_abe/p070/session_d523587642f3/0300_lou3_lou_5644f034.wav,tone_labeled,p070,session_d523587642f3,0300,,lou3,lou,3,,5644f034,.wav,legacy_session,ok
raw/mandarin-tone-recordings/audio_fixed_abe/p070/session_d523587642f3/0301_shang4_shang_2fa6e732.wav,tone_labeled,p070,session_d523587642f3,0301,,shang4,shang,4,,2fa6e732,.wav,legacy_session,ok
raw/mandarin-tone-recordings/audio_fixed_abe/p070/session_d523587642f3/0302_bang3_bang_f2448dbe.wav,tone_labeled,p070,session_d523587642f3,0302,,bang3,bang,3,,f2448dbe,.wav,legacy_session,ok
raw/mandarin-tone-recordings/audio_fixed_abe/p070/session_d523587642f3/0303_cuo1_cuo_0340a9cf.wav,tone_labeled,p070,session_d523587642f3,0303,,cuo1,cuo,1,,0340a9cf,.wav,legacy_session,ok
raw/mandarin-tone-recordings/audio_fixed_abe/p070/session_d523587642f3/0304_de4_de_069727f9.wav,tone_labeled,p070,session_d523587642f3,0304,,de4,de,4,,069727f9,.wav,legacy_session,ok
raw/mandarin-tone-recordings/audio_fixed_abe/p070/session_d523587642f3/0305_geng1_geng_188807e4.wav,tone_labeled,p070,session_d523587642f3,0305,,geng1,geng,1,,188807e4,.wav,legacy_session,ok
raw/mandarin-tone-recordings/audio_fixed_abe/p070/session_d523587642f3/0306_qin3_qin_48ee2797.wav,tone_labeled,p070,session_d523587642f3,0306,,qin3,qin,3,,48ee2797,.wav,legacy_session,ok
raw/mandarin-tone-recordings/audio_fixed_abe/p070/session_d523587642f3/0307_sang3_sang_647b082e.wav,tone_labeled,p070,session_d523587642f3,0307,,sang3,sang,3,,647b082e,.wav,legacy_session,ok
raw/mandarin-tone-recordings/audio_fixed_abe/p070/session_d523587642f3/0308_wu3_wu_097b85d9.wav,tone_labeled,p070,session_d523587642f3,0308,,wu3,wu,3,,097b85d9,.wav,legacy_session,ok
raw/mandarin-tone-recordings/audio_fixed_abe/p070/session_d523587642f3/0309_cuan2_cuan_7f67194d.wav,tone_labeled,p070,session_d523587642f3,0309,,cuan2,cuan,2,,7f67194d,.wav,legacy_session,ok
raw/mandarin-tone-recordings/audio_fixed_abe/p070/session_d523587642f3/0310_zhua2_zhua_3dc448b1.wav,tone_labeled,p070,session_d523587642f3,0310,,zhua2,zhua,2,,3dc448b1,.wav,legacy_session,ok
raw/mandarin-tone-recordings/audio_fixed_abe/p070/session_d523587642f3/0311_tun4_tun_4b4fc1bc.wav,tone_labeled,p070,session_d523587642f3,0311,,tun4,tun,4,,4b4fc1bc,.wav,legacy_session,ok
raw/mandarin-tone-recordings/audio_fixed_abe/p070/session_d523587642f3/0312_mao3_mao_459988a2.wav,tone_labeled,p070,session_d523587642f3,0312,,mao3,mao,3,,459988a2,.wav,legacy_session,ok
raw/mandarin-tone-recordings/audio_fixed_abe/p070/session_d523587642f3/0313_nen2_nen_cfcf0fa8.wav,tone_labeled,p070,session_d523587642f3,0313,,nen2,nen,2,,cfcf0fa8,.wav,legacy_session,ok
raw/mandarin-tone-recordings/audio_fixed_abe/p070/session_d523587642f3/0314_si2_si_322dd713.wav,tone_labeled,p070,session_d523587642f3,0314,,si2,si,2,,322dd713,.wav,legacy_session,ok
raw/mandarin-tone-recordings/audio_fixed_abe/p070/session_d523587642f3/0315_zuan1_zuan_6cb2e367.wav,tone_labeled,p070,session_d523587642f3,0315,,zuan1,zuan,1,,6cb2e367,.wav,legacy_session,ok
raw/mandarin-tone-recordings/audio_fixed_abe/p070/session_d523587642f3/0316_liao4_liao_2940b9aa.wav,tone_labeled,p070,session_d523587642f3,0316,,liao4,liao,4,,2940b9aa,.wav,legacy_session,ok
raw/mandarin-tone-recordings/audio_fixed_abe/p070/session_d523587642f3/0317_mai1_mai_1b1fb4b1.wav,tone_labeled,p070,session_d523587642f3,0317,,mai1,mai,1,,1b1fb4b1,.wav,legacy_session,ok
raw/mandarin-tone-recordings/audio_fixed_abe/p070/session_d523587642f3/0318_zen3_zen_37c0d1b1.wav,tone_labeled,p070,session_d523587642f3,0318,,zen3,zen,3,,37c0d1b1,.wav,legacy_session,ok
raw/mandarin-tone-recordings/audio_fixed_abe/p070/session_d523587642f3/0319_gou4_gou_f346a33d.wav,tone_labeled,p070,session_d523587642f3,0319,,gou4,gou,4,,f346a33d,.wav,legacy_session,ok
raw/mandarin-tone-recordings/audio_fixed_abe/p070/session_d523587642f3/0320_ang3_ang_6c40d562.wav,tone_labeled,p070,session_d523587642f3,0320,,ang3,ang,3,,6c40d562,.wav,legacy_session,ok
raw/mandarin-tone-recordings/audio_fixed_abe/p070/session_d523587642f3/0321_kai3_kai_157b1fba.wav,tone_labeled,p070,session_d523587642f3,0321,,kai3,kai,3,,157b1fba,.wav,legacy_session,ok
raw/mandarin-tone-recordings/audio_fixed_abe/p070/session_d523587642f3/0322_yv3_yv_cd6db651.wav,tone_labeled,p070,session_d523587642f3,0322,,yv3,yv,3,,cd6db651,.wav,legacy_session,ok
raw/mandarin-tone-recordings/audio_fixed_abe/p070/session_d523587642f3/0323_gen2_gen_8b74d88f.wav,tone_labeled,p070,session_d523587642f3,0323,,gen2,gen,2,,8b74d88f,.wav,legacy_session,ok
raw/mandarin-tone-recordings/audio_fixed_abe/p070/session_d523587642f3/0324_ca2_ca_2babd441.wav,tone_labeled,p070,session_d523587642f3,0324,,ca2,ca,2,,2babd441,.wav,legacy_session,ok
raw/mandarin-tone-recordings/audio_fixed_abe/p070/session_d523587642f3/0325_bin4_bin_5d8b1ff6.wav,tone_labeled,p070,session_d523587642f3,0325,,bin4,bin,4,,5d8b1ff6,.wav,legacy_session,ok
raw/mandarin-tone-recordings/audio_fixed_abe/p070/session_d523587642f3/0326_tuan2_tuan_58046f47.wav,tone_labeled,p070,session_d523587642f3,0326,,tuan2,tuan,2,,58046f47,.wav,legacy_session,ok
raw/mandarin-tone-recordings/audio_fixed_abe/p070/session_d523587642f3/0327_wan3_wan_11c2bacb.wav,tone_labeled,p070,session_d523587642f3,0327,,wan3,wan,3,,11c2bacb,.wav,legacy_session,ok
raw/mandarin-tone-recordings/audio_fixed_abe/p070/session_d523587642f3/0328_xun1_xun_88d9b7c6.wav,tone_labeled,p070,session_d523587642f3,0328,,xun1,xun,1,,88d9b7c6,.wav,legacy_session,ok
raw/mandarin-tone-recordings/audio_fixed_abe/p070/session_d523587642f3/0329_zhuai4_zhuai_4a79214a.wav,tone_labeled,p070,session_d523587642f3,0329,,zhuai4,zhuai,4,,4a79214a,.wav,legacy_session,ok
raw/mandarin-tone-recordings/audio_fixed_abe/p070/session_d523587642f3/0330_weng2_weng_8f542fab.wav,tone_labeled,p070,session_d523587642f3,0330,,weng2,weng,2,,8f542fab,.wav,legacy_session,ok
raw/mandarin-tone-recordings/audio_fixed_abe/p070/session_d523587642f3/0331_lve1_lve_4228c267.wav,tone_labeled,p070,session_d523587642f3,0331,,lve1,lve,1,,4228c267,.wav,legacy_session,ok
raw/mandarin-tone-recordings/audio_fixed_abe/p070/session_d523587642f3/0332_men3_men_5e521484.wav,tone_labeled,p070,session_d523587642f3,0332,,men3,men,3,,5e521484,.wav,legacy_session,ok
raw/mandarin-tone-recordings/audio_fixed_abe/p070/session_d523587642f3/0333_xian2_xian_e3ca0143.wav,tone_labeled,p070,session_d523587642f3,0333,,xian2,xian,2,,e3ca0143,.wav,legacy_session,ok
raw/mandarin-tone-recordings/audio_fixed_abe/p070/session_d523587642f3/0334_lao3_lao_2d87e5eb.wav,tone_labeled,p070,session_d523587642f3,0334,,lao3,lao,3,,2d87e5eb,.wav,legacy_session,ok
raw/mandarin-tone-recordings/audio_fixed_abe/p070/session_d523587642f3/0335_cen3_cen_7171595c.wav,tone_labeled,p070,session_d523587642f3,0335,,cen3,cen,3,,7171595c,.wav,legacy_session,ok
raw/mandarin-tone-recordings/audio_fixed_abe/p070/session_d523587642f3/0336_si1_si_24227dd3.wav,tone_labeled,p070,session_d523587642f3,0336,,si1,si,1,,24227dd3,.wav,legacy_session,ok
raw/mandarin-tone-recordings/audio_fixed_abe/p070/session_d523587642f3/0337_nai3_nai_dd5c70d9.wav,tone_labeled,p070,session_d523587642f3,0337,,nai3,nai,3,,dd5c70d9,.wav,legacy_session,ok
raw/mandarin-tone-recordings/audio_fixed_abe/p070/session_d523587642f3/0338_la2_la_7e788af5.wav,tone_labeled,p070,session_d523587642f3,0338,,la2,la,2,,7e788af5,.wav,legacy_session,ok
raw/mandarin-tone-recordings/audio_fixed_abe/p070/session_d523587642f3/0339_nv4_nv_7fc873fd.wav,tone_labeled,p070,session_d523587642f3,0339,,nv4,nv,4,,7fc873fd,.wav,legacy_session,ok
raw/mandarin-tone-recordings/audio_fixed_abe/p070/session_d523587642f3/0340_ti3_ti_2e384ce0.wav,tone_labeled,p070,session_d523587642f3,0340,,ti3,ti,3,,2e384ce0,.wav,legacy_session,ok
raw/mandarin-tone-recordings/audio_fixed_abe/p070/session_d523587642f3/0341_le3_le_a181ad6d.wav,tone_labeled,p070,session_d523587642f3,0341,,le3,le,3,,a181ad6d,.wav,legacy_session,ok
raw/mandarin-tone-recordings/audio_fixed_abe/p070/session_d523587642f3/0342_eng1_eng_af1ac833.wav,tone_labeled,p070,session_d523587642f3,0342,,eng1,eng,1,,af1ac833,.wav,legacy_session,ok
raw/mandarin-tone-recordings/audio_fixed_abe/p070/session_d523587642f3/0343_dan2_dan_9d1bfdcf.wav,tone_labeled,p070,session_d523587642f3,0343,,dan2,dan,2,,9d1bfdcf,.wav,legacy_session,ok
raw/mandarin-tone-recordings/audio_fixed_abe/p070/session_d523587642f3/0344_shou1_shou_8d2cc485.wav,tone_labeled,p070,session_d523587642f3,0344,,shou1,shou,1,,8d2cc485,.wav,legacy_session,ok
raw/mandarin-tone-recordings/audio_fixed_abe/p070/session_d523587642f3/0345_dou3_dou_c684a529.wav,tone_labeled,p070,session_d523587642f3,0345,,dou3,dou,3,,c684a529,.wav,legacy_session,ok
raw/mandarin-tone-recordings/audio_fixed_abe/p070/session_d523587642f3/0346_liang2_liang_70b5d33f.wav,tone_labeled,p070,session_d523587642f3,0346,,liang2,liang,2,,70b5d33f,.wav,legacy_session,ok
raw/mandarin-tone-recordings/audio_fixed_abe/p070/session_d523587642f3/0347_gen3_gen_9e1166a3.wav,tone_labeled,p070,session_d523587642f3,0347,,gen3,gen,3,,9e1166a3,.wav,legacy_session,ok
raw/mandarin-tone-recordings/audio_fixed_abe/p070/session_d523587642f3/0348_tun3_tun_46e9b465.wav,tone_labeled,p070,session_d523587642f3,0348,,tun3,tun,3,,46e9b465,.wav,legacy_session,ok
raw/mandarin-tone-recordings/audio_fixed_abe/p070/session_d523587642f3/0349_gong4_gong_88fa2e37.wav,tone_labeled,p070,session_d523587642f3,0349,,gong4,gong,4,,88fa2e37,.wav,legacy_session,ok
raw/mandarin-tone-recordings/audio_fixed_abe/p070/session_d523587642f3/0350_ding1_ding_f32c7395.wav,tone_labeled,p070,session_d523587642f3,0350,,ding1,ding,1,,f32c7395,.wav,legacy_session,ok
raw/mandarin-tone-recordings/audio_fixed_abe/p070/session_d523587642f3/0351_kai1_kai_e425d20e.wav,tone_labeled,p070,session_d523587642f3,0351,,kai1,kai,1,,e425d20e,.wav,legacy_session,ok
raw/mandarin-tone-recordings/audio_fixed_abe/p070/session_d523587642f3/0352_ri4_ri_0ab77c3d.wav,tone_labeled,p070,session_d523587642f3,0352,,ri4,ri,4,,0ab77c3d,.wav,legacy_session,ok
raw/mandarin-tone-recordings/audio_fixed_abe/p070/session_fd476c94aedb/0001_nie1_nie_ad6536f2.wav,tone_labeled,p070,session_fd476c94aedb,0001,,nie1,nie,1,,ad6536f2,.wav,legacy_session,ok
raw/mandarin-tone-recordings/audio_fixed_abe/p070/session_fd476c94aedb/0002_zhuang1_zhuang_73eabb9a.wav,tone_labeled,p070,session_fd476c94aedb,0002,,zhuang1,zhuang,1,,73eabb9a,.wav,legacy_session,ok
raw/mandarin-tone-recordings/audio_fixed_abe/p070/session_fd476c94aedb/0003_tuo4_tuo_ec06de82.wav,tone_labeled,p070,session_fd476c94aedb,0003,,tuo4,tuo,4,,ec06de82,.wav,legacy_session,ok
raw/mandarin-tone-recordings/audio_fixed_abe/p070/session_fd476c94aedb/0004_ze2_ze_8d2f2945.wav,tone_labeled,p070,session_fd476c94aedb,0004,,ze2,ze,2,,8d2f2945,.wav,legacy_session,ok
raw/mandarin-tone-recordings/audio_fixed_abe/p070/session_fd476c94aedb/0005_ren3_ren_bd489bef.wav,tone_labeled,p070,session_fd476c94aedb,0005,,ren3,ren,3,,bd489bef,.wav,legacy_session,ok
raw/mandarin-tone-recordings/audio_fixed_abe/p070/session_fd476c94aedb/0006_fang2_fang_c29a55ad.wav,tone_labeled,p070,session_fd476c94aedb,0006,,fang2,fang,2,,c29a55ad,.wav,legacy_session,ok
raw/mandarin-tone-recordings/audio_fixed_abe/p070/session_fd476c94aedb/0007_po3_po_da6d2872.wav,tone_labeled,p070,session_fd476c94aedb,0007,,po3,po,3,,da6d2872,.wav,legacy_session,ok
raw/mandarin-tone-recordings/audio_fixed_abe/p070/session_fd476c94aedb/0008_gei1_gei_f3bfffd0.wav,tone_labeled,p070,session_fd476c94aedb,0008,,gei1,gei,1,,f3bfffd0,.wav,legacy_session,ok
raw/mandarin-tone-recordings/audio_fixed_abe/p070/session_fd476c94aedb/0009_ran1_ran_b097684e.wav,tone_labeled,p070,session_fd476c94aedb,0009,,ran1,ran,1,,b097684e,.wav,legacy_session,ok
raw/mandarin-tone-recordings/audio_fixed_abe/p070/session_fd476c94aedb/0010_jiao3_jiao_2e049a49.wav,tone_labeled,p070,session_fd476c94aedb,0010,,jiao3,jiao,3,,2e049a49,.wav,legacy_session,ok
raw/mandarin-tone-recordings/audio_fixed_abe/p070/session_fd476c94aedb/0011_rua2_rua_b100df20.wav,tone_labeled,p070,session_fd476c94aedb,0011,,rua2,rua,2,,b100df20,.wav,legacy_session,ok
raw/mandarin-tone-recordings/audio_fixed_abe/p070/session_fd476c94aedb/0012_zhou1_zhou_fee27cc0.wav,tone_labeled,p070,session_fd476c94aedb,0012,,zhou1,zhou,1,,fee27cc0,.wav,legacy_session,ok
raw/mandarin-tone-recordings/audio_fixed_abe/p070/session_fd476c94aedb/0013_ri4_ri_03903315.wav,tone_labeled,p070,session_fd476c94aedb,0013,,ri4,ri,4,,03903315,.wav,legacy_session,ok
raw/mandarin-tone-recordings/audio_fixed_abe/p070/session_fd476c94aedb/0014_bi2_bi_9614cf05.wav,tone_labeled,p070,session_fd476c94aedb,0014,,bi2,bi,2,,9614cf05,.wav,legacy_session,ok
raw/mandarin-tone-recordings/audio_fixed_abe/p070/session_fd476c94aedb/0015_gun2_gun_5e1d95c0.wav,tone_labeled,p070,session_fd476c94aedb,0015,,gun2,gun,2,,5e1d95c0,.wav,legacy_session,ok
raw/mandarin-tone-recordings/audio_fixed_abe/p070/session_fd476c94aedb/0016_lian2_lian_d1efca77.wav,tone_labeled,p070,session_fd476c94aedb,0016,,lian2,lian,2,,d1efca77,.wav,legacy_session,ok
raw/mandarin-tone-recordings/audio_fixed_abe/p070/session_fd476c94aedb/0017_nin1_nin_5328a9d2.wav,tone_labeled,p070,session_fd476c94aedb,0017,,nin1,nin,1,,5328a9d2,.wav,legacy_session,ok
raw/mandarin-tone-recordings/audio_fixed_abe/p070/session_fd476c94aedb/0018_za3_za_e9646044.wav,tone_labeled,p070,session_fd476c94aedb,0018,,za3,za,3,,e9646044,.wav,legacy_session,ok
raw/mandarin-tone-recordings/audio_fixed_abe/p070/session_fd476c94aedb/0019_liang1_liang_c7ce32ec.wav,tone_labeled,p070,session_fd476c94aedb,0019,,liang1,liang,1,,c7ce32ec,.wav,legacy_session,ok
raw/mandarin-tone-recordings/audio_fixed_abe/p070/session_fd476c94aedb/0020_wai3_wai_0fb7d7d6.wav,tone_labeled,p070,session_fd476c94aedb,0020,,wai3,wai,3,,0fb7d7d6,.wav,legacy_session,ok
raw/mandarin-tone-recordings/audio_fixed_abe/p070/session_fd476c94aedb/0021_huo2_huo_3aef0085.wav,tone_labeled,p070,session_fd476c94aedb,0021,,huo2,huo,2,,3aef0085,.wav,legacy_session,ok
raw/mandarin-tone-recordings/audio_fixed_abe/p070/session_fd476c94aedb/0022_shi4_shi_076efb92.wav,tone_labeled,p070,session_fd476c94aedb,0022,,shi4,shi,4,,076efb92,.wav,legacy_session,ok
raw/mandarin-tone-recordings/audio_fixed_abe/p070/session_fd476c94aedb/0023_piao4_piao_6a0ec631.wav,tone_labeled,p070,session_fd476c94aedb,0023,,piao4,piao,4,,6a0ec631,.wav,legacy_session,ok
raw/mandarin-tone-recordings/audio_fixed_abe/p070/session_fd476c94aedb/0024_tian2_tian_1141689d.wav,tone_labeled,p070,session_fd476c94aedb,0024,,tian2,tian,2,,1141689d,.wav,legacy_session,ok
raw/mandarin-tone-recordings/audio_fixed_abe/p070/session_fd476c94aedb/0025_fan1_fan_60e5d149.wav,tone_labeled,p070,session_fd476c94aedb,0025,,fan1,fan,1,,60e5d149,.wav,legacy_session,ok
raw/mandarin-tone-recordings/audio_fixed_abe/p070/session_fd476c94aedb/0026_chuo3_chuo_2b39fb60.wav,tone_labeled,p070,session_fd476c94aedb,0026,,chuo3,chuo,3,,2b39fb60,.wav,legacy_session,ok
raw/mandarin-tone-recordings/audio_fixed_abe/p070/session_fd476c94aedb/0027_mang2_mang_7f8fd8fd.wav,tone_labeled,p070,session_fd476c94aedb,0027,,mang2,mang,2,,7f8fd8fd,.wav,legacy_session,ok
raw/mandarin-tone-recordings/audio_fixed_abe/p070/session_fd476c94aedb/0028_nen2_nen_5a5fbbde.wav,tone_labeled,p070,session_fd476c94aedb,0028,,nen2,nen,2,,5a5fbbde,.wav,legacy_session,ok
raw/mandarin-tone-recordings/audio_fixed_abe/p070/session_fd476c94aedb/0029_ba3_ba_d23a3a00.wav,tone_labeled,p070,session_fd476c94aedb,0029,,ba3,ba,3,,d23a3a00,.wav,legacy_session,ok
raw/mandarin-tone-recordings/audio_fixed_abe/p070/session_fd476c94aedb/0030_zuo4_zuo_75cccd96.wav,tone_labeled,p070,session_fd476c94aedb,0030,,zuo4,zuo,4,,75cccd96,.wav,legacy_session,ok
raw/mandarin-tone-recordings/audio_fixed_abe/p070/session_fd476c94aedb/0031_da2_da_6ea364b6.wav,tone_labeled,p070,session_fd476c94aedb,0031,,da2,da,2,,6ea364b6,.wav,legacy_session,ok
raw/mandarin-tone-recordings/audio_fixed_abe/p070/session_fd476c94aedb/0032_liu4_liu_1a09ac84.wav,tone_labeled,p070,session_fd476c94aedb,0032,,liu4,liu,4,,1a09ac84,.wav,legacy_session,ok
raw/mandarin-tone-recordings/audio_fixed_abe/p070/session_fd476c94aedb/0033_nang1_nang_fff97453.wav,tone_labeled,p070,session_fd476c94aedb,0033,,nang1,nang,1,,fff97453,.wav,legacy_session,ok
raw/mandarin-tone-recordings/audio_fixed_abe/p070/session_fd476c94aedb/0034_yvn2_yvn_19278b94.wav,tone_labeled,p070,session_fd476c94aedb,0034,,yvn2,yvn,2,,19278b94,.wav,legacy_session,ok
raw/mandarin-tone-recordings/audio_fixed_abe/p070/session_fd476c94aedb/0035_shen1_shen_cf70f62b.wav,tone_labeled,p070,session_fd476c94aedb,0035,,shen1,shen,1,,cf70f62b,.wav,legacy_session,ok
raw/mandarin-tone-recordings/audio_fixed_abe/p070/session_fd476c94aedb/0036_shuo4_shuo_17627003.wav,tone_labeled,p070,session_fd476c94aedb,0036,,shuo4,shuo,4,,17627003,.wav,legacy_session,ok
raw/mandarin-tone-recordings/audio_fixed_abe/p070/session_fd476c94aedb/0037_wu1_wu_f8a2afd2.wav,tone_labeled,p070,session_fd476c94aedb,0037,,wu1,wu,1,,f8a2afd2,.wav,legacy_session,ok
raw/mandarin-tone-recordings/audio_fixed_abe/p070/session_fd476c94aedb/0038_zou1_zou_9d3e5f26.wav,tone_labeled,p070,session_fd476c94aedb,0038,,zou1,zou,1,,9d3e5f26,.wav,legacy_session,ok
raw/mandarin-tone-recordings/audio_fixed_abe/p070/session_fd476c94aedb/0039_tou4_tou_a216caf1.wav,tone_labeled,p070,session_fd476c94aedb,0039,,tou4,tou,4,,a216caf1,.wav,legacy_session,ok
raw/mandarin-tone-recordings/audio_fixed_abe/p070/session_fd476c94aedb/0040_kai4_kai_0ec64e5f.wav,tone_labeled,p070,session_fd476c94aedb,0040,,kai4,kai,4,,0ec64e5f,.wav,legacy_session,ok
raw/mandarin-tone-recordings/audio_fixed_abe/p070/session_fd476c94aedb/0041_diu2_diu_db493144.wav,tone_labeled,p070,session_fd476c94aedb,0041,,diu2,diu,2,,db493144,.wav,legacy_session,ok
raw/mandarin-tone-recordings/audio_fixed_abe/p070/session_fd476c94aedb/0042_zhi3_zhi_7a33c629.wav,tone_labeled,p070,session_fd476c94aedb,0042,,zhi3,zhi,3,,7a33c629,.wav,legacy_session,ok
raw/mandarin-tone-recordings/audio_fixed_abe/p070/session_fd476c94aedb/0043_ran2_ran_118fe934.wav,tone_labeled,p070,session_fd476c94aedb,0043,,ran2,ran,2,,118fe934,.wav,legacy_session,ok
raw/mandarin-tone-recordings/audio_fixed_abe/p070/session_fd476c94aedb/0044_qie4_qie_d28dcb3c.wav,tone_labeled,p070,session_fd476c94aedb,0044,,qie4,qie,4,,d28dcb3c,.wav,legacy_session,ok
raw/mandarin-tone-recordings/audio_fixed_abe/p070/session_fd476c94aedb/0045_wa2_wa_f8a7d574.wav,tone_labeled,p070,session_fd476c94aedb,0045,,wa2,wa,2,,f8a7d574,.wav,legacy_session,ok
raw/mandarin-tone-recordings/audio_fixed_abe/p070/session_fd476c94aedb/0046_pan4_pan_23de055a.wav,tone_labeled,p070,session_fd476c94aedb,0046,,pan4,pan,4,,23de055a,.wav,legacy_session,ok
raw/mandarin-tone-recordings/audio_fixed_abe/p070/session_fd476c94aedb/0047_kang1_kang_25e63c27.wav,tone_labeled,p070,session_fd476c94aedb,0047,,kang1,kang,1,,25e63c27,.wav,legacy_session,ok
raw/mandarin-tone-recordings/audio_fixed_abe/p070/session_fd476c94aedb/0048_qu1_qu_f919b432.wav,tone_labeled,p070,session_fd476c94aedb,0048,,qu1,qu,1,,f919b432,.wav,legacy_session,ok
raw/mandarin-tone-recordings/audio_fixed_abe/p070/session_fd476c94aedb/0049_jiong2_jiong_149991a6.wav,tone_labeled,p070,session_fd476c94aedb,0049,,jiong2,jiong,2,,149991a6,.wav,legacy_session,ok
raw/mandarin-tone-recordings/audio_fixed_abe/p070/session_fd476c94aedb/0050_cuan2_cuan_4d5c7de4.wav,tone_labeled,p070,session_fd476c94aedb,0050,,cuan2,cuan,2,,4d5c7de4,.wav,legacy_session,ok
raw/mandarin-tone-recordings/audio_fixed_abe/p070/session_fd476c94aedb/0051_chang1_chang_a85eec9e.wav,tone_labeled,p070,session_fd476c94aedb,0051,,chang1,chang,1,,a85eec9e,.wav,legacy_session,ok
raw/mandarin-tone-recordings/audio_fixed_abe/p070/session_fd476c94aedb/0052_bai1_bai_b079c472.wav,tone_labeled,p070,session_fd476c94aedb,0052,,bai1,bai,1,,b079c472,.wav,legacy_session,ok
raw/mandarin-tone-recordings/audio_fixed_abe/p070/session_fd476c94aedb/0053_chai2_chai_66ecd9de.wav,tone_labeled,p070,session_fd476c94aedb,0053,,chai2,chai,2,,66ecd9de,.wav,legacy_session,ok
raw/mandarin-tone-recordings/audio_fixed_abe/p070/session_fd476c94aedb/0054_cui1_cui_df8d2dc3.wav,tone_labeled,p070,session_fd476c94aedb,0054,,cui1,cui,1,,df8d2dc3,.wav,legacy_session,ok
raw/mandarin-tone-recordings/audio_fixed_abe/p070/session_fd476c94aedb/0055_fu3_fu_eb327bab.wav,tone_labeled,p070,session_fd476c94aedb,0055,,fu3,fu,3,,eb327bab,.wav,legacy_session,ok
raw/mandarin-tone-recordings/audio_fixed_abe/p070/session_fd476c94aedb/0056_ri3_ri_e23eb302.wav,tone_labeled,p070,session_fd476c94aedb,0056,,ri3,ri,3,,e23eb302,.wav,legacy_session,ok
raw/mandarin-tone-recordings/audio_fixed_abe/p070/session_fd476c94aedb/0057_zhu2_zhu_b966bdb9.wav,tone_labeled,p070,session_fd476c94aedb,0057,,zhu2,zhu,2,,b966bdb9,.wav,legacy_session,ok
raw/mandarin-tone-recordings/audio_fixed_abe/p070/session_fd476c94aedb/0058_tai1_tai_02626d07.wav,tone_labeled,p070,session_fd476c94aedb,0058,,tai1,tai,1,,02626d07,.wav,legacy_session,ok
raw/mandarin-tone-recordings/audio_fixed_abe/p070/session_fd476c94aedb/0059_shuang4_shuang_91203a6f.wav,tone_labeled,p070,session_fd476c94aedb,0059,,shuang4,shuang,4,,91203a6f,.wav,legacy_session,ok
raw/mandarin-tone-recordings/audio_fixed_abe/p070/session_fd476c94aedb/0060_gan3_gan_aa5201c0.wav,tone_labeled,p070,session_fd476c94aedb,0060,,gan3,gan,3,,aa5201c0,.wav,legacy_session,ok
raw/mandarin-tone-recordings/audio_fixed_abe/p070/session_fd476c94aedb/0061_lang1_lang_dabecf03.wav,tone_labeled,p070,session_fd476c94aedb,0061,,lang1,lang,1,,dabecf03,.wav,legacy_session,ok
raw/mandarin-tone-recordings/audio_fixed_abe/p070/session_fd476c94aedb/0062_shi2_shi_1a322253.wav,tone_labeled,p070,session_fd476c94aedb,0062,,shi2,shi,2,,1a322253,.wav,legacy_session,ok
raw/mandarin-tone-recordings/audio_fixed_abe/p070/session_fd476c94aedb/0063_suo1_suo_48a067a5.wav,tone_labeled,p070,session_fd476c94aedb,0063,,suo1,suo,1,,48a067a5,.wav,legacy_session,ok
raw/mandarin-tone-recordings/audio_fixed_abe/p070/session_fd476c94aedb/0064_nuan3_nuan_f9828b57.wav,tone_labeled,p070,session_fd476c94aedb,0064,,nuan3,nuan,3,,f9828b57,.wav,legacy_session,ok
raw/mandarin-tone-recordings/audio_fixed_abe/p070/session_fd476c94aedb/0065_nuan2_nuan_7b3aa50d.wav,tone_labeled,p070,session_fd476c94aedb,0065,,nuan2,nuan,2,,7b3aa50d,.wav,legacy_session,ok
raw/mandarin-tone-recordings/audio_fixed_abe/p070/session_fd476c94aedb/0066_long4_long_539ada57.wav,tone_labeled,p070,session_fd476c94aedb,0066,,long4,long,4,,539ada57,.wav,legacy_session,ok
raw/mandarin-tone-recordings/correct_audio_oli_2/0001_01_niao_20260702T161513Z_7e1ab292-bac8-4906-ac29-b5dc1fc3b9dd.webm,tone_unspecified,oli_2,,0001,01,niao,niao,,20260702T161513Z,7e1ab292-bac8-4906-ac29-b5dc1fc3b9dd,.webm,canonical,ok
raw/mandarin-tone-recordings/correct_audio_oli_2/0002_01_ze_20260702T161516Z_0e363ec9-957e-4f3d-a5ad-150c192388a1.webm,tone_unspecified,oli_2,,0002,01,ze,ze,,20260702T161516Z,0e363ec9-957e-4f3d-a5ad-150c192388a1,.webm,canonical,ok
raw/mandarin-tone-recordings/correct_audio_oli_2/0003_01_tian_20260702T161519Z_1ee3cc24-c730-4b25-87ba-f027fdd8dcba.webm,tone_unspecified,oli_2,,0003,01,tian,tian,,20260702T161519Z,1ee3cc24-c730-4b25-87ba-f027fdd8dcba,.webm,canonical,ok
raw/mandarin-tone-recordings/correct_audio_oli_2/0004_01_jvn_20260702T161522Z_c08faba5-8419-40af-9d14-2cbd5d43f5f2.webm,tone_unspecified,oli_2,,0004,01,jvn,jvn,,20260702T161522Z,c08faba5-8419-40af-9d14-2cbd5d43f5f2,.webm,canonical,ok
raw/mandarin-tone-recordings/correct_audio_oli_2/0005_01_san_20260702T161525Z_fdf823a1-cadc-4588-a1a0-af6838f062d8.webm,tone_unspecified,oli_2,,0005,01,san,san,,20260702T161525Z,fdf823a1-cadc-4588-a1a0-af6838f062d8,.webm,canonical,ok
raw/mandarin-tone-recordings/correct_audio_oli_2/0006_01_gun_20260702T161528Z_36d3d191-d955-4d6b-81d0-3c2eceb26f5e.webm,tone_unspecified,oli_2,,0006,01,gun,gun,,20260702T161528Z,36d3d191-d955-4d6b-81d0-3c2eceb26f5e,.webm,canonical,ok
raw/mandarin-tone-recordings/correct_audio_oli_2/0007_01_ci_20260702T161532Z_13f7a946-9989-4f73-94c5-e556fdf454a4.webm,tone_unspecified,oli_2,,0007,01,ci,ci,,20260702T161532Z,13f7a946-9989-4f73-94c5-e556fdf454a4,.webm,canonical,ok
raw/mandarin-tone-recordings/correct_audio_oli_2/0008_01_diao_20260702T161535Z_c29d5651-9d26-499c-8b00-6e88668ce7d2.webm,tone_unspecified,oli_2,,0008,01,diao,diao,,20260702T161535Z,c29d5651-9d26-499c-8b00-6e88668ce7d2,.webm,canonical,ok
raw/mandarin-tone-recordings/correct_audio_oli_2/0009_01_cei_20260702T161537Z_a6807485-09b7-487a-8713-4ce34de3f46a.webm,tone_unspecified,oli_2,,0009,01,cei,cei,,20260702T161537Z,a6807485-09b7-487a-8713-4ce34de3f46a,.webm,canonical,ok
raw/mandarin-tone-recordings/correct_audio_oli_2/0010_01_dun_20260702T161539Z_4f940361-4ef0-4acb-ac18-2b810d8c1a03.webm,tone_unspecified,oli_2,,0010,01,dun,dun,,20260702T161539Z,4f940361-4ef0-4acb-ac18-2b810d8c1a03,.webm,canonical,ok
raw/mandarin-tone-recordings/correct_audio_oli_2/0011_01_lei_20260702T161541Z_618c10d2-f10f-4a99-bcd4-ee4692be720f.webm,tone_unspecified,oli_2,,0011,01,lei,lei,,20260702T161541Z,618c10d2-f10f-4a99-bcd4-ee4692be720f,.webm,canonical,ok
raw/mandarin-tone-recordings/correct_audio_oli_2/0012_01_fo_20260702T161543Z_6afbf1ba-f981-411f-923e-2deac61f8f4e.webm,tone_unspecified,oli_2,,0012,01,fo,fo,,20260702T161543Z,6afbf1ba-f981-411f-923e-2deac61f8f4e,.webm,canonical,ok
raw/mandarin-tone-recordings/correct_audio_oli_2/0013_01_lve_20260702T161545Z_d16da460-1a5f-49c6-a088-e31eec595007.webm,tone_unspecified,oli_2,,0013,01,lve,lve,,20260702T161545Z,d16da460-1a5f-49c6-a088-e31eec595007,.webm,canonical,ok
raw/mandarin-tone-recordings/correct_audio_oli_2/0014_01_qiang_20260702T161548Z_f5346831-2caf-4da3-9fe8-dc190ff72abd.webm,tone_unspecified,oli_2,,0014,01,qiang,qiang,,20260702T161548Z,f5346831-2caf-4da3-9fe8-dc190ff72abd,.webm,canonical,ok
raw/mandarin-tone-recordings/correct_audio_oli_2/0015_01_pi_20260702T161550Z_b7e1f484-6e9b-4b68-8079-05b096f80185.webm,tone_unspecified,oli_2,,0015,01,pi,pi,,20260702T161550Z,b7e1f484-6e9b-4b68-8079-05b096f80185,.webm,canonical,ok
raw/mandarin-tone-recordings/correct_audio_oli_2/0016_01_dui_20260702T161553Z_6ff8fc4d-fb1f-43c3-9659-d4436c8b6b76.webm,tone_unspecified,oli_2,,0016,01,dui,dui,,20260702T161553Z,6ff8fc4d-fb1f-43c3-9659-d4436c8b6b76,.webm,canonical,ok
raw/mandarin-tone-recordings/correct_audio_oli_2/0017_01_yi_20260702T161556Z_3a744559-2c02-41ec-83e4-129aa0c980e3.webm,tone_unspecified,oli_2,,0017,01,yi,yi,,20260702T161556Z,3a744559-2c02-41ec-83e4-129aa0c980e3,.webm,canonical,ok
raw/mandarin-tone-recordings/correct_audio_oli_2/0018_01_che_20260702T161559Z_bc0ec1da-5196-45cd-bace-70dc31155bd9.webm,tone_unspecified,oli_2,,0018,01,che,che,,20260702T161559Z,bc0ec1da-5196-45cd-bace-70dc31155bd9,.webm,canonical,ok
raw/mandarin-tone-recordings/correct_audio_oli_2/0019_01_piao_20260702T161601Z_fcecdf23-c3bc-42cb-86c1-5a8f0c25d9f7.webm,tone_unspecified,oli_2,,0019,01,piao,piao,,20260702T161601Z,fcecdf23-c3bc-42cb-86c1-5a8f0c25d9f7,.webm,canonical,ok
raw/mandarin-tone-recordings/correct_audio_oli_2/0020_01_si_20260702T161603Z_4badafe8-0258-46ab-87b2-899e095e7077.webm,tone_unspecified,oli_2,,0020,01,si,si,,20260702T161603Z,4badafe8-0258-46ab-87b2-899e095e7077,.webm,canonical,ok
raw/mandarin-tone-recordings/correct_audio_oli_2/0021_01_ken_20260702T161605Z_00d1deba-d210-42bd-a762-528adcbc3529.webm,tone_unspecified,oli_2,,0021,01,ken,ken,,20260702T161605Z,00d1deba-d210-42bd-a762-528adcbc3529,.webm,canonical,ok
raw/mandarin-tone-recordings/correct_audio_oli_2/0022_01_nuan_20260702T161607Z_07de7f07-a3c1-4053-b172-7c64d03ecb39.webm,tone_unspecified,oli_2,,0022,01,nuan,nuan,,20260702T161607Z,07de7f07-a3c1-4053-b172-7c64d03ecb39,.webm,canonical,ok
raw/mandarin-tone-recordings/correct_audio_oli_2/0023_01_da_20260702T161609Z_446650ce-3896-48f6-84d3-1c9440f8c811.webm,tone_unspecified,oli_2,,0023,01,da,da,,20260702T161609Z,446650ce-3896-48f6-84d3-1c9440f8c811,.webm,canonical,ok
raw/mandarin-tone-recordings/correct_audio_oli_2/0024_01_sen_20260702T161611Z_749de1d2-94ce-420c-8321-be4106885813.webm,tone_unspecified,oli_2,,0024,01,sen,sen,,20260702T161611Z,749de1d2-94ce-420c-8321-be4106885813,.webm,canonical,ok
raw/mandarin-tone-recordings/correct_audio_oli_2/0025_01_leng_20260702T161613Z_83876dae-d867-4e73-81bd-4afea6f62491.webm,tone_unspecified,oli_2,,0025,01,leng,leng,,20260702T161613Z,83876dae-d867-4e73-81bd-4afea6f62491,.webm,canonical,ok
raw/mandarin-tone-recordings/correct_audio_oli_2/0026_01_zhen_20260702T161615Z_d7b74830-4368-4299-9975-d848d2db422a.webm,tone_unspecified,oli_2,,0026,01,zhen,zhen,,20260702T161615Z,d7b74830-4368-4299-9975-d848d2db422a,.webm,canonical,ok
raw/mandarin-tone-recordings/correct_audio_oli_2/0027_01_qing_20260702T161618Z_e1a88089-9601-45e6-90e6-b6b8f8669701.webm,tone_unspecified,oli_2,,0027,01,qing,qing,,20260702T161618Z,e1a88089-9601-45e6-90e6-b6b8f8669701,.webm,canonical,ok
raw/mandarin-tone-recordings/correct_audio_oli_2/0028_01_dei_20260702T161620Z_fa6b47ab-5dc6-413e-b8bc-97198ba59f91.webm,tone_unspecified,oli_2,,0028,01,dei,dei,,20260702T161620Z,fa6b47ab-5dc6-413e-b8bc-97198ba59f91,.webm,canonical,ok
raw/mandarin-tone-recordings/correct_audio_oli_2/0029_01_hun_20260702T161622Z_f17777de-8965-4ac4-b9e2-397b38b889ac.webm,tone_unspecified,oli_2,,0029,01,hun,hun,,20260702T161622Z,f17777de-8965-4ac4-b9e2-397b38b889ac,.webm,canonical,ok
raw/mandarin-tone-recordings/correct_audio_oli_2/0030_01_ning_20260702T161625Z_3fab561d-2550-4e98-8153-4d10d658c769.webm,tone_unspecified,oli_2,,0030,01,ning,ning,,20260702T161625Z,3fab561d-2550-4e98-8153-4d10d658c769,.webm,canonical,ok
raw/mandarin-tone-recordings/correct_audio_oli_2/0031_01_kou_20260702T161627Z_9eaf187f-2d48-4942-a397-a7f8b9b1fb9b.webm,tone_unspecified,oli_2,,0031,01,kou,kou,,20260702T161627Z,9eaf187f-2d48-4942-a397-a7f8b9b1fb9b,.webm,canonical,ok
raw/mandarin-tone-recordings/correct_audio_oli_2/0032_01_sha_20260702T161629Z_b50d7eb5-20be-4841-9e17-f06e07409e7d.webm,tone_unspecified,oli_2,,0032,01,sha,sha,,20260702T161629Z,b50d7eb5-20be-4841-9e17-f06e07409e7d,.webm,canonical,ok
raw/mandarin-tone-recordings/correct_audio_oli_2/0033_01_ceng_20260702T161631Z_d1133131-21d0-4ef5-bb5b-af8e9e6dd2cc.webm,tone_unspecified,oli_2,,0033,01,ceng,ceng,,20260702T161631Z,d1133131-21d0-4ef5-bb5b-af8e9e6dd2cc,.webm,canonical,ok
raw/mandarin-tone-recordings/correct_audio_oli_2/0034_01_can_20260702T161635Z_18c0a84e-91c4-41af-aecf-0d504c8287e0.webm,tone_unspecified,oli_2,,0034,01,can,can,,20260702T161635Z,18c0a84e-91c4-41af-aecf-0d504c8287e0,.webm,canonical,ok
raw/mandarin-tone-recordings/correct_audio_oli_2/0035_01_sao_20260702T161637Z_b72a8d72-6efa-4f82-b4ac-f0eb577b0d71.webm,tone_unspecified,oli_2,,0035,01,sao,sao,,20260702T161637Z,b72a8d72-6efa-4f82-b4ac-f0eb577b0d71,.webm,canonical,ok
raw/mandarin-tone-recordings/correct_audio_oli_2/0036_01_fang_20260702T161640Z_ebb87f99-52aa-41a9-a217-750797eae51a.webm,tone_unspecified,oli_2,,0036,01,fang,fang,,20260702T161640Z,ebb87f99-52aa-41a9-a217-750797eae51a,.webm,canonical,ok
raw/mandarin-tone-recordings/correct_audio_oli_2/0037_01_cheng_20260702T161643Z_e133d5d4-8ee1-460c-840a-8b7681dbd1e1.webm,tone_unspecified,oli_2,,0037,01,cheng,cheng,,20260702T161643Z,e133d5d4-8ee1-460c-840a-8b7681dbd1e1,.webm,canonical,ok
raw/mandarin-tone-recordings/correct_audio_oli_2/0038_01_ke_20260702T161645Z_1e069cde-1959-4f4c-acc8-046c5ec864f1.webm,tone_unspecified,oli_2,,0038,01,ke,ke,,20260702T161645Z,1e069cde-1959-4f4c-acc8-046c5ec864f1,.webm,canonical,ok
raw/mandarin-tone-recordings/correct_audio_oli_2/0039_01_qve_20260702T161648Z_8c39e05e-2834-478f-9db2-d240e6af9592.webm,tone_unspecified,oli_2,,0039,01,qve,qve,,20260702T161648Z,8c39e05e-2834-478f-9db2-d240e6af9592,.webm,canonical,ok
raw/mandarin-tone-recordings/correct_audio_oli_2/0040_01_suan_20260702T161650Z_91bbc16b-7f24-4e6f-a5a6-d8cd3bfc4e52.webm,tone_unspecified,oli_2,,0040,01,suan,suan,,20260702T161650Z,91bbc16b-7f24-4e6f-a5a6-d8cd3bfc4e52,.webm,canonical,ok
raw/mandarin-tone-recordings/correct_audio_oli_2/0041_01_min_20260702T161652Z_e15d84f6-e9ea-4e21-85f4-3e342bba0ad3.webm,tone_unspecified,oli_2,,0041,01,min,min,,20260702T161652Z,e15d84f6-e9ea-4e21-85f4-3e342bba0ad3,.webm,canonical,ok
raw/mandarin-tone-recordings/correct_audio_oli_2/0042_01_tang_20260702T161655Z_3917dffe-b147-410a-8af0-93fc0e45108d.webm,tone_unspecified,oli_2,,0042,01,tang,tang,,20260702T161655Z,3917dffe-b147-410a-8af0-93fc0e45108d,.webm,canonical,ok
raw/mandarin-tone-recordings/correct_audio_oli_2/0043_01_chi_20260702T161658Z_53fcef55-66be-4bad-a4e7-7db0b44cd4db.webm,tone_unspecified,oli_2,,0043,01,chi,chi,,20260702T161658Z,53fcef55-66be-4bad-a4e7-7db0b44cd4db,.webm,canonical,ok
raw/mandarin-tone-recordings/correct_audio_oli_2/0044_01_hong_20260702T161700Z_1d16ef01-bc75-432f-a2b5-04565bddf980.webm,tone_unspecified,oli_2,,0044,01,hong,hong,,20260702T161700Z,1d16ef01-bc75-432f-a2b5-04565bddf980,.webm,canonical,ok
raw/mandarin-tone-recordings/correct_audio_oli_2/0045_01_ru_20260702T161702Z_2aadebf2-e04a-46ba-a0df-0eff823699a8.webm,tone_unspecified,oli_2,,0045,01,ru,ru,,20260702T161702Z,2aadebf2-e04a-46ba-a0df-0eff823699a8,.webm,canonical,ok
raw/mandarin-tone-recordings/correct_audio_oli_2/0046_01_huang_20260702T161705Z_fc41dde3-9720-4ada-9f7b-0cd8177452e9.webm,tone_unspecified,oli_2,,0046,01,huang,huang,,20260702T161705Z,fc41dde3-9720-4ada-9f7b-0cd8177452e9,.webm,canonical,ok
raw/mandarin-tone-recordings/correct_audio_oli_2/0047_01_neng_20260702T161707Z_b2e68f52-f536-442e-9c4e-b6a53fef4db1.webm,tone_unspecified,oli_2,,0047,01,neng,neng,,20260702T161707Z,b2e68f52-f536-442e-9c4e-b6a53fef4db1,.webm,canonical,ok
raw/mandarin-tone-recordings/correct_audio_oli_2/0048_01_qu_20260702T161709Z_915fb4ee-f636-49be-ab48-10a15eab1555.webm,tone_unspecified,oli_2,,0048,01,qu,qu,,20260702T161709Z,915fb4ee-f636-49be-ab48-10a15eab1555,.webm,canonical,ok
raw/mandarin-tone-recordings/correct_audio_oli_2/0049_01_ling_20260702T161711Z_4cf78bca-af3b-49d3-886b-a3c0a1267c89.webm,tone_unspecified,oli_2,,0049,01,ling,ling,,20260702T161711Z,4cf78bca-af3b-49d3-886b-a3c0a1267c89,.webm,canonical,ok
raw/mandarin-tone-recordings/correct_audio_oli_2/0050_01_su_20260702T161713Z_2e446dc5-0fe1-4203-9e44-52192adae5ee.webm,tone_unspecified,oli_2,,0050,01,su,su,,20260702T161713Z,2e446dc5-0fe1-4203-9e44-52192adae5ee,.webm,canonical,ok
raw/mandarin-tone-recordings/correct_audio_oli_2/0051_01_zuan_20260702T161716Z_f1328465-7266-441c-8916-35c81986fd9c.webm,tone_unspecified,oli_2,,0051,01,zuan,zuan,,20260702T161716Z,f1328465-7266-441c-8916-35c81986fd9c,.webm,canonical,ok
raw/mandarin-tone-recordings/correct_audio_oli_2/0052_01_guai_20260702T161719Z_2b649020-0b6d-4d36-9db4-9dcb98006da2.webm,tone_unspecified,oli_2,,0052,01,guai,guai,,20260702T161719Z,2b649020-0b6d-4d36-9db4-9dcb98006da2,.webm,canonical,ok
raw/mandarin-tone-recordings/correct_audio_oli_2/0053_01_luan_20260702T161721Z_9abfdf59-f478-4896-8f05-9b8a4f39d025.webm,tone_unspecified,oli_2,,0053,01,luan,luan,,20260702T161721Z,9abfdf59-f478-4896-8f05-9b8a4f39d025,.webm,canonical,ok
raw/mandarin-tone-recordings/correct_audio_oli_2/0054_01_deng_20260702T161723Z_d92f2782-a7bb-4138-bba6-24ec374641ae.webm,tone_unspecified,oli_2,,0054,01,deng,deng,,20260702T161723Z,d92f2782-a7bb-4138-bba6-24ec374641ae,.webm,canonical,ok
raw/mandarin-tone-recordings/correct_audio_oli_2/0055_01_nve_20260702T161725Z_ac0db646-afd3-4f04-b895-eec08b3fa689.webm,tone_unspecified,oli_2,,0055,01,nve,nve,,20260702T161725Z,ac0db646-afd3-4f04-b895-eec08b3fa689,.webm,canonical,ok
raw/mandarin-tone-recordings/correct_audio_oli_2/0056_01_te_20260702T161727Z_407ce986-307e-4cbc-a6fd-f0cd60fa3adb.webm,tone_unspecified,oli_2,,0056,01,te,te,,20260702T161727Z,407ce986-307e-4cbc-a6fd-f0cd60fa3adb,.webm,canonical,ok
raw/mandarin-tone-recordings/correct_audio_oli_2/0057_01_zi_20260702T161730Z_a110d1d3-bf11-42c5-848f-acec0287813c.webm,tone_unspecified,oli_2,,0057,01,zi,zi,,20260702T161730Z,a110d1d3-bf11-42c5-848f-acec0287813c,.webm,canonical,ok
raw/mandarin-tone-recordings/correct_audio_oli_2/0058_01_nin_20260702T161732Z_1501d20b-007e-40d6-adb4-f1b009a8e360.webm,tone_unspecified,oli_2,,0058,01,nin,nin,,20260702T161732Z,1501d20b-007e-40d6-adb4-f1b009a8e360,.webm,canonical,ok
raw/mandarin-tone-recordings/correct_audio_oli_2/0059_01_eng_20260702T161734Z_4c0535f2-5e76-4b49-a5c2-55c4f284b8db.webm,tone_unspecified,oli_2,,0059,01,eng,eng,,20260702T161734Z,4c0535f2-5e76-4b49-a5c2-55c4f284b8db,.webm,canonical,ok
raw/mandarin-tone-recordings/correct_audio_oli_2/0060_01_qia_20260702T161736Z_47845ea1-a361-467e-9297-b5bca108f7e5.webm,tone_unspecified,oli_2,,0060,01,qia,qia,,20260702T161736Z,47845ea1-a361-467e-9297-b5bca108f7e5,.webm,canonical,ok
raw/mandarin-tone-recordings/correct_audio_oli_2/0061_01_fiao_20260702T161738Z_a640a826-7a39-4175-8985-4ecab2532fe6.webm,tone_unspecified,oli_2,,0061,01,fiao,fiao,,20260702T161738Z,a640a826-7a39-4175-8985-4ecab2532fe6,.webm,canonical,ok
raw/mandarin-tone-recordings/correct_audio_oli_2/0062_01_pie_20260702T161742Z_6ca897c1-b623-4d69-b569-c210d30248f2.webm,tone_unspecified,oli_2,,0062,01,pie,pie,,20260702T161742Z,6ca897c1-b623-4d69-b569-c210d30248f2,.webm,canonical,ok
raw/mandarin-tone-recordings/correct_audio_oli_2/0063_01_wan_20260702T161744Z_f24041c0-8354-4805-9cae-e7b40e884486.webm,tone_unspecified,oli_2,,0063,01,wan,wan,,20260702T161744Z,f24041c0-8354-4805-9cae-e7b40e884486,.webm,canonical,ok
raw/mandarin-tone-recordings/correct_audio_oli_2/0064_01_gei_20260702T161747Z_2086ce70-f3e1-4bd9-b8b1-78be1f903d49.webm,tone_unspecified,oli_2,,0064,01,gei,gei,,20260702T161747Z,2086ce70-f3e1-4bd9-b8b1-78be1f903d49,.webm,canonical,ok
raw/mandarin-tone-recordings/correct_audio_oli_2/0065_01_ga_20260702T161749Z_688841c7-2401-40d1-bb3e-b3ccd9f0f7ae.webm,tone_unspecified,oli_2,,0065,01,ga,ga,,20260702T161749Z,688841c7-2401-40d1-bb3e-b3ccd9f0f7ae,.webm,canonical,ok
raw/mandarin-tone-recordings/correct_audio_oli_2/0066_01_gen_20260702T161752Z_eab38507-550f-43a0-8a26-0fcdbdc6e33a.webm,tone_unspecified,oli_2,,0066,01,gen,gen,,20260702T161752Z,eab38507-550f-43a0-8a26-0fcdbdc6e33a,.webm,canonical,ok
raw/mandarin-tone-recordings/correct_audio_oli_2/0067_01_zhei_20260702T161755Z_db81b96d-ed34-4ac9-9206-20f7468566eb.webm,tone_unspecified,oli_2,,0067,01,zhei,zhei,,20260702T161755Z,db81b96d-ed34-4ac9-9206-20f7468566eb,.webm,canonical,ok
raw/mandarin-tone-recordings/correct_audio_oli_2/0068_01_biang_20260702T161757Z_468adcef-bf42-4efb-b4e6-296d2ab0da7e.webm,tone_unspecified,oli_2,,0068,01,biang,biang,,20260702T161757Z,468adcef-bf42-4efb-b4e6-296d2ab0da7e,.webm,canonical,ok
raw/mandarin-tone-recordings/correct_audio_oli_2/0069_01_gang_20260702T161759Z_bcc27a03-0c17-458d-a8dc-110af4cc6f64.webm,tone_unspecified,oli_2,,0069,01,gang,gang,,20260702T161759Z,bcc27a03-0c17-458d-a8dc-110af4cc6f64,.webm,canonical,ok
raw/mandarin-tone-recordings/correct_audio_oli_2/0070_01_ne_20260702T161801Z_dc1d0730-dd7b-4cff-a6b2-0a8eccb3aa70.webm,tone_unspecified,oli_2,,0070,01,ne,ne,,20260702T161801Z,dc1d0730-dd7b-4cff-a6b2-0a8eccb3aa70,.webm,canonical,ok
raw/mandarin-tone-recordings/correct_audio_oli_2/0071_01_wai_20260702T161804Z_73130ec2-037a-4e47-8b1a-e5ac20843890.webm,tone_unspecified,oli_2,,0071,01,wai,wai,,20260702T161804Z,73130ec2-037a-4e47-8b1a-e5ac20843890,.webm,canonical,ok
raw/mandarin-tone-recordings/correct_audio_oli_2/0072_01_na_20260702T161806Z_9b95ace8-658e-4f7e-be53-b9b1747fdd7c.webm,tone_unspecified,oli_2,,0072,01,na,na,,20260702T161806Z,9b95ace8-658e-4f7e-be53-b9b1747fdd7c,.webm,canonical,ok
raw/mandarin-tone-recordings/correct_audio_oli_2/0073_01_xian_20260702T161808Z_b4d4e1d1-ac59-4613-8724-8e4e7d462679.webm,tone_unspecified,oli_2,,0073,01,xian,xian,,20260702T161808Z,b4d4e1d1-ac59-4613-8724-8e4e7d462679,.webm,canonical,ok
raw/mandarin-tone-recordings/correct_audio_oli_2/0074_01_bie_20260702T161812Z_5ecb45bb-5667-4236-b698-5d47f75ef4ad.webm,tone_unspecified,oli_2,,0074,01,bie,bie,,20260702T161812Z,5ecb45bb-5667-4236-b698-5d47f75ef4ad,.webm,canonical,ok
raw/mandarin-tone-recordings/correct_audio_oli_2/0075_01_ce_20260702T161816Z_9182bdf6-ed96-4b6f-8942-7cf926af4dcf.webm,tone_unspecified,oli_2,,0075,01,ce,ce,,20260702T161816Z,9182bdf6-ed96-4b6f-8942-7cf926af4dcf,.webm,canonical,ok
raw/mandarin-tone-recordings/correct_audio_oli_2/0076_01_ming_20260702T161818Z_23a87dab-da43-4c9a-a6cb-1e262360fe3a.webm,tone_unspecified,oli_2,,0076,01,ming,ming,,20260702T161818Z,23a87dab-da43-4c9a-a6cb-1e262360fe3a,.webm,canonical,ok
raw/mandarin-tone-recordings/correct_audio_oli_2/0077_01_niang_20260702T161820Z_91b9a938-6782-49e1-980b-18c0add5b12b.webm,tone_unspecified,oli_2,,0077,01,niang,niang,,20260702T161820Z,91b9a938-6782-49e1-980b-18c0add5b12b,.webm,canonical,ok
raw/mandarin-tone-recordings/correct_audio_oli_2/0078_01_dia_20260702T161823Z_925c1253-02c2-4f4f-bb40-84d83b403cd9.webm,tone_unspecified,oli_2,,0078,01,dia,dia,,20260702T161823Z,925c1253-02c2-4f4f-bb40-84d83b403cd9,.webm,canonical,ok
raw/mandarin-tone-recordings/correct_audio_oli_2/0079_01_rao_20260702T161826Z_f57aafef-696a-4047-bd53-cdd039d1fe31.webm,tone_unspecified,oli_2,,0079,01,rao,rao,,20260702T161826Z,f57aafef-696a-4047-bd53-cdd039d1fe31,.webm,canonical,ok
raw/mandarin-tone-recordings/correct_audio_oli_2/0080_01_geng_20260702T161829Z_6970a7c6-f567-4c80-9590-5f963c89c226.webm,tone_unspecified,oli_2,,0080,01,geng,geng,,20260702T161829Z,6970a7c6-f567-4c80-9590-5f963c89c226,.webm,canonical,ok
raw/mandarin-tone-recordings/correct_audio_oli_2/0081_01_cai_20260702T161832Z_84ca7514-302b-4f20-af6a-5dd8e0420c35.webm,tone_unspecified,oli_2,,0081,01,cai,cai,,20260702T161832Z,84ca7514-302b-4f20-af6a-5dd8e0420c35,.webm,canonical,ok
raw/mandarin-tone-recordings/correct_audio_oli_2/0082_01_ren_20260702T161835Z_610bdcee-3701-4019-9ed0-7f6dc09ab1ad.webm,tone_unspecified,oli_2,,0082,01,ren,ren,,20260702T161835Z,610bdcee-3701-4019-9ed0-7f6dc09ab1ad,.webm,canonical,ok
raw/mandarin-tone-recordings/correct_audio_oli_2/0083_01_zhe_20260702T161837Z_3e8ec70d-a604-472d-89f8-6e947c54f70a.webm,tone_unspecified,oli_2,,0083,01,zhe,zhe,,20260702T161837Z,3e8ec70d-a604-472d-89f8-6e947c54f70a,.webm,canonical,ok
raw/mandarin-tone-recordings/correct_audio_oli_2/0084_01_la_20260702T161839Z_db3bd68d-e342-4f94-a736-424ca5923ea1.webm,tone_unspecified,oli_2,,0084,01,la,la,,20260702T161839Z,db3bd68d-e342-4f94-a736-424ca5923ea1,.webm,canonical,ok
raw/mandarin-tone-recordings/correct_audio_oli_2/0085_01_sai_20260702T161842Z_77087dd6-5a24-4834-8b7c-7f37361aab27.webm,tone_unspecified,oli_2,,0085,01,sai,sai,,20260702T161842Z,77087dd6-5a24-4834-8b7c-7f37361aab27,.webm,canonical,ok
raw/mandarin-tone-recordings/correct_audio_oli_2/0086_01_xing_20260702T161846Z_555f3a4f-77fe-4255-ac45-f496f4d3fa14.webm,tone_unspecified,oli_2,,0086,01,xing,xing,,20260702T161846Z,555f3a4f-77fe-4255-ac45-f496f4d3fa14,.webm,canonical,ok
raw/mandarin-tone-recordings/correct_audio_oli_2/0087_01_jie_20260702T161849Z_a4a796eb-de8d-4616-8fb0-f4c4542e9ab4.webm,tone_unspecified,oli_2,,0087,01,jie,jie,,20260702T161849Z,a4a796eb-de8d-4616-8fb0-f4c4542e9ab4,.webm,canonical,ok
raw/mandarin-tone-recordings/correct_audio_oli_2/0088_01_dang_20260702T161851Z_7194d8f4-d98b-499d-9e68-08b199e0501e.webm,tone_unspecified,oli_2,,0088,01,dang,dang,,20260702T161851Z,7194d8f4-d98b-499d-9e68-08b199e0501e,.webm,canonical,ok
raw/mandarin-tone-recordings/correct_audio_oli_2/0089_01_tai_20260702T161853Z_df3450dd-3383-4f9e-af46-5a871bc93fa4.webm,tone_unspecified,oli_2,,0089,01,tai,tai,,20260702T161853Z,df3450dd-3383-4f9e-af46-5a871bc93fa4,.webm,canonical,ok
raw/mandarin-tone-recordings/correct_audio_oli_2/0090_01_chun_20260702T161856Z_a455d392-8bc1-46cc-a7f1-459748ae84b5.webm,tone_unspecified,oli_2,,0090,01,chun,chun,,20260702T161856Z,a455d392-8bc1-46cc-a7f1-459748ae84b5,.webm,canonical,ok
raw/mandarin-tone-recordings/correct_audio_oli_2/0091_01_nuo_20260702T161858Z_4d73a011-e57c-49fe-9e97-70fabc699a2d.webm,tone_unspecified,oli_2,,0091,01,nuo,nuo,,20260702T161858Z,4d73a011-e57c-49fe-9e97-70fabc699a2d,.webm,canonical,ok
raw/mandarin-tone-recordings/correct_audio_oli_2/0092_01_bao_20260702T161900Z_2ff59ea5-86e7-47ba-9263-a38c33be6ff5.webm,tone_unspecified,oli_2,,0092,01,bao,bao,,20260702T161900Z,2ff59ea5-86e7-47ba-9263-a38c33be6ff5,.webm,canonical,ok
raw/mandarin-tone-recordings/correct_audio_oli_2/0093_01_kuang_20260702T161902Z_24250809-2ec9-49f5-b7aa-35e4040885e5.webm,tone_unspecified,oli_2,,0093,01,kuang,kuang,,20260702T161902Z,24250809-2ec9-49f5-b7aa-35e4040885e5,.webm,canonical,ok
raw/mandarin-tone-recordings/correct_audio_oli_2/0094_01_jing_20260702T161904Z_5196fb1f-08be-484c-a789-c0bc3dd1d4e4.webm,tone_unspecified,oli_2,,0094,01,jing,jing,,20260702T161904Z,5196fb1f-08be-484c-a789-c0bc3dd1d4e4,.webm,canonical,ok
raw/mandarin-tone-recordings/correct_audio_oli_2/0095_01_meng_20260702T161906Z_d0f5c03a-7e09-40b7-ae5d-df0f62e19675.webm,tone_unspecified,oli_2,,0095,01,meng,meng,,20260702T161906Z,d0f5c03a-7e09-40b7-ae5d-df0f62e19675,.webm,canonical,ok
raw/mandarin-tone-recordings/correct_audio_oli_2/0096_01_rong_20260702T161908Z_bec158ac-e1d8-4f4b-8497-e18865cca333.webm,tone_unspecified,oli_2,,0096,01,rong,rong,,20260702T161908Z,bec158ac-e1d8-4f4b-8497-e18865cca333,.webm,canonical,ok
raw/mandarin-tone-recordings/correct_audio_oli_2/0097_01_bin_20260702T161910Z_397dd2d4-9316-43f9-a708-14080a2fd63c.webm,tone_unspecified,oli_2,,0097,01,bin,bin,,20260702T161910Z,397dd2d4-9316-43f9-a708-14080a2fd63c,.webm,canonical,ok
raw/mandarin-tone-recordings/correct_audio_oli_2/0098_01_shuang_20260702T161913Z_7d10be86-b133-4941-941c-14807a33ab57.webm,tone_unspecified,oli_2,,0098,01,shuang,shuang,,20260702T161913Z,7d10be86-b133-4941-941c-14807a33ab57,.webm,canonical,ok
raw/mandarin-tone-recordings/correct_audio_oli_2/0099_01_nong_20260702T161915Z_04b075a5-e1e6-4faa-87f0-8033adb8e4bc.webm,tone_unspecified,oli_2,,0099,01,nong,nong,,20260702T161915Z,04b075a5-e1e6-4faa-87f0-8033adb8e4bc,.webm,canonical,ok
raw/mandarin-tone-recordings/correct_audio_oli_2/0100_01_se_20260702T161918Z_2e408e66-e8b6-462d-8e38-b19a464453ea.webm,tone_unspecified,oli_2,,0100,01,se,se,,20260702T161918Z,2e408e66-e8b6-462d-8e38-b19a464453ea,.webm,canonical,ok
raw/mandarin-tone-recordings/correct_audio_oli_2/0101_01_shei_20260702T161920Z_02a23532-17f4-4ffb-b997-974da6071ad0.webm,tone_unspecified,oli_2,,0101,01,shei,shei,,20260702T161920Z,02a23532-17f4-4ffb-b997-974da6071ad0,.webm,canonical,ok
raw/mandarin-tone-recordings/correct_audio_oli_2/0102_01_tuan_20260702T161922Z_77ad4e1f-68dd-4d28-a5f1-f55f46668e5a.webm,tone_unspecified,oli_2,,0102,01,tuan,tuan,,20260702T161922Z,77ad4e1f-68dd-4d28-a5f1-f55f46668e5a,.webm,canonical,ok
raw/mandarin-tone-recordings/correct_audio_oli_2/0103_01_rua_20260702T161923Z_1ddba695-a025-4ac7-bad9-70ecbff6291d.webm,tone_unspecified,oli_2,,0103,01,rua,rua,,20260702T161923Z,1ddba695-a025-4ac7-bad9-70ecbff6291d,.webm,canonical,ok
raw/mandarin-tone-recordings/correct_audio_oli_2/0104_01_shuo_20260702T161926Z_02b221cc-d2c1-4686-8e5b-c81ddd61cd13.webm,tone_unspecified,oli_2,,0104,01,shuo,shuo,,20260702T161926Z,02b221cc-d2c1-4686-8e5b-c81ddd61cd13,.webm,canonical,ok
raw/mandarin-tone-recordings/correct_audio_oli_2/0105_01_sa_20260702T161928Z_d71fd92c-d34c-42bb-8be0-66b977654672.webm,tone_unspecified,oli_2,,0105,01,sa,sa,,20260702T161928Z,d71fd92c-d34c-42bb-8be0-66b977654672,.webm,canonical,ok
raw/mandarin-tone-recordings/correct_audio_oli_2/0106_01_zu_20260702T161930Z_4e582c4f-f74d-48d3-9710-1175d0273369.webm,tone_unspecified,oli_2,,0106,01,zu,zu,,20260702T161930Z,4e582c4f-f74d-48d3-9710-1175d0273369,.webm,canonical,ok
raw/mandarin-tone-recordings/correct_audio_oli_2/0107_01_pou_20260702T161933Z_3fc1921b-dd7b-4a69-a76d-cdabb23f3135.webm,tone_unspecified,oli_2,,0107,01,pou,pou,,20260702T161933Z,3fc1921b-dd7b-4a69-a76d-cdabb23f3135,.webm,canonical,ok
raw/mandarin-tone-recordings/correct_audio_oli_2/0108_01_ha_20260702T161935Z_62a11668-f0cf-4f61-9391-983a6e03aca5.webm,tone_unspecified,oli_2,,0108,01,ha,ha,,20260702T161935Z,62a11668-f0cf-4f61-9391-983a6e03aca5,.webm,canonical,ok
raw/mandarin-tone-recordings/correct_audio_oli_2/0109_01_hen_20260702T161938Z_385c8e3d-aa63-44ba-ae07-b6b6574cf05f.webm,tone_unspecified,oli_2,,0109,01,hen,hen,,20260702T161938Z,385c8e3d-aa63-44ba-ae07-b6b6574cf05f,.webm,canonical,ok
raw/mandarin-tone-recordings/correct_audio_oli_2/0110_01_cha_20260702T161940Z_cfc77625-36fa-4fb8-b906-77be8fde5ae4.webm,tone_unspecified,oli_2,,0110,01,cha,cha,,20260702T161940Z,cfc77625-36fa-4fb8-b906-77be8fde5ae4,.webm,canonical,ok
raw/mandarin-tone-recordings/correct_audio_oli_2/0111_01_kui_20260702T161942Z_1446487e-1508-4eea-825d-71764e9a85d5.webm,tone_unspecified,oli_2,,0111,01,kui,kui,,20260702T161942Z,1446487e-1508-4eea-825d-71764e9a85d5,.webm,canonical,ok
raw/mandarin-tone-recordings/correct_audio_oli_2/0112_01_huan_20260702T161943Z_5aa0b9a3-37d9-4c5a-9c8c-6212e86d7d31.webm,tone_unspecified,oli_2,,0112,01,huan,huan,,20260702T161943Z,5aa0b9a3-37d9-4c5a-9c8c-6212e86d7d31,.webm,canonical,ok
raw/mandarin-tone-recordings/correct_audio_oli_2/0113_01_zhao_20260702T161947Z_f012adf2-c039-4e39-9464-1dd1644dc12c.webm,tone_unspecified,oli_2,,0113,01,zhao,zhao,,20260702T161947Z,f012adf2-c039-4e39-9464-1dd1644dc12c,.webm,canonical,ok
raw/mandarin-tone-recordings/correct_audio_oli_2/0114_01_shu_20260702T161950Z_61050530-f3f3-408e-b577-9f1a287f6b39.webm,tone_unspecified,oli_2,,0114,01,shu,shu,,20260702T161950Z,61050530-f3f3-408e-b577-9f1a287f6b39,.webm,canonical,ok
raw/mandarin-tone-recordings/correct_audio_oli_2/0115_01_tou_20260702T161952Z_1ae080c3-2a79-4d46-87d5-3aa9f5677482.webm,tone_unspecified,oli_2,,0115,01,tou,tou,,20260702T161952Z,1ae080c3-2a79-4d46-87d5-3aa9f5677482,.webm,canonical,ok
raw/mandarin-tone-recordings/correct_audio_oli_2/0116_01_chen_20260702T161954Z_d903662c-7813-4e66-a1f5-2f5187c63c7d.webm,tone_unspecified,oli_2,,0116,01,chen,chen,,20260702T161954Z,d903662c-7813-4e66-a1f5-2f5187c63c7d,.webm,canonical,ok
raw/mandarin-tone-recordings/correct_audio_oli_2/0117_01_bian_20260702T161956Z_4d74277b-5340-437d-8da9-74f5d2b7e3e9.webm,tone_unspecified,oli_2,,0117,01,bian,bian,,20260702T161956Z,4d74277b-5340-437d-8da9-74f5d2b7e3e9,.webm,canonical,ok
raw/mandarin-tone-recordings/correct_audio_oli_2/0118_01_huo_20260702T161959Z_c7fc2c49-9d7e-4cf3-ac73-c4061170ae8e.webm,tone_unspecified,oli_2,,0118,01,huo,huo,,20260702T161959Z,c7fc2c49-9d7e-4cf3-ac73-c4061170ae8e,.webm,canonical,ok
raw/mandarin-tone-recordings/correct_audio_oli_2/0119_01_sheng_20260702T162001Z_99207b26-ad1f-48c4-8b23-e26c21828449.webm,tone_unspecified,oli_2,,0119,01,sheng,sheng,,20260702T162001Z,99207b26-ad1f-48c4-8b23-e26c21828449,.webm,canonical,ok
raw/mandarin-tone-recordings/correct_audio_oli_2/0120_01_zhuan_20260702T162003Z_6151d686-2add-4557-b5ba-2abcafc41b75.webm,tone_unspecified,oli_2,,0120,01,zhuan,zhuan,,20260702T162003Z,6151d686-2add-4557-b5ba-2abcafc41b75,.webm,canonical,ok
raw/mandarin-tone-recordings/correct_audio_oli_2/0121_01_nei_20260702T162005Z_522edf15-2212-4ca2-abe4-1a3be359ff25.webm,tone_unspecified,oli_2,,0121,01,nei,nei,,20260702T162005Z,522edf15-2212-4ca2-abe4-1a3be359ff25,.webm,canonical,ok
raw/mandarin-tone-recordings/correct_audio_oli_2/0122_01_yve_20260702T162008Z_aebcf80d-96f7-4b4e-8f50-f1e5c6ae87b8.webm,tone_unspecified,oli_2,,0122,01,yve,yve,,20260702T162008Z,aebcf80d-96f7-4b4e-8f50-f1e5c6ae87b8,.webm,canonical,ok
raw/mandarin-tone-recordings/correct_audio_oli_2/0123_01_xu_20260702T162011Z_eac2c227-e476-460f-adef-8888f795d3e0.webm,tone_unspecified,oli_2,,0123,01,xu,xu,,20260702T162011Z,eac2c227-e476-460f-adef-8888f795d3e0,.webm,canonical,ok
raw/mandarin-tone-recordings/correct_audio_oli_2/0124_01_cu_20260702T162013Z_83659d5f-43f3-4a1d-af12-e8b4e1715199.webm,tone_unspecified,oli_2,,0124,01,cu,cu,,20260702T162013Z,83659d5f-43f3-4a1d-af12-e8b4e1715199,.webm,canonical,ok
raw/mandarin-tone-recordings/correct_audio_oli_2/0125_01_zhai_20260702T162015Z_2b720749-9c82-4932-bf28-fc65dcbef748.webm,tone_unspecified,oli_2,,0125,01,zhai,zhai,,20260702T162015Z,2b720749-9c82-4932-bf28-fc65dcbef748,.webm,canonical,ok
raw/mandarin-tone-recordings/correct_audio_oli_2/0126_01_ka_20260702T162016Z_2c41cd6f-59b5-4e6c-90c9-562d42ba0f13.webm,tone_unspecified,oli_2,,0126,01,ka,ka,,20260702T162016Z,2c41cd6f-59b5-4e6c-90c9-562d42ba0f13,.webm,canonical,ok
raw/mandarin-tone-recordings/correct_audio_oli_2/0127_01_nang_20260702T162018Z_add3e302-5ff9-4068-9ed0-4dfc0fb45dac.webm,tone_unspecified,oli_2,,0127,01,nang,nang,,20260702T162018Z,add3e302-5ff9-4068-9ed0-4dfc0fb45dac,.webm,canonical,ok
raw/mandarin-tone-recordings/correct_audio_oli_2/0128_01_nao_20260702T162020Z_fb5006e8-ab5e-4e3f-a743-8df676bea852.webm,tone_unspecified,oli_2,,0128,01,nao,nao,,20260702T162020Z,fb5006e8-ab5e-4e3f-a743-8df676bea852,.webm,canonical,ok
raw/mandarin-tone-recordings/correct_audio_oli_2/0129_01_sang_20260702T162022Z_ff8151b5-909c-403c-9e88-9ef2d02a748c.webm,tone_unspecified,oli_2,,0129,01,sang,sang,,20260702T162022Z,ff8151b5-909c-403c-9e88-9ef2d02a748c,.webm,canonical,ok
raw/mandarin-tone-recordings/correct_audio_oli_2/0130_01_pang_20260702T162024Z_768fcfcb-6545-4288-8268-08b2f96fe966.webm,tone_unspecified,oli_2,,0130,01,pang,pang,,20260702T162024Z,768fcfcb-6545-4288-8268-08b2f96fe966,.webm,canonical,ok
raw/mandarin-tone-recordings/correct_audio_oli_2/0131_01_wo_20260702T162026Z_4a048c63-c54f-456d-b3e1-3c157fef5bad.webm,tone_unspecified,oli_2,,0131,01,wo,wo,,20260702T162026Z,4a048c63-c54f-456d-b3e1-3c157fef5bad,.webm,canonical,ok
raw/mandarin-tone-recordings/correct_audio_oli_2/0132_01_bai_20260702T162028Z_06688385-3671-46a1-96ec-c641094935c3.webm,tone_unspecified,oli_2,,0132,01,bai,bai,,20260702T162028Z,06688385-3671-46a1-96ec-c641094935c3,.webm,canonical,ok
raw/mandarin-tone-recordings/correct_audio_oli_2/0133_01_po_20260702T162030Z_4dbf0e6c-cfef-4be0-b21b-ad80aa45b3cd.webm,tone_unspecified,oli_2,,0133,01,po,po,,20260702T162030Z,4dbf0e6c-cfef-4be0-b21b-ad80aa45b3cd,.webm,canonical,ok
raw/mandarin-tone-recordings/correct_audio_oli_2/0134_01_dong_20260702T162032Z_09bdcabb-3c39-4cae-a7a2-c5d29489b166.webm,tone_unspecified,oli_2,,0134,01,dong,dong,,20260702T162032Z,09bdcabb-3c39-4cae-a7a2-c5d29489b166,.webm,canonical,ok
raw/mandarin-tone-recordings/correct_audio_oli_2/0135_01_xia_20260702T162034Z_6460498a-a763-4995-834f-6bd248e7e870.webm,tone_unspecified,oli_2,,0135,01,xia,xia,,20260702T162034Z,6460498a-a763-4995-834f-6bd248e7e870,.webm,canonical,ok
raw/mandarin-tone-recordings/correct_audio_oli_2/0136_01_qiu_20260702T162035Z_2a6834be-bb0f-4c22-b49c-8ebcff090ea8.webm,tone_unspecified,oli_2,,0136,01,qiu,qiu,,20260702T162035Z,2a6834be-bb0f-4c22-b49c-8ebcff090ea8,.webm,canonical,ok
raw/mandarin-tone-recordings/correct_audio_oli_2/0137_01_lian_20260702T162037Z_c91b1843-b13d-4b8a-bb9c-87e65f63ed63.webm,tone_unspecified,oli_2,,0137,01,lian,lian,,20260702T162037Z,c91b1843-b13d-4b8a-bb9c-87e65f63ed63,.webm,canonical,ok
raw/mandarin-tone-recordings/correct_audio_oli_2/0138_01_jin_20260702T162039Z_154afa9e-ca04-4dd6-9926-05fe9bcb930b.webm,tone_unspecified,oli_2,,0138,01,jin,jin,,20260702T162039Z,154afa9e-ca04-4dd6-9926-05fe9bcb930b,.webm,canonical,ok
raw/mandarin-tone-recordings/correct_audio_oli_2/0139_01_qiao_20260702T162041Z_c2f53f9e-3ded-4eaf-ad53-ccc036b8bb86.webm,tone_unspecified,oli_2,,0139,01,qiao,qiao,,20260702T162041Z,c2f53f9e-3ded-4eaf-ad53-ccc036b8bb86,.webm,canonical,ok
raw/mandarin-tone-recordings/correct_audio_oli_2/0140_01_qvan_20260702T162043Z_65cbeed6-9e93-45eb-9884-49f533875006.webm,tone_unspecified,oli_2,,0140,01,qvan,qvan,,20260702T162043Z,65cbeed6-9e93-45eb-9884-49f533875006,.webm,canonical,ok
raw/mandarin-tone-recordings/correct_audio_oli_2/0141_01_xvn_20260702T162045Z_0204e5b6-29fa-4aff-975f-07ef421996d7.webm,tone_unspecified,oli_2,,0141,01,xvn,xvn,,20260702T162045Z,0204e5b6-29fa-4aff-975f-07ef421996d7,.webm,canonical,ok
raw/mandarin-tone-recordings/correct_audio_oli_2/0142_01_mo_20260702T162047Z_b128da7f-b608-4110-8e4b-bbd9f5b33b78.webm,tone_unspecified,oli_2,,0142,01,mo,mo,,20260702T162047Z,b128da7f-b608-4110-8e4b-bbd9f5b33b78,.webm,canonical,ok
raw/mandarin-tone-recordings/correct_audio_oli_2/0143_01_mou_20260702T162048Z_fdebdb3a-cd11-4ef2-88a8-0e626c173cfc.webm,tone_unspecified,oli_2,,0143,01,mou,mou,,20260702T162048Z,fdebdb3a-cd11-4ef2-88a8-0e626c173cfc,.webm,canonical,ok
raw/mandarin-tone-recordings/correct_audio_oli_2/0144_01_chuan_20260702T162050Z_ebb350ed-96ed-4237-97cd-6b1636525a67.webm,tone_unspecified,oli_2,,0144,01,chuan,chuan,,20260702T162050Z,ebb350ed-96ed-4237-97cd-6b1636525a67,.webm,canonical,ok
raw/mandarin-tone-recordings/correct_audio_oli_2/0145_01_zhuang_20260702T162052Z_c7e459ca-7869-4b2a-b1a0-e9e6583f6a97.webm,tone_unspecified,oli_2,,0145,01,zhuang,zhuang,,20260702T162052Z,c7e459ca-7869-4b2a-b1a0-e9e6583f6a97,.webm,canonical,ok
raw/mandarin-tone-recordings/correct_audio_oli_2/0146_01_zui_20260702T162054Z_d107b9a6-cecd-4791-9235-245dec9e540e.webm,tone_unspecified,oli_2,,0146,01,zui,zui,,20260702T162054Z,d107b9a6-cecd-4791-9235-245dec9e540e,.webm,canonical,ok
raw/mandarin-tone-recordings/correct_audio_oli_2/0147_01_man_20260702T162056Z_6fefc248-9a0c-4911-893f-37ceeb5be270.webm,tone_unspecified,oli_2,,0147,01,man,man,,20260702T162056Z,6fefc248-9a0c-4911-893f-37ceeb5be270,.webm,canonical,ok
raw/mandarin-tone-recordings/correct_audio_oli_2/0148_01_qie_20260702T162058Z_7ad14006-28b7-41c5-8b1f-812ddf99eab1.webm,tone_unspecified,oli_2,,0148,01,qie,qie,,20260702T162058Z,7ad14006-28b7-41c5-8b1f-812ddf99eab1,.webm,canonical,ok
raw/mandarin-tone-recordings/correct_audio_oli_2/0149_01_yan_20260702T162059Z_bde94285-db28-4be6-ae5f-680c87a80910.webm,tone_unspecified,oli_2,,0149,01,yan,yan,,20260702T162059Z,bde94285-db28-4be6-ae5f-680c87a80910,.webm,canonical,ok
raw/mandarin-tone-recordings/correct_audio_oli_2/0150_01_lou_20260702T162101Z_18bd611c-9e3e-4289-a718-2738ae265c36.webm,tone_unspecified,oli_2,,0150,01,lou,lou,,20260702T162101Z,18bd611c-9e3e-4289-a718-2738ae265c36,.webm,canonical,ok
raw/mandarin-tone-recordings/correct_audio_oli_2/0151_01_e_20260702T162103Z_b516d4af-28bb-4f78-b3bf-ad7e74ac874b.webm,tone_unspecified,oli_2,,0151,01,e,e,,20260702T162103Z,b516d4af-28bb-4f78-b3bf-ad7e74ac874b,.webm,canonical,ok
raw/mandarin-tone-recordings/correct_audio_oli_2/0152_01_ping_20260702T162105Z_013f8c35-1b7c-42ff-ae85-66847ed10029.webm,tone_unspecified,oli_2,,0152,01,ping,ping,,20260702T162105Z,013f8c35-1b7c-42ff-ae85-66847ed10029,.webm,canonical,ok
raw/mandarin-tone-recordings/correct_audio_oli_2/0153_01_de_20260702T162107Z_030fef61-6784-4835-a142-2bba9e4644fc.webm,tone_unspecified,oli_2,,0153,01,de,de,,20260702T162107Z,030fef61-6784-4835-a142-2bba9e4644fc,.webm,canonical,ok
raw/mandarin-tone-recordings/correct_audio_oli_2/0154_01_ran_20260702T162109Z_523c600d-a1fc-46b5-ac2b-5dbfc8cc5d09.webm,tone_unspecified,oli_2,,0154,01,ran,ran,,20260702T162109Z,523c600d-a1fc-46b5-ac2b-5dbfc8cc5d09,.webm,canonical,ok
raw/mandarin-tone-recordings/correct_audio_oli_2/0155_01_mi_20260702T162111Z_7480c101-a537-46a2-a191-bcac59db34a1.webm,tone_unspecified,oli_2,,0155,01,mi,mi,,20260702T162111Z,7480c101-a537-46a2-a191-bcac59db34a1,.webm,canonical,ok
raw/mandarin-tone-recordings/correct_audio_oli_2/0156_01_zhu_20260702T162113Z_aac201aa-0575-4333-91e7-b4ce0346ca6f.webm,tone_unspecified,oli_2,,0156,01,zhu,zhu,,20260702T162113Z,aac201aa-0575-4333-91e7-b4ce0346ca6f,.webm,canonical,ok
raw/mandarin-tone-recordings/correct_audio_oli_2/0157_01_ting_20260702T162115Z_6c890565-5626-4807-bd00-812d2ba88a00.webm,tone_unspecified,oli_2,,0157,01,ting,ting,,20260702T162115Z,6c890565-5626-4807-bd00-812d2ba88a00,.webm,canonical,ok
raw/mandarin-tone-recordings/correct_audio_oli_2/0158_01_zuo_20260702T162117Z_c8fc4f1f-e22a-434a-add5-94db9cdfdd1b.webm,tone_unspecified,oli_2,,0158,01,zuo,zuo,,20260702T162117Z,c8fc4f1f-e22a-434a-add5-94db9cdfdd1b,.webm,canonical,ok
raw/mandarin-tone-recordings/correct_audio_oli_2/0159_01_cang_20260702T162121Z_7f86aa4d-f3a5-4ebf-ba03-48e37ea2d68d.webm,tone_unspecified,oli_2,,0159,01,cang,cang,,20260702T162121Z,7f86aa4d-f3a5-4ebf-ba03-48e37ea2d68d,.webm,canonical,ok
raw/mandarin-tone-recordings/correct_audio_oli_2/0160_01_tie_20260702T162122Z_eb864be9-bb5f-4fae-a35e-e5782d03e307.webm,tone_unspecified,oli_2,,0160,01,tie,tie,,20260702T162122Z,eb864be9-bb5f-4fae-a35e-e5782d03e307,.webm,canonical,ok
raw/mandarin-tone-recordings/correct_audio_oli_2/0161_01_xve_20260702T162125Z_73831f2d-05ec-44d8-9da5-c5d7914b22e4.webm,tone_unspecified,oli_2,,0161,01,xve,xve,,20260702T162125Z,73831f2d-05ec-44d8-9da5-c5d7914b22e4,.webm,canonical,ok
raw/mandarin-tone-recordings/correct_audio_oli_2/0162_01_wu_20260702T162127Z_2cc584c6-64f7-4601-bc7d-b9d32712611b.webm,tone_unspecified,oli_2,,0162,01,wu,wu,,20260702T162127Z,2cc584c6-64f7-4601-bc7d-b9d32712611b,.webm,canonical,ok
raw/mandarin-tone-recordings/correct_audio_oli_2/0163_01_mie_20260702T162130Z_e95f7cce-ea5d-4aae-9e44-aff072e2ddae.webm,tone_unspecified,oli_2,,0163,01,mie,mie,,20260702T162130Z,e95f7cce-ea5d-4aae-9e44-aff072e2ddae,.webm,canonical,ok
raw/mandarin-tone-recordings/correct_audio_oli_2/0164_01_shai_20260702T162132Z_3e44a941-38dd-4705-bab1-1a632cae62e3.webm,tone_unspecified,oli_2,,0164,01,shai,shai,,20260702T162132Z,3e44a941-38dd-4705-bab1-1a632cae62e3,.webm,canonical,ok
raw/mandarin-tone-recordings/correct_audio_oli_2/0165_01_shao_20260702T162134Z_1e477b3f-f587-47b6-80b6-7ccfcfe2972f.webm,tone_unspecified,oli_2,,0165,01,shao,shao,,20260702T162134Z,1e477b3f-f587-47b6-80b6-7ccfcfe2972f,.webm,canonical,ok
raw/mandarin-tone-recordings/correct_audio_oli_2/0166_01_du_20260702T162136Z_3930675f-eadc-49ce-b472-45d48b3c07d9.webm,tone_unspecified,oli_2,,0166,01,du,du,,20260702T162136Z,3930675f-eadc-49ce-b472-45d48b3c07d9,.webm,canonical,ok
raw/mandarin-tone-recordings/correct_audio_oli_2/0167_01_guo_20260702T162137Z_bd2634bc-38c0-487b-9e93-803af4a1f77d.webm,tone_unspecified,oli_2,,0167,01,guo,guo,,20260702T162137Z,bd2634bc-38c0-487b-9e93-803af4a1f77d,.webm,canonical,ok
raw/mandarin-tone-recordings/correct_audio_oli_2/0168_01_kao_20260702T162139Z_8cfc5660-12d6-4a54-909a-52c7dbf735b8.webm,tone_unspecified,oli_2,,0168,01,kao,kao,,20260702T162139Z,8cfc5660-12d6-4a54-909a-52c7dbf735b8,.webm,canonical,ok
raw/mandarin-tone-recordings/correct_audio_oli_2/0169_01_qiong_20260702T162142Z_7ed4339b-a6b4-4142-9208-9f0f7f9a8e6c.webm,tone_unspecified,oli_2,,0169,01,qiong,qiong,,20260702T162142Z,7ed4339b-a6b4-4142-9208-9f0f7f9a8e6c,.webm,canonical,ok
raw/mandarin-tone-recordings/correct_audio_oli_2/0170_01_nou_20260702T162144Z_834fb948-1690-4e87-8340-8cc5de1c0507.webm,tone_unspecified,oli_2,,0170,01,nou,nou,,20260702T162144Z,834fb948-1690-4e87-8340-8cc5de1c0507,.webm,canonical,ok
raw/mandarin-tone-recordings/correct_audio_oli_2/0171_01_nun_20260702T162145Z_256fdb0e-6ee6-4c22-a263-851d70512c07.webm,tone_unspecified,oli_2,,0171,01,nun,nun,,20260702T162145Z,256fdb0e-6ee6-4c22-a263-851d70512c07,.webm,canonical,ok
raw/mandarin-tone-recordings/correct_audio_oli_2/0172_01_kei_20260702T162147Z_f20525d6-752d-4e06-b1cf-ddc38d061994.webm,tone_unspecified,oli_2,,0172,01,kei,kei,,20260702T162147Z,f20525d6-752d-4e06-b1cf-ddc38d061994,.webm,canonical,ok
raw/mandarin-tone-recordings/correct_audio_oli_2/0173_01_xv_20260702T162150Z_c9f65638-1013-421e-be0b-b90fa69238fe.webm,tone_unspecified,oli_2,,0173,01,xv,xv,,20260702T162150Z,c9f65638-1013-421e-be0b-b90fa69238fe,.webm,canonical,ok
raw/mandarin-tone-recordings/correct_audio_oli_2/0174_01_zen_20260702T162153Z_804b9d23-99b7-4c44-ac98-eff90fbdf6b8.webm,tone_unspecified,oli_2,,0174,01,zen,zen,,20260702T162153Z,804b9d23-99b7-4c44-ac98-eff90fbdf6b8,.webm,canonical,ok
raw/mandarin-tone-recordings/correct_audio_oli_2/0175_01_fa_20260702T162154Z_cb101c6e-e566-4ac1-a738-44ab169e7073.webm,tone_unspecified,oli_2,,0175,01,fa,fa,,20260702T162154Z,cb101c6e-e566-4ac1-a738-44ab169e7073,.webm,canonical,ok
raw/mandarin-tone-recordings/correct_audio_oli_2/0176_01_di_20260702T162156Z_ed639d87-dadd-4737-bcc0-8bc3bff05fa5.webm,tone_unspecified,oli_2,,0176,01,di,di,,20260702T162156Z,ed639d87-dadd-4737-bcc0-8bc3bff05fa5,.webm,canonical,ok
raw/mandarin-tone-recordings/correct_audio_oli_2/0177_01_lai_20260702T162158Z_aeccdaff-602f-4579-9dab-6631b9a91675.webm,tone_unspecified,oli_2,,0177,01,lai,lai,,20260702T162158Z,aeccdaff-602f-4579-9dab-6631b9a91675,.webm,canonical,ok
raw/mandarin-tone-recordings/correct_audio_oli_2/0178_01_tan_20260702T162201Z_e193745c-a8b5-43b0-beb0-1568dfa6d9c0.webm,tone_unspecified,oli_2,,0178,01,tan,tan,,20260702T162201Z,e193745c-a8b5-43b0-beb0-1568dfa6d9c0,.webm,canonical,ok
raw/mandarin-tone-recordings/correct_audio_oli_2/0179_01_cong_20260702T162203Z_61ce1422-afc7-42cf-833f-49d1ae68f006.webm,tone_unspecified,oli_2,,0179,01,cong,cong,,20260702T162203Z,61ce1422-afc7-42cf-833f-49d1ae68f006,.webm,canonical,ok
raw/mandarin-tone-recordings/correct_audio_oli_2/0180_01_tiao_20260702T162205Z_a8b3b1e0-d737-4d3a-9961-e94733929818.webm,tone_unspecified,oli_2,,0180,01,tiao,tiao,,20260702T162205Z,a8b3b1e0-d737-4d3a-9961-e94733929818,.webm,canonical,ok
raw/mandarin-tone-recordings/correct_audio_oli_2/0181_01_long_20260702T162207Z_851829d9-0061-48b7-a5f2-50e882e93dd1.webm,tone_unspecified,oli_2,,0181,01,long,long,,20260702T162207Z,851829d9-0061-48b7-a5f2-50e882e93dd1,.webm,canonical,ok
raw/mandarin-tone-recordings/correct_audio_oli_2/0182_01_zhou_20260702T162209Z_cc1b8182-ac3b-491b-aa9d-ef109d63214e.webm,tone_unspecified,oli_2,,0182,01,zhou,zhou,,20260702T162209Z,cc1b8182-ac3b-491b-aa9d-ef109d63214e,.webm,canonical,ok
raw/mandarin-tone-recordings/correct_audio_oli_2/0183_01_zou_20260702T162213Z_957a20cb-1593-4875-9e2f-5f31a68e6b94.webm,tone_unspecified,oli_2,,0183,01,zou,zou,,20260702T162213Z,957a20cb-1593-4875-9e2f-5f31a68e6b94,.webm,canonical,ok
raw/mandarin-tone-recordings/correct_audio_oli_2/0184_01_shan_20260702T162216Z_f94185dc-7ce8-42f4-8800-3bcbcad02097.webm,tone_unspecified,oli_2,,0184,01,shan,shan,,20260702T162216Z,f94185dc-7ce8-42f4-8800-3bcbcad02097,.webm,canonical,ok
raw/mandarin-tone-recordings/correct_audio_oli_2/0185_01_gao_20260702T162217Z_4ef94b73-8953-4f60-8a86-966c470dd63b.webm,tone_unspecified,oli_2,,0185,01,gao,gao,,20260702T162217Z,4ef94b73-8953-4f60-8a86-966c470dd63b,.webm,canonical,ok
raw/mandarin-tone-recordings/correct_audio_oli_2/0186_01_jvan_20260702T162219Z_869d4ca3-57a1-41af-87d7-0c243c743d2e.webm,tone_unspecified,oli_2,,0186,01,jvan,jvan,,20260702T162219Z,869d4ca3-57a1-41af-87d7-0c243c743d2e,.webm,canonical,ok
raw/mandarin-tone-recordings/correct_audio_oli_2/0187_01_pin_20260702T162221Z_946fcbd4-355e-4c2a-9121-05d859525de8.webm,tone_unspecified,oli_2,,0187,01,pin,pin,,20260702T162221Z,946fcbd4-355e-4c2a-9121-05d859525de8,.webm,canonical,ok
raw/mandarin-tone-recordings/correct_audio_oli_2/0188_01_zhang_20260702T162223Z_d6102bc3-e015-44f3-9ee3-9761fd9ffeac.webm,tone_unspecified,oli_2,,0188,01,zhang,zhang,,20260702T162223Z,d6102bc3-e015-44f3-9ee3-9761fd9ffeac,.webm,canonical,ok
raw/mandarin-tone-recordings/correct_audio_oli_2/0189_01_dai_20260702T162225Z_cb5f4f75-24ee-4f83-9ff0-43bed3985b6f.webm,tone_unspecified,oli_2,,0189,01,dai,dai,,20260702T162225Z,cb5f4f75-24ee-4f83-9ff0-43bed3985b6f,.webm,canonical,ok
raw/mandarin-tone-recordings/correct_audio_oli_2/0190_01_men_20260702T162227Z_d28bd7a2-7d1a-47ae-a624-324b083fe841.webm,tone_unspecified,oli_2,,0190,01,men,men,,20260702T162227Z,d28bd7a2-7d1a-47ae-a624-324b083fe841,.webm,canonical,ok
raw/mandarin-tone-recordings/correct_audio_oli_2/0191_01_chai_20260702T162229Z_642d5372-1ac3-44b3-9bd4-37352d3ea35d.webm,tone_unspecified,oli_2,,0191,01,chai,chai,,20260702T162229Z,642d5372-1ac3-44b3-9bd4-37352d3ea35d,.webm,canonical,ok
raw/mandarin-tone-recordings/correct_audio_oli_2/0192_01_zeng_20260702T162231Z_df146d50-df89-4609-a5ba-6c43a9c43acb.webm,tone_unspecified,oli_2,,0192,01,zeng,zeng,,20260702T162231Z,df146d50-df89-4609-a5ba-6c43a9c43acb,.webm,canonical,ok
raw/mandarin-tone-recordings/correct_audio_oli_2/0193_01_chong_20260702T162232Z_d0bb49c8-b747-4725-96d4-406db87e2c65.webm,tone_unspecified,oli_2,,0193,01,chong,chong,,20260702T162232Z,d0bb49c8-b747-4725-96d4-406db87e2c65,.webm,canonical,ok
raw/mandarin-tone-recordings/correct_audio_oli_2/0194_01_pen_20260702T162234Z_9e7364cf-ed33-4663-a391-1c9c9f45512d.webm,tone_unspecified,oli_2,,0194,01,pen,pen,,20260702T162234Z,9e7364cf-ed33-4663-a391-1c9c9f45512d,.webm,canonical,ok
raw/mandarin-tone-recordings/correct_audio_oli_2/0195_01_run_20260702T162236Z_05110d50-f1a7-48bd-ac3a-be9801e6dc4e.webm,tone_unspecified,oli_2,,0195,01,run,run,,20260702T162236Z,05110d50-f1a7-48bd-ac3a-be9801e6dc4e,.webm,canonical,ok
raw/mandarin-tone-recordings/correct_audio_oli_2/0196_01_jian_20260702T162238Z_303db24f-5d06-409d-8db4-01057cdb9d92.webm,tone_unspecified,oli_2,,0196,01,jian,jian,,20260702T162238Z,303db24f-5d06-409d-8db4-01057cdb9d92,.webm,canonical,ok
raw/mandarin-tone-recordings/correct_audio_oli_2/0197_01_jiu_20260702T162240Z_a7128359-342c-4f72-b22a-64c0d9ac1722.webm,tone_unspecified,oli_2,,0197,01,jiu,jiu,,20260702T162240Z,a7128359-342c-4f72-b22a-64c0d9ac1722,.webm,canonical,ok
raw/mandarin-tone-recordings/correct_audio_oli_2/0198_01_ban_20260702T162242Z_d46e6596-1cdb-4256-83e1-906cb76bc6e9.webm,tone_unspecified,oli_2,,0198,01,ban,ban,,20260702T162242Z,d46e6596-1cdb-4256-83e1-906cb76bc6e9,.webm,canonical,ok
raw/mandarin-tone-recordings/correct_audio_oli_2/0199_01_yvn_20260702T162244Z_4fa78d19-b7a6-4845-9d7b-d44f73755867.webm,tone_unspecified,oli_2,,0199,01,yvn,yvn,,20260702T162244Z,4fa78d19-b7a6-4845-9d7b-d44f73755867,.webm,canonical,ok
raw/mandarin-tone-recordings/correct_audio_oli_2/0200_01_lun_20260702T162247Z_7f0cf151-1640-4c40-aa5a-1c257152b9f2.webm,tone_unspecified,oli_2,,0200,01,lun,lun,,20260702T162247Z,7f0cf151-1640-4c40-aa5a-1c257152b9f2,.webm,canonical,ok
raw/mandarin-tone-recordings/correct_audio_oli_2/0201_01_ba_20260702T162248Z_8c6f13fb-d57e-431f-9145-bae23d397794.webm,tone_unspecified,oli_2,,0201,01,ba,ba,,20260702T162248Z,8c6f13fb-d57e-431f-9145-bae23d397794,.webm,canonical,ok
raw/mandarin-tone-recordings/correct_audio_oli_2/0202_01_nv_20260702T162251Z_a8d90dbb-66e1-413e-a4bc-47420828eb5d.webm,tone_unspecified,oli_2,,0202,01,nv,nv,,20260702T162251Z,a8d90dbb-66e1-413e-a4bc-47420828eb5d,.webm,canonical,ok
raw/mandarin-tone-recordings/correct_audio_oli_2/0203_01_pei_20260702T162253Z_9b783f42-598c-4ef4-9d5f-de94b886207e.webm,tone_unspecified,oli_2,,0203,01,pei,pei,,20260702T162253Z,9b783f42-598c-4ef4-9d5f-de94b886207e,.webm,canonical,ok
raw/mandarin-tone-recordings/correct_audio_oli_2/0204_01_bang_20260702T162255Z_c1e5080e-acbc-4c95-970e-f57dc49101ee.webm,tone_unspecified,oli_2,,0204,01,bang,bang,,20260702T162255Z,c1e5080e-acbc-4c95-970e-f57dc49101ee,.webm,canonical,ok
raw/mandarin-tone-recordings/correct_audio_oli_2/0205_01_cao_20260702T162258Z_c8b5dd1a-92cc-4a98-9104-0045bc7a20d5.webm,tone_unspecified,oli_2,,0205,01,cao,cao,,20260702T162258Z,c8b5dd1a-92cc-4a98-9104-0045bc7a20d5,.webm,canonical,ok
raw/mandarin-tone-recordings/correct_audio_oli_2/0206_01_han_20260702T162300Z_5d79f5c3-4e0b-4142-8cff-64b637748577.webm,tone_unspecified,oli_2,,0206,01,han,han,,20260702T162300Z,5d79f5c3-4e0b-4142-8cff-64b637748577,.webm,canonical,ok
raw/mandarin-tone-recordings/correct_audio_oli_2/0207_01_fou_20260702T162301Z_624149be-23d6-4acd-bdb4-0184a36c75b2.webm,tone_unspecified,oli_2,,0207,01,fou,fou,,20260702T162301Z,624149be-23d6-4acd-bdb4-0184a36c75b2,.webm,canonical,ok
raw/mandarin-tone-recordings/correct_audio_oli_2/0208_01_shui_20260702T162303Z_8d9ce805-fe77-4524-afa8-52fe3b14f795.webm,tone_unspecified,oli_2,,0208,01,shui,shui,,20260702T162303Z,8d9ce805-fe77-4524-afa8-52fe3b14f795,.webm,canonical,ok
raw/mandarin-tone-recordings/correct_audio_oli_2/0209_01_yao_20260702T162305Z_5668cd6f-3a2a-4168-b886-2bc605f5c9ea.webm,tone_unspecified,oli_2,,0209,01,yao,yao,,20260702T162305Z,5668cd6f-3a2a-4168-b886-2bc605f5c9ea,.webm,canonical,ok
raw/mandarin-tone-recordings/correct_audio_oli_2/0210_01_xuan_20260702T162307Z_5b731de2-4538-48c3-9039-a76a29b9402e.webm,tone_unspecified,oli_2,,0210,01,xuan,xuan,,20260702T162307Z,5b731de2-4538-48c3-9039-a76a29b9402e,.webm,canonical,ok
raw/mandarin-tone-recordings/correct_audio_oli_2/0211_01_huai_20260702T162310Z_1ebed450-27cd-4f5d-8e97-aca2c524fb2e.webm,tone_unspecified,oli_2,,0211,01,huai,huai,,20260702T162310Z,1ebed450-27cd-4f5d-8e97-aca2c524fb2e,.webm,canonical,ok
raw/mandarin-tone-recordings/correct_audio_oli_2/0212_01_ang_20260702T162312Z_dcb55a40-f259-4dad-bf32-6f7fda0f7b14.webm,tone_unspecified,oli_2,,0212,01,ang,ang,,20260702T162312Z,dcb55a40-f259-4dad-bf32-6f7fda0f7b14,.webm,canonical,ok
raw/mandarin-tone-recordings/correct_audio_oli_2/0213_01_kan_20260702T162314Z_664d820f-68b4-44ba-8716-ca56c783284f.webm,tone_unspecified,oli_2,,0213,01,kan,kan,,20260702T162314Z,664d820f-68b4-44ba-8716-ca56c783284f,.webm,canonical,ok
raw/mandarin-tone-recordings/correct_audio_oli_2/0214_01_ou_20260702T162316Z_1014544a-cfec-4b06-992f-1f174db5c184.webm,tone_unspecified,oli_2,,0214,01,ou,ou,,20260702T162316Z,1014544a-cfec-4b06-992f-1f174db5c184,.webm,canonical,ok
raw/mandarin-tone-recordings/correct_audio_oli_2/0215_01_ma_20260702T162318Z_30ac4a84-8997-4fc9-8e31-4a5d0e02368c.webm,tone_unspecified,oli_2,,0215,01,ma,ma,,20260702T162318Z,30ac4a84-8997-4fc9-8e31-4a5d0e02368c,.webm,canonical,ok
raw/mandarin-tone-recordings/correct_audio_oli_2/0216_01_kuo_20260702T162320Z_511dc95d-06f3-4f56-91c7-ce93b6c2fc5d.webm,tone_unspecified,oli_2,,0216,01,kuo,kuo,,20260702T162320Z,511dc95d-06f3-4f56-91c7-ce93b6c2fc5d,.webm,canonical,ok
raw/mandarin-tone-recordings/correct_audio_oli_2/0217_01_shi_20260702T162322Z_b9136044-3ae1-485a-bee8-7d8e5cafb7ca.webm,tone_unspecified,oli_2,,0217,01,shi,shi,,20260702T162322Z,b9136044-3ae1-485a-bee8-7d8e5cafb7ca,.webm,canonical,ok
raw/mandarin-tone-recordings/correct_audio_oli_2/0218_01_qvn_20260702T162324Z_f629e10a-8b34-47ed-9d6b-c6bf3bea788c.webm,tone_unspecified,oli_2,,0218,01,qvn,qvn,,20260702T162324Z,f629e10a-8b34-47ed-9d6b-c6bf3bea788c,.webm,canonical,ok
raw/mandarin-tone-recordings/correct_audio_oli_2/0219_01_en_20260702T162326Z_de7c7bee-06b8-4736-97c7-5e4e818761aa.webm,tone_unspecified,oli_2,,0219,01,en,en,,20260702T162326Z,de7c7bee-06b8-4736-97c7-5e4e818761aa,.webm,canonical,ok
raw/mandarin-tone-recordings/correct_audio_oli_2/0220_01_jv_20260702T162330Z_8c3146f2-4cb5-4e33-8c84-7135e4980ea0.webm,tone_unspecified,oli_2,,0220,01,jv,jv,,20260702T162330Z,8c3146f2-4cb5-4e33-8c84-7135e4980ea0,.webm,canonical,ok
raw/mandarin-tone-recordings/correct_audio_oli_2/0221_01_kang_20260702T162332Z_9c393f3b-e7fc-43cd-9a25-1257c031d9e2.webm,tone_unspecified,oli_2,,0221,01,kang,kang,,20260702T162332Z,9c393f3b-e7fc-43cd-9a25-1257c031d9e2,.webm,canonical,ok
raw/mandarin-tone-recordings/correct_audio_oli_2/0222_01_zhuai_20260702T162334Z_2c0212a1-9160-4184-a96d-5333b4281c15.webm,tone_unspecified,oli_2,,0222,01,zhuai,zhuai,,20260702T162334Z,2c0212a1-9160-4184-a96d-5333b4281c15,.webm,canonical,ok
raw/mandarin-tone-recordings/correct_audio_oli_2/0223_01_sui_20260702T162336Z_039b603c-0286-44f9-9fd1-548f34aa64e4.webm,tone_unspecified,oli_2,,0223,01,sui,sui,,20260702T162336Z,039b603c-0286-44f9-9fd1-548f34aa64e4,.webm,canonical,ok
raw/mandarin-tone-recordings/correct_audio_oli_2/0224_01_chuo_20260702T162338Z_0bada5ec-71a7-429e-a268-a380a5b05c3e.webm,tone_unspecified,oli_2,,0224,01,chuo,chuo,,20260702T162338Z,0bada5ec-71a7-429e-a268-a380a5b05c3e,.webm,canonical,ok
raw/mandarin-tone-recordings/correct_audio_oli_2/0225_01_cui_20260702T162340Z_5dca7623-cd1d-4189-a6ad-74a5c5fb6f33.webm,tone_unspecified,oli_2,,0225,01,cui,cui,,20260702T162340Z,5dca7623-cd1d-4189-a6ad-74a5c5fb6f33,.webm,canonical,ok
raw/mandarin-tone-recordings/correct_audio_oli_2/0226_01_xi_20260702T162342Z_7677d975-0bd1-4f7c-ab2c-f0a5446c7926.webm,tone_unspecified,oli_2,,0226,01,xi,xi,,20260702T162342Z,7677d975-0bd1-4f7c-ab2c-f0a5446c7926,.webm,canonical,ok
raw/mandarin-tone-recordings/correct_audio_oli_2/0227_01_bei_20260702T162344Z_072cf281-659d-4c1e-b88b-6734486eaaaa.webm,tone_unspecified,oli_2,,0227,01,bei,bei,,20260702T162344Z,072cf281-659d-4c1e-b88b-6734486eaaaa,.webm,canonical,ok
raw/mandarin-tone-recordings/correct_audio_oli_2/0228_01_dou_20260702T162346Z_b1f2cdae-a19b-451b-b0ae-fed51239ca54.webm,tone_unspecified,oli_2,,0228,01,dou,dou,,20260702T162346Z,b1f2cdae-a19b-451b-b0ae-fed51239ca54,.webm,canonical,ok
raw/mandarin-tone-recordings/correct_audio_oli_2/0229_01_seng_20260702T162347Z_6bbbfe1a-cb43-44a7-9b3e-f2e2872d33b1.webm,tone_unspecified,oli_2,,0229,01,seng,seng,,20260702T162347Z,6bbbfe1a-cb43-44a7-9b3e-f2e2872d33b1,.webm,canonical,ok
raw/mandarin-tone-recordings/correct_audio_oli_2/0230_01_fei_20260702T162349Z_0582858c-d7aa-4564-8258-743a42c60df3.webm,tone_unspecified,oli_2,,0230,01,fei,fei,,20260702T162349Z,0582858c-d7aa-4564-8258-743a42c60df3,.webm,canonical,ok
raw/mandarin-tone-recordings/correct_audio_oli_2/0231_01_zhui_20260702T162353Z_c2cf8db1-6920-4ad9-a9fb-4129cbe54928.webm,tone_unspecified,oli_2,,0231,01,zhui,zhui,,20260702T162353Z,c2cf8db1-6920-4ad9-a9fb-4129cbe54928,.webm,canonical,ok
raw/mandarin-tone-recordings/correct_audio_oli_2/0232_01_xie_20260702T162354Z_eb839b20-192f-4dd5-9b5c-3f13f994201b.webm,tone_unspecified,oli_2,,0232,01,xie,xie,,20260702T162354Z,eb839b20-192f-4dd5-9b5c-3f13f994201b,.webm,canonical,ok
raw/mandarin-tone-recordings/correct_audio_oli_2/0233_01_she_20260702T162356Z_b1c21e1f-4479-4410-9806-8d9b03713eca.webm,tone_unspecified,oli_2,,0233,01,she,she,,20260702T162356Z,b1c21e1f-4479-4410-9806-8d9b03713eca,.webm,canonical,ok
raw/mandarin-tone-recordings/correct_audio_oli_2/0234_01_mai_20260702T162358Z_133a33d6-67b6-4ce8-8bb9-43bcffd94050.webm,tone_unspecified,oli_2,,0234,01,mai,mai,,20260702T162358Z,133a33d6-67b6-4ce8-8bb9-43bcffd94050,.webm,canonical,ok
raw/mandarin-tone-recordings/correct_audio_oli_2/0235_01_pu_20260702T162400Z_98bbfce8-c14c-4760-bb20-ac781503d6a1.webm,tone_unspecified,oli_2,,0235,01,pu,pu,,20260702T162400Z,98bbfce8-c14c-4760-bb20-ac781503d6a1,.webm,canonical,ok
raw/mandarin-tone-recordings/correct_audio_oli_2/0236_01_gai_20260702T162401Z_a4f919a5-7966-48da-98d9-da40d30effa1.webm,tone_unspecified,oli_2,,0236,01,gai,gai,,20260702T162401Z,a4f919a5-7966-48da-98d9-da40d30effa1,.webm,canonical,ok
raw/mandarin-tone-recordings/correct_audio_oli_2/0237_01_rui_20260702T162404Z_2e5977cf-6633-4420-972b-380ad7bd43ab.webm,tone_unspecified,oli_2,,0237,01,rui,rui,,20260702T162404Z,2e5977cf-6633-4420-972b-380ad7bd43ab,.webm,canonical,ok
raw/mandarin-tone-recordings/correct_audio_oli_2/0238_01_hua_20260702T162406Z_086a3153-6c83-4656-91dd-fee0f525c23a.webm,tone_unspecified,oli_2,,0238,01,hua,hua,,20260702T162406Z,086a3153-6c83-4656-91dd-fee0f525c23a,.webm,canonical,ok
raw/mandarin-tone-recordings/correct_audio_oli_2/0239_01_tui_20260702T162408Z_d9dc20be-249a-4036-9ca6-58f59028a4a5.webm,tone_unspecified,oli_2,,0239,01,tui,tui,,20260702T162408Z,d9dc20be-249a-4036-9ca6-58f59028a4a5,.webm,canonical,ok
raw/mandarin-tone-recordings/correct_audio_oli_2/0240_01_gu_20260702T162410Z_7cd4d763-ad07-4f97-be7f-a8ef28e4a92a.webm,tone_unspecified,oli_2,,0240,01,gu,gu,,20260702T162410Z,7cd4d763-ad07-4f97-be7f-a8ef28e4a92a,.webm,canonical,ok
raw/mandarin-tone-recordings/correct_audio_oli_2/0241_01_jiang_20260702T162412Z_d9e64c3a-c7d5-45f5-9374-78ddc2f7e13e.webm,tone_unspecified,oli_2,,0241,01,jiang,jiang,,20260702T162412Z,d9e64c3a-c7d5-45f5-9374-78ddc2f7e13e,.webm,canonical,ok
raw/mandarin-tone-recordings/correct_audio_oli_2/0242_01_shua_20260702T162415Z_0464f556-69b9-4149-bc21-2cc493da0088.webm,tone_unspecified,oli_2,,0242,01,shua,shua,,20260702T162415Z,0464f556-69b9-4149-bc21-2cc493da0088,.webm,canonical,ok
raw/mandarin-tone-recordings/correct_audio_oli_2/0243_01_pa_20260702T162416Z_169616c6-5e71-4d6d-9c47-80a62500a444.webm,tone_unspecified,oli_2,,0243,01,pa,pa,,20260702T162416Z,169616c6-5e71-4d6d-9c47-80a62500a444,.webm,canonical,ok
raw/mandarin-tone-recordings/correct_audio_oli_2/0244_01_hou_20260702T162418Z_ebd3bc14-40f6-4bae-adcc-d20a69dca917.webm,tone_unspecified,oli_2,,0244,01,hou,hou,,20260702T162418Z,ebd3bc14-40f6-4bae-adcc-d20a69dca917,.webm,canonical,ok
raw/mandarin-tone-recordings/correct_audio_oli_2/0245_01_hai_20260702T162420Z_2aa434f7-aebf-493d-9409-e5c6d840330f.webm,tone_unspecified,oli_2,,0245,01,hai,hai,,20260702T162420Z,2aa434f7-aebf-493d-9409-e5c6d840330f,.webm,canonical,ok
raw/mandarin-tone-recordings/correct_audio_oli_2/0246_01_rou_20260702T162421Z_dd9905d0-2942-4a92-bdb9-cad9740391fc.webm,tone_unspecified,oli_2,,0246,01,rou,rou,,20260702T162421Z,dd9905d0-2942-4a92-bdb9-cad9740391fc,.webm,canonical,ok
raw/mandarin-tone-recordings/correct_audio_oli_2/0247_01_wei_20260702T162423Z_907ff4a6-ae1b-440b-bcb2-d472c82e3bc0.webm,tone_unspecified,oli_2,,0247,01,wei,wei,,20260702T162423Z,907ff4a6-ae1b-440b-bcb2-d472c82e3bc0,.webm,canonical,ok
raw/mandarin-tone-recordings/correct_audio_oli_2/0248_01_mang_20260702T162425Z_0ca5106f-7056-42f9-978a-576565a88c87.webm,tone_unspecified,oli_2,,0248,01,mang,mang,,20260702T162425Z,0ca5106f-7056-42f9-978a-576565a88c87,.webm,canonical,ok
raw/mandarin-tone-recordings/correct_audio_oli_2/0249_01_kuai_20260702T162427Z_d4378edb-e586-43bb-a540-5dd4c8ec5c95.webm,tone_unspecified,oli_2,,0249,01,kuai,kuai,,20260702T162427Z,d4378edb-e586-43bb-a540-5dd4c8ec5c95,.webm,canonical,ok
raw/mandarin-tone-recordings/correct_audio_oli_2/0250_01_wang_20260702T162429Z_7d2d7ae5-75ed-4601-83d0-0764a28e94d4.webm,tone_unspecified,oli_2,,0250,01,wang,wang,,20260702T162429Z,7d2d7ae5-75ed-4601-83d0-0764a28e94d4,.webm,canonical,ok
raw/mandarin-tone-recordings/correct_audio_oli_2/0251_01_dao_20260702T162431Z_707d6505-7074-4222-a6e4-251af2052d5b.webm,tone_unspecified,oli_2,,0251,01,dao,dao,,20260702T162431Z,707d6505-7074-4222-a6e4-251af2052d5b,.webm,canonical,ok
raw/mandarin-tone-recordings/correct_audio_oli_2/0252_01_yvan_20260702T162432Z_4b041176-620e-4e39-86f4-6164abbf3bbd.webm,tone_unspecified,oli_2,,0252,01,yvan,yvan,,20260702T162432Z,4b041176-620e-4e39-86f4-6164abbf3bbd,.webm,canonical,ok
raw/mandarin-tone-recordings/correct_audio_oli_2/0253_01_den_20260702T162434Z_25b38276-4503-4057-b4db-f79aa7934a8d.webm,tone_unspecified,oli_2,,0253,01,den,den,,20260702T162434Z,25b38276-4503-4057-b4db-f79aa7934a8d,.webm,canonical,ok
raw/mandarin-tone-recordings/correct_audio_oli_2/0254_01_ye_20260702T162436Z_81deb936-6849-4f63-ad4c-f0346ca8e51d.webm,tone_unspecified,oli_2,,0254,01,ye,ye,,20260702T162436Z,81deb936-6849-4f63-ad4c-f0346ca8e51d,.webm,canonical,ok
raw/mandarin-tone-recordings/correct_audio_oli_2/0255_01_qv_20260702T162438Z_f0530b9b-e00d-4d6b-900f-9556f17465d9.webm,tone_unspecified,oli_2,,0255,01,qv,qv,,20260702T162438Z,f0530b9b-e00d-4d6b-900f-9556f17465d9,.webm,canonical,ok
raw/mandarin-tone-recordings/correct_audio_oli_2/0256_01_jiong_20260702T162440Z_6e82dede-10cf-4a60-90ae-a8095f07eaaa.webm,tone_unspecified,oli_2,,0256,01,jiong,jiong,,20260702T162440Z,6e82dede-10cf-4a60-90ae-a8095f07eaaa,.webm,canonical,ok
raw/mandarin-tone-recordings/correct_audio_oli_2/0257_01_ding_20260702T162442Z_075e9e0a-21bd-42ca-b428-67a0dde94ce2.webm,tone_unspecified,oli_2,,0257,01,ding,ding,,20260702T162442Z,075e9e0a-21bd-42ca-b428-67a0dde94ce2,.webm,canonical,ok
raw/mandarin-tone-recordings/correct_audio_oli_2/0258_01_cuo_20260702T162445Z_4c01683b-2d35-4fb5-80ff-ba0d72c47149.webm,tone_unspecified,oli_2,,0258,01,cuo,cuo,,20260702T162445Z,4c01683b-2d35-4fb5-80ff-ba0d72c47149,.webm,canonical,ok
raw/mandarin-tone-recordings/correct_audio_oli_2/0259_01_pian_20260702T162447Z_0c167475-baec-483f-aa74-e3b10fcb3877.webm,tone_unspecified,oli_2,,0259,01,pian,pian,,20260702T162447Z,0c167475-baec-483f-aa74-e3b10fcb3877,.webm,canonical,ok
raw/mandarin-tone-recordings/correct_audio_oli_2/0260_01_nan_20260702T162449Z_4d907c57-25e5-4bea-bae2-b11b469f6296.webm,tone_unspecified,oli_2,,0260,01,nan,nan,,20260702T162449Z,4d907c57-25e5-4bea-bae2-b11b469f6296,.webm,canonical,ok
raw/mandarin-tone-recordings/correct_audio_oli_2/0261_01_guan_20260702T162451Z_2412ed59-11e0-4c2e-9162-3fb914cfc3e6.webm,tone_unspecified,oli_2,,0261,01,guan,guan,,20260702T162451Z,2412ed59-11e0-4c2e-9162-3fb914cfc3e6,.webm,canonical,ok
raw/mandarin-tone-recordings/correct_audio_oli_2/0262_01_cun_20260702T162454Z_7742a7d1-5028-4476-9edb-011487ea55ef.webm,tone_unspecified,oli_2,,0262,01,cun,cun,,20260702T162454Z,7742a7d1-5028-4476-9edb-011487ea55ef,.webm,canonical,ok
raw/mandarin-tone-recordings/correct_audio_oli_2/0263_01_zei_20260702T162457Z_50a13468-b29b-4e3e-b885-e727375675b1.webm,tone_unspecified,oli_2,,0263,01,zei,zei,,20260702T162457Z,50a13468-b29b-4e3e-b885-e727375675b1,.webm,canonical,ok
raw/mandarin-tone-recordings/correct_audio_oli_2/0264_01_keng_20260702T162459Z_5dbfe908-6b53-48d2-a068-b99c83648298.webm,tone_unspecified,oli_2,,0264,01,keng,keng,,20260702T162459Z,5dbfe908-6b53-48d2-a068-b99c83648298,.webm,canonical,ok
raw/mandarin-tone-recordings/correct_audio_oli_2/0265_01_dan_20260702T162501Z_47dc1e73-234b-4b18-864d-af1db010a5f6.webm,tone_unspecified,oli_2,,0265,01,dan,dan,,20260702T162501Z,47dc1e73-234b-4b18-864d-af1db010a5f6,.webm,canonical,ok
raw/mandarin-tone-recordings/correct_audio_oli_2/0266_01_gui_20260702T162503Z_4cb772f1-879b-467e-ba8a-e608078ac065.webm,tone_unspecified,oli_2,,0266,01,gui,gui,,20260702T162503Z,4cb772f1-879b-467e-ba8a-e608078ac065,.webm,canonical,ok
raw/mandarin-tone-recordings/correct_audio_oli_2/0267_01_quan_20260702T162505Z_1f5b3844-b4f1-41ed-a373-0ca2b6454ead.webm,tone_unspecified,oli_2,,0267,01,quan,quan,,20260702T162505Z,1f5b3844-b4f1-41ed-a373-0ca2b6454ead,.webm,canonical,ok
raw/mandarin-tone-recordings/correct_audio_oli_2/0268_01_zun_20260702T162508Z_d3e6f67b-3f7d-40dc-9781-feaa2cef8209.webm,tone_unspecified,oli_2,,0268,01,zun,zun,,20260702T162508Z,d3e6f67b-3f7d-40dc-9781-feaa2cef8209,.webm,canonical,ok
raw/mandarin-tone-recordings/correct_audio_oli_2/0269_01_mu_20260702T162509Z_1afd4ed8-ad92-4c41-8c56-f0bebd82765a.webm,tone_unspecified,oli_2,,0269,01,mu,mu,,20260702T162509Z,1afd4ed8-ad92-4c41-8c56-f0bebd82765a,.webm,canonical,ok
raw/mandarin-tone-recordings/correct_audio_oli_2/0270_01_ju_20260702T162511Z_e88cab52-c01e-4e08-9920-2a912f78fd35.webm,tone_unspecified,oli_2,,0270,01,ju,ju,,20260702T162511Z,e88cab52-c01e-4e08-9920-2a912f78fd35,.webm,canonical,ok
raw/mandarin-tone-recordings/correct_audio_oli_2/0271_01_ta_20260702T162513Z_80700f3e-93a7-45b3-9980-71a0fae0261c.webm,tone_unspecified,oli_2,,0271,01,ta,ta,,20260702T162513Z,80700f3e-93a7-45b3-9980-71a0fae0261c,.webm,canonical,ok
raw/mandarin-tone-recordings/correct_audio_oli_2/0272_01_zan_20260702T162514Z_904a45b5-d7d7-4060-bf20-a2b457de8d52.webm,tone_unspecified,oli_2,,0272,01,zan,zan,,20260702T162514Z,904a45b5-d7d7-4060-bf20-a2b457de8d52,.webm,canonical,ok
raw/mandarin-tone-recordings/correct_audio_oli_2/0273_01_chang_20260702T162516Z_857a1e89-5fe3-4850-a1ce-99c845d02388.webm,tone_unspecified,oli_2,,0273,01,chang,chang,,20260702T162516Z,857a1e89-5fe3-4850-a1ce-99c845d02388,.webm,canonical,ok
raw/mandarin-tone-recordings/correct_audio_oli_2/0274_01_liu_20260702T162517Z_416d783b-9ff5-4b08-8ee2-4d73ab48a5ca.webm,tone_unspecified,oli_2,,0274,01,liu,liu,,20260702T162517Z,416d783b-9ff5-4b08-8ee2-4d73ab48a5ca,.webm,canonical,ok
raw/mandarin-tone-recordings/correct_audio_oli_2/0275_01_song_20260702T162519Z_278dfd9d-8209-4bfc-ab80-b4264bb5e11a.webm,tone_unspecified,oli_2,,0275,01,song,song,,20260702T162519Z,278dfd9d-8209-4bfc-ab80-b4264bb5e11a,.webm,canonical,ok
raw/mandarin-tone-recordings/correct_audio_oli_2/0276_01_bo_20260702T162521Z_7599fe6a-308a-4de1-874b-843653fb22bf.webm,tone_unspecified,oli_2,,0276,01,bo,bo,,20260702T162521Z,7599fe6a-308a-4de1-874b-843653fb22bf,.webm,canonical,ok
raw/mandarin-tone-recordings/correct_audio_oli_2/0277_01_you_20260702T162523Z_864da7d5-eb3b-4a9c-8cb8-38bfeeccd510.webm,tone_unspecified,oli_2,,0277,01,you,you,,20260702T162523Z,864da7d5-eb3b-4a9c-8cb8-38bfeeccd510,.webm,canonical,ok
raw/mandarin-tone-recordings/correct_audio_oli_2/0278_01_shen_20260702T162525Z_0bf985b0-fcae-4531-a3ae-04fef903931f.webm,tone_unspecified,oli_2,,0278,01,shen,shen,,20260702T162525Z,0bf985b0-fcae-4531-a3ae-04fef903931f,.webm,canonical,ok
raw/mandarin-tone-recordings/correct_audio_oli_2/0279_01_jiao_20260702T162527Z_8007a0a3-899f-4c83-aaa1-66cc394e5101.webm,tone_unspecified,oli_2,,0279,01,jiao,jiao,,20260702T162527Z,8007a0a3-899f-4c83-aaa1-66cc394e5101,.webm,canonical,ok
raw/mandarin-tone-recordings/correct_audio_oli_2/0280_01_jve_20260702T162529Z_f4f5dcf5-c43c-4cb5-a1eb-29688803395b.webm,tone_unspecified,oli_2,,0280,01,jve,jve,,20260702T162529Z,f4f5dcf5-c43c-4cb5-a1eb-29688803395b,.webm,canonical,ok
raw/mandarin-tone-recordings/correct_audio_oli_2/0281_01_xiang_20260702T162531Z_63ae8bf8-bacf-4e27-87d2-ba00dbae268e.webm,tone_unspecified,oli_2,,0281,01,xiang,xiang,,20260702T162531Z,63ae8bf8-bacf-4e27-87d2-ba00dbae268e,.webm,canonical,ok
raw/mandarin-tone-recordings/correct_audio_oli_2/0282_01_dian_20260702T162533Z_5188ec96-0b62-4729-8087-fa469a690474.webm,tone_unspecified,oli_2,,0282,01,dian,dian,,20260702T162533Z,5188ec96-0b62-4729-8087-fa469a690474,.webm,canonical,ok
raw/mandarin-tone-recordings/correct_audio_oli_2/0283_01_ca_20260702T162535Z_b785ebcd-e4ee-4724-8680-7585683dd155.webm,tone_unspecified,oli_2,,0283,01,ca,ca,,20260702T162535Z,b785ebcd-e4ee-4724-8680-7585683dd155,.webm,canonical,ok
raw/mandarin-tone-recordings/correct_audio_oli_2/0284_01_xiao_20260702T162538Z_b09a802a-5607-412f-8a7b-df71b29b5004.webm,tone_unspecified,oli_2,,0284,01,xiao,xiao,,20260702T162538Z,b09a802a-5607-412f-8a7b-df71b29b5004,.webm,canonical,ok
raw/mandarin-tone-recordings/correct_audio_oli_2/0285_01_chu_20260702T162541Z_1e9f3424-e9da-4062-a907-788ceaa23373.webm,tone_unspecified,oli_2,,0285,01,chu,chu,,20260702T162541Z,1e9f3424-e9da-4062-a907-788ceaa23373,.webm,canonical,ok
raw/mandarin-tone-recordings/correct_audio_oli_2/0286_01_gong_20260702T162543Z_ec8821f2-0436-42d7-94fe-5050ce746c84.webm,tone_unspecified,oli_2,,0286,01,gong,gong,,20260702T162543Z,ec8821f2-0436-42d7-94fe-5050ce746c84,.webm,canonical,ok
raw/mandarin-tone-recordings/correct_audio_oli_2/0287_01_kun_20260702T162546Z_7b9ae980-ee17-450f-8bcd-c5b5552b62a8.webm,tone_unspecified,oli_2,,0287,01,kun,kun,,20260702T162546Z,7b9ae980-ee17-450f-8bcd-c5b5552b62a8,.webm,canonical,ok
raw/mandarin-tone-recordings/correct_audio_oli_2/0288_01_ei_20260702T162547Z_9cd57d04-567e-4f6d-871d-8e255916f200.webm,tone_unspecified,oli_2,,0288,01,ei,ei,,20260702T162547Z,9cd57d04-567e-4f6d-871d-8e255916f200,.webm,canonical,ok
raw/mandarin-tone-recordings/correct_audio_oli_2/0289_01_mian_20260702T162549Z_319f0da5-1e06-46c1-85c3-5869ce0dab67.webm,tone_unspecified,oli_2,,0289,01,mian,mian,,20260702T162549Z,319f0da5-1e06-46c1-85c3-5869ce0dab67,.webm,canonical,ok
raw/mandarin-tone-recordings/correct_audio_oli_2/0290_01_fu_20260702T162551Z_ffd22eca-d4d1-45a4-bf9a-dd7b3dc87179.webm,tone_unspecified,oli_2,,0290,01,fu,fu,,20260702T162551Z,ffd22eca-d4d1-45a4-bf9a-dd7b3dc87179,.webm,canonical,ok
raw/mandarin-tone-recordings/correct_audio_oli_2/0291_01_jia_20260702T162553Z_7b5deb76-0372-4521-8e57-a1832002bb26.webm,tone_unspecified,oli_2,,0291,01,jia,jia,,20260702T162553Z,7b5deb76-0372-4521-8e57-a1832002bb26,.webm,canonical,ok
raw/mandarin-tone-recordings/correct_audio_oli_2/0292_01_yin_20260702T162555Z_2606c9fb-9dd2-4091-8573-6f9b1f74448b.webm,tone_unspecified,oli_2,,0292,01,yin,yin,,20260702T162555Z,2606c9fb-9dd2-4091-8573-6f9b1f74448b,.webm,canonical,ok
raw/mandarin-tone-recordings/correct_audio_oli_2/0293_01_xin_20260702T162557Z_1ad37423-545b-4944-b529-35da0f7fee14.webm,tone_unspecified,oli_2,,0293,01,xin,xin,,20260702T162557Z,1ad37423-545b-4944-b529-35da0f7fee14,.webm,canonical,ok
raw/mandarin-tone-recordings/correct_audio_oli_2/0294_01_ji_20260702T162600Z_24fc0e45-ad08-4cdc-9874-215c5668899f.webm,tone_unspecified,oli_2,,0294,01,ji,ji,,20260702T162600Z,24fc0e45-ad08-4cdc-9874-215c5668899f,.webm,canonical,ok
raw/mandarin-tone-recordings/correct_audio_oli_2/0295_01_yong_20260702T162603Z_b89233b5-b6ce-4ca3-a577-ebd1bd4a2954.webm,tone_unspecified,oli_2,,0295,01,yong,yong,,20260702T162603Z,b89233b5-b6ce-4ca3-a577-ebd1bd4a2954,.webm,canonical,ok
raw/mandarin-tone-recordings/correct_audio_oli_2/0296_01_chuai_20260702T162605Z_5e99316b-0685-42fc-907f-fdd1c42afa31.webm,tone_unspecified,oli_2,,0296,01,chuai,chuai,,20260702T162605Z,5e99316b-0685-42fc-907f-fdd1c42afa31,.webm,canonical,ok
raw/mandarin-tone-recordings/correct_audio_oli_2/0297_01_ying_20260702T162608Z_6a0be9e3-da7b-4621-a65e-29049303dc36.webm,tone_unspecified,oli_2,,0297,01,ying,ying,,20260702T162608Z,6a0be9e3-da7b-4621-a65e-29049303dc36,.webm,canonical,ok
raw/mandarin-tone-recordings/correct_audio_oli_2/0298_01_zhong_20260702T162610Z_5204b2c2-16f6-4760-a423-37536a697ef9.webm,tone_unspecified,oli_2,,0298,01,zhong,zhong,,20260702T162610Z,5204b2c2-16f6-4760-a423-37536a697ef9,.webm,canonical,ok
raw/mandarin-tone-recordings/correct_audio_oli_2/0299_01_ben_20260702T162613Z_1da46b66-b545-4d1f-9518-b6c39f814bda.webm,tone_unspecified,oli_2,,0299,01,ben,ben,,20260702T162613Z,1da46b66-b545-4d1f-9518-b6c39f814bda,.webm,canonical,ok
raw/mandarin-tone-recordings/correct_audio_oli_2/0300_01_xiong_20260702T162615Z_dd4fe625-a481-4c8c-a5fd-f794ff9192da.webm,tone_unspecified,oli_2,,0300,01,xiong,xiong,,20260702T162615Z,dd4fe625-a481-4c8c-a5fd-f794ff9192da,.webm,canonical,ok
raw/mandarin-tone-recordings/correct_audio_oli_2/0301_01_he_20260702T162618Z_b3872e1e-464c-48a8-af13-889c4dab2655.webm,tone_unspecified,oli_2,,0301,01,he,he,,20260702T162618Z,b3872e1e-464c-48a8-af13-889c4dab2655,.webm,canonical,ok
raw/mandarin-tone-recordings/correct_audio_oli_2/0302_01_bu_20260702T162621Z_7a79f0d0-bfab-4459-af93-29d75113b1fa.webm,tone_unspecified,oli_2,,0302,01,bu,bu,,20260702T162621Z,7a79f0d0-bfab-4459-af93-29d75113b1fa,.webm,canonical,ok
raw/mandarin-tone-recordings/correct_audio_oli_2/0303_01_fan_20260702T162623Z_afeba4ae-df62-4005-9942-8454decad3cf.webm,tone_unspecified,oli_2,,0303,01,fan,fan,,20260702T162623Z,afeba4ae-df62-4005-9942-8454decad3cf,.webm,canonical,ok
raw/mandarin-tone-recordings/correct_audio_oli_2/0304_01_cen_20260702T162626Z_1d042f98-ad10-4fb7-b841-44e6bfb1d532.webm,tone_unspecified,oli_2,,0304,01,cen,cen,,20260702T162626Z,1d042f98-ad10-4fb7-b841-44e6bfb1d532,.webm,canonical,ok
raw/mandarin-tone-recordings/correct_audio_oli_2/0305_01_zhua_20260702T162629Z_538b4dce-6bcb-4c09-b243-7bf2f5eb03f8.webm,tone_unspecified,oli_2,,0305,01,zhua,zhua,,20260702T162629Z,538b4dce-6bcb-4c09-b243-7bf2f5eb03f8,.webm,canonical,ok
raw/mandarin-tone-recordings/correct_audio_oli_2/0306_01_sun_20260702T162631Z_ac214d9e-f056-495f-b606-a65c430c5f76.webm,tone_unspecified,oli_2,,0306,01,sun,sun,,20260702T162631Z,ac214d9e-f056-495f-b606-a65c430c5f76,.webm,canonical,ok
raw/mandarin-tone-recordings/correct_audio_oli_2/0307_01_le_20260702T162633Z_05352ca9-3d6f-4a8b-b496-32e608fc99d3.webm,tone_unspecified,oli_2,,0307,01,le,le,,20260702T162633Z,05352ca9-3d6f-4a8b-b496-32e608fc99d3,.webm,canonical,ok
raw/mandarin-tone-recordings/correct_audio_oli_2/0308_01_chua_20260702T162635Z_d5b3ad2f-38bd-499b-a2e7-d0fbac7651f5.webm,tone_unspecified,oli_2,,0308,01,chua,chua,,20260702T162635Z,d5b3ad2f-38bd-499b-a2e7-d0fbac7651f5,.webm,canonical,ok
raw/mandarin-tone-recordings/correct_audio_oli_2/0309_01_kua_20260702T162638Z_4ec73ed5-e608-4722-82b4-226e982d4f77.webm,tone_unspecified,oli_2,,0309,01,kua,kua,,20260702T162638Z,4ec73ed5-e608-4722-82b4-226e982d4f77,.webm,canonical,ok
raw/mandarin-tone-recordings/correct_audio_oli_2/0310_01_die_20260702T162639Z_8463b36e-bd07-4fea-b2c1-3f99081c7346.webm,tone_unspecified,oli_2,,0310,01,die,die,,20260702T162639Z,8463b36e-bd07-4fea-b2c1-3f99081c7346,.webm,canonical,ok
raw/mandarin-tone-recordings/correct_audio_oli_2/0311_01_ruan_20260702T162641Z_0a038c8b-1abb-4e0e-8f94-a8020c05b27b.webm,tone_unspecified,oli_2,,0311,01,ruan,ruan,,20260702T162641Z,0a038c8b-1abb-4e0e-8f94-a8020c05b27b,.webm,canonical,ok
raw/mandarin-tone-recordings/correct_audio_oli_2/0312_01_zao_20260702T162643Z_ab68b49f-d2a3-40b2-b772-a52ca427dc80.webm,tone_unspecified,oli_2,,0312,01,zao,zao,,20260702T162643Z,ab68b49f-d2a3-40b2-b772-a52ca427dc80,.webm,canonical,ok
raw/mandarin-tone-recordings/correct_audio_oli_2/0313_01_feng_20260702T162645Z_178ef7a4-0198-4629-bb95-190f0b453f07.webm,tone_unspecified,oli_2,,0313,01,feng,feng,,20260702T162645Z,178ef7a4-0198-4629-bb95-190f0b453f07,.webm,canonical,ok
raw/mandarin-tone-recordings/correct_audio_oli_2/0314_01_tao_20260702T162647Z_86d0b903-c45f-4bb1-8855-f9c4fddf08ca.webm,tone_unspecified,oli_2,,0314,01,tao,tao,,20260702T162647Z,86d0b903-c45f-4bb1-8855-f9c4fddf08ca,.webm,canonical,ok
raw/mandarin-tone-recordings/correct_audio_oli_2/0315_01_nu_20260702T162649Z_d536e2f6-f8fb-42b6-8333-743c174fffdc.webm,tone_unspecified,oli_2,,0315,01,nu,nu,,20260702T162649Z,d536e2f6-f8fb-42b6-8333-743c174fffdc,.webm,canonical,ok
raw/mandarin-tone-recordings/correct_audio_oli_2/0316_01_reng_20260702T162651Z_3e41a4c9-91be-423e-b425-97c9e6e8d5c5.webm,tone_unspecified,oli_2,,0316,01,reng,reng,,20260702T162651Z,3e41a4c9-91be-423e-b425-97c9e6e8d5c5,.webm,canonical,ok
raw/mandarin-tone-recordings/correct_audio_oli_2/0317_01_bi_20260702T162653Z_2b8d7604-ad99-45d1-8251-3f4d349afb65.webm,tone_unspecified,oli_2,,0317,01,bi,bi,,20260702T162653Z,2b8d7604-ad99-45d1-8251-3f4d349afb65,.webm,canonical,ok
raw/mandarin-tone-recordings/correct_audio_oli_2/0318_01_hu_20260702T162655Z_f7cae209-ecf8-42e1-aba5-9d1d27fcdcff.webm,tone_unspecified,oli_2,,0318,01,hu,hu,,20260702T162655Z,f7cae209-ecf8-42e1-aba5-9d1d27fcdcff,.webm,canonical,ok
raw/mandarin-tone-recordings/correct_audio_oli_2/0319_01_ku_20260702T162657Z_6ed804df-9215-45df-92de-ef477dd739d6.webm,tone_unspecified,oli_2,,0319,01,ku,ku,,20260702T162657Z,6ed804df-9215-45df-92de-ef477dd739d6,.webm,canonical,ok
raw/mandarin-tone-recordings/correct_audio_oli_2/0320_01_biao_20260702T162700Z_9f8e07ea-5a9c-49cc-bf9c-a870c6b62559.webm,tone_unspecified,oli_2,,0320,01,biao,biao,,20260702T162700Z,9f8e07ea-5a9c-49cc-bf9c-a870c6b62559,.webm,canonical,ok
raw/mandarin-tone-recordings/correct_audio_oli_2/0321_01_a_20260702T162702Z_9278fb88-1ca1-42b9-8350-7e1b6cff5a3c.webm,tone_unspecified,oli_2,,0321,01,a,a,,20260702T162702Z,9278fb88-1ca1-42b9-8350-7e1b6cff5a3c,.webm,canonical,ok
raw/mandarin-tone-recordings/correct_audio_oli_2/0322_01_zhuo_20260702T162704Z_0580ff19-999d-4b1c-a5e6-d09af76cac38.webm,tone_unspecified,oli_2,,0322,01,zhuo,zhuo,,20260702T162704Z,0580ff19-999d-4b1c-a5e6-d09af76cac38,.webm,canonical,ok
raw/mandarin-tone-recordings/correct_audio_oli_2/0323_01_xun_20260702T162707Z_377bb4be-e59f-4396-a88f-c54f5d0d4621.webm,tone_unspecified,oli_2,,0323,01,xun,xun,,20260702T162707Z,377bb4be-e59f-4396-a88f-c54f5d0d4621,.webm,canonical,ok
raw/mandarin-tone-recordings/correct_audio_oli_2/0324_01_yo_20260702T162709Z_e226707a-3719-49ca-8e7b-cd9af3cd35ff.webm,tone_unspecified,oli_2,,0324,01,yo,yo,,20260702T162709Z,e226707a-3719-49ca-8e7b-cd9af3cd35ff,.webm,canonical,ok
raw/mandarin-tone-recordings/correct_audio_oli_2/0325_01_diu_20260702T162711Z_9554d22f-e1d1-443f-b835-71ea4c3dc38c.webm,tone_unspecified,oli_2,,0325,01,diu,diu,,20260702T162711Z,9554d22f-e1d1-443f-b835-71ea4c3dc38c,.webm,canonical,ok
raw/mandarin-tone-recordings/correct_audio_oli_2/0326_01_miu_20260702T162714Z_9e328952-cf33-4465-af8c-b642cd115414.webm,tone_unspecified,oli_2,,0326,01,miu,miu,,20260702T162714Z,9e328952-cf33-4465-af8c-b642cd115414,.webm,canonical,ok
raw/mandarin-tone-recordings/correct_audio_oli_2/0327_01_lia_20260702T162716Z_9b04f963-9b7d-4243-9ba8-27e8fe1de27f.webm,tone_unspecified,oli_2,,0327,01,lia,lia,,20260702T162716Z,9b04f963-9b7d-4243-9ba8-27e8fe1de27f,.webm,canonical,ok
raw/mandarin-tone-recordings/correct_audio_oli_2/0328_01_sou_20260702T162717Z_73a4ecfa-283e-4ab8-97c3-23b22f5d4f23.webm,tone_unspecified,oli_2,,0328,01,sou,sou,,20260702T162717Z,73a4ecfa-283e-4ab8-97c3-23b22f5d4f23,.webm,canonical,ok
raw/mandarin-tone-recordings/correct_audio_oli_2/0329_01_mei_20260702T162719Z_641c7c49-c119-44ee-9268-f80fa1ab1f33.webm,tone_unspecified,oli_2,,0329,01,mei,mei,,20260702T162719Z,641c7c49-c119-44ee-9268-f80fa1ab1f33,.webm,canonical,ok
raw/mandarin-tone-recordings/correct_audio_oli_2/0330_01_tu_20260702T162721Z_43a007c0-692d-4bff-83f3-4c50770b4e72.webm,tone_unspecified,oli_2,,0330,01,tu,tu,,20260702T162721Z,43a007c0-692d-4bff-83f3-4c50770b4e72,.webm,canonical,ok
raw/mandarin-tone-recordings/correct_audio_oli_2/0331_01_chao_20260702T162723Z_6347d1b5-4f5c-4445-aaf0-c59b0e61a6bf.webm,tone_unspecified,oli_2,,0331,01,chao,chao,,20260702T162723Z,6347d1b5-4f5c-4445-aaf0-c59b0e61a6bf,.webm,canonical,ok
raw/mandarin-tone-recordings/correct_audio_oli_2/0332_01_gua_20260702T162725Z_94df1c5d-580a-4f43-924a-0fd8b70c4a5f.webm,tone_unspecified,oli_2,,0332,01,gua,gua,,20260702T162725Z,94df1c5d-580a-4f43-924a-0fd8b70c4a5f,.webm,canonical,ok
raw/mandarin-tone-recordings/correct_audio_oli_2/0333_01_li_20260702T162726Z_22c7bb34-1dc0-4334-9abc-e2db773b5c3f.webm,tone_unspecified,oli_2,,0333,01,li,li,,20260702T162726Z,22c7bb34-1dc0-4334-9abc-e2db773b5c3f,.webm,canonical,ok
raw/mandarin-tone-recordings/correct_audio_oli_2/0334_01_zong_20260702T162728Z_d628dc2d-b4bf-4d9a-8938-1e1ec8a6eb3b.webm,tone_unspecified,oli_2,,0334,01,zong,zong,,20260702T162728Z,d628dc2d-b4bf-4d9a-8938-1e1ec8a6eb3b,.webm,canonical,ok
raw/mandarin-tone-recordings/correct_audio_oli_2/0335_01_zai_20260702T162730Z_43260a8c-de25-4ead-9e74-aca6b5d28d96.webm,tone_unspecified,oli_2,,0335,01,zai,zai,,20260702T162730Z,43260a8c-de25-4ead-9e74-aca6b5d28d96,.webm,canonical,ok
raw/mandarin-tone-recordings/correct_audio_oli_2/0336_01_nie_20260702T162732Z_02fd2771-e902-4949-a999-59cfb935916e.webm,tone_unspecified,oli_2,,0336,01,nie,nie,,20260702T162732Z,02fd2771-e902-4949-a999-59cfb935916e,.webm,canonical,ok
raw/mandarin-tone-recordings/correct_audio_oli_2/0337_01_qun_20260702T162734Z_e1096433-7196-4b8e-b296-6ba0d357d7e0.webm,tone_unspecified,oli_2,,0337,01,qun,qun,,20260702T162734Z,e1096433-7196-4b8e-b296-6ba0d357d7e0,.webm,canonical,ok
raw/mandarin-tone-recordings/correct_audio_oli_2/0338_01_weng_20260702T162736Z_95690884-d0d2-44bf-8341-0a7ead1e650f.webm,tone_unspecified,oli_2,,0338,01,weng,weng,,20260702T162736Z,95690884-d0d2-44bf-8341-0a7ead1e650f,.webm,canonical,ok
raw/mandarin-tone-recordings/correct_audio_oli_2/0339_01_hui_20260702T162738Z_bc9fc93c-2e8b-4988-92b0-ca3675f3ffdc.webm,tone_unspecified,oli_2,,0339,01,hui,hui,,20260702T162738Z,bc9fc93c-2e8b-4988-92b0-ca3675f3ffdc,.webm,canonical,ok
raw/mandarin-tone-recordings/correct_audio_oli_2/0340_01_niu_20260702T162740Z_11734e31-ce8f-4063-88a5-984be585c2d3.webm,tone_unspecified,oli_2,,0340,01,niu,niu,,20260702T162740Z,11734e31-ce8f-4063-88a5-984be585c2d3,.webm,canonical,ok
raw/mandarin-tone-recordings/correct_audio_oli_2/0341_01_yv_20260702T162741Z_4636f8da-26aa-4921-8289-a9c5af87222a.webm,tone_unspecified,oli_2,,0341,01,yv,yv,,20260702T162741Z,4636f8da-26aa-4921-8289-a9c5af87222a,.webm,canonical,ok
raw/mandarin-tone-recordings/correct_audio_oli_2/0342_01_qian_20260702T162743Z_86abfe35-ecc3-4f9a-9514-b184e5d36730.webm,tone_unspecified,oli_2,,0342,01,qian,qian,,20260702T162743Z,86abfe35-ecc3-4f9a-9514-b184e5d36730,.webm,canonical,ok
raw/mandarin-tone-recordings/correct_audio_oli_2/0343_01_shuai_20260702T162745Z_23a653c6-19c4-4697-8a7b-17d2e040450e.webm,tone_unspecified,oli_2,,0343,01,shuai,shuai,,20260702T162745Z,23a653c6-19c4-4697-8a7b-17d2e040450e,.webm,canonical,ok
raw/mandarin-tone-recordings/correct_audio_oli_2/0344_01_ti_20260702T162747Z_d5018021-bec0-406f-a5e0-dac724b97ca3.webm,tone_unspecified,oli_2,,0344,01,ti,ti,,20260702T162747Z,d5018021-bec0-406f-a5e0-dac724b97ca3,.webm,canonical,ok
raw/mandarin-tone-recordings/correct_audio_oli_2/0345_01_qin_20260702T162748Z_6322b880-a865-4449-a8d5-652ab1b32d5f.webm,tone_unspecified,oli_2,,0345,01,qin,qin,,20260702T162748Z,6322b880-a865-4449-a8d5-652ab1b32d5f,.webm,canonical,ok
raw/mandarin-tone-recordings/correct_audio_oli_2/0346_01_duan_20260702T162750Z_42ed0545-8c38-4983-8df3-3ff9e378239a.webm,tone_unspecified,oli_2,,0346,01,duan,duan,,20260702T162750Z,42ed0545-8c38-4983-8df3-3ff9e378239a,.webm,canonical,ok
raw/mandarin-tone-recordings/correct_audio_oli_2/0347_01_mao_20260702T162752Z_cdba0197-253a-4111-88f2-231df9880414.webm,tone_unspecified,oli_2,,0347,01,mao,mao,,20260702T162752Z,cdba0197-253a-4111-88f2-231df9880414,.webm,canonical,ok
raw/mandarin-tone-recordings/correct_audio_oli_2/0348_01_ai_20260702T162753Z_17fedd79-8d1d-4aa3-895b-ef6e74c92226.webm,tone_unspecified,oli_2,,0348,01,ai,ai,,20260702T162753Z,17fedd79-8d1d-4aa3-895b-ef6e74c92226,.webm,canonical,ok
raw/mandarin-tone-recordings/correct_audio_oli_2/0349_01_lu_20260702T162755Z_d689df43-d9ac-4048-a028-fcecea1331a7.webm,tone_unspecified,oli_2,,0349,01,lu,lu,,20260702T162755Z,d689df43-d9ac-4048-a028-fcecea1331a7,.webm,canonical,ok
raw/mandarin-tone-recordings/correct_audio_oli_2/0350_01_chuang_20260702T162757Z_860445d8-d946-4dad-a39f-883009a505ad.webm,tone_unspecified,oli_2,,0350,01,chuang,chuang,,20260702T162757Z,860445d8-d946-4dad-a39f-883009a505ad,.webm,canonical,ok
raw/mandarin-tone-recordings/correct_audio_oli_2/0351_01_lin_20260702T162759Z_efb01f7f-9f56-4ef0-ae9c-343eee46d3c4.webm,tone_unspecified,oli_2,,0351,01,lin,lin,,20260702T162759Z,efb01f7f-9f56-4ef0-ae9c-343eee46d3c4,.webm,canonical,ok
raw/mandarin-tone-recordings/correct_audio_oli_2/0352_01_chan_20260702T162801Z_598dddb2-47dc-473c-b57c-3ef0032a2c30.webm,tone_unspecified,oli_2,,0352,01,chan,chan,,20260702T162801Z,598dddb2-47dc-473c-b57c-3ef0032a2c30,.webm,canonical,ok
raw/mandarin-tone-recordings/correct_audio_oli_2/0353_01_heng_20260702T162803Z_529e69d1-67cf-476b-a6bd-efb9996ebfdb.webm,tone_unspecified,oli_2,,0353,01,heng,heng,,20260702T162803Z,529e69d1-67cf-476b-a6bd-efb9996ebfdb,.webm,canonical,ok
raw/mandarin-tone-recordings/correct_audio_oli_2/0354_01_ge_20260702T162804Z_f768008b-0974-469c-a172-9f03764092f9.webm,tone_unspecified,oli_2,,0354,01,ge,ge,,20260702T162804Z,f768008b-0974-469c-a172-9f03764092f9,.webm,canonical,ok
raw/mandarin-tone-recordings/correct_audio_oli_2/0355_01_beng_20260702T162806Z_e0307d69-d58c-41b5-a3ac-9adf695b3886.webm,tone_unspecified,oli_2,,0355,01,beng,beng,,20260702T162806Z,e0307d69-d58c-41b5-a3ac-9adf695b3886,.webm,canonical,ok
raw/mandarin-tone-recordings/correct_audio_oli_2/0356_01_pao_20260702T162808Z_f75a2bbe-5222-46fd-895f-ef2931903204.webm,tone_unspecified,oli_2,,0356,01,pao,pao,,20260702T162808Z,f75a2bbe-5222-46fd-895f-ef2931903204,.webm,canonical,ok
raw/mandarin-tone-recordings/correct_audio_oli_2/0357_01_jun_20260702T162809Z_2d8c0bc8-fbcd-4a08-84f0-7e2f3d8fd1b7.webm,tone_unspecified,oli_2,,0357,01,jun,jun,,20260702T162809Z,2d8c0bc8-fbcd-4a08-84f0-7e2f3d8fd1b7,.webm,canonical,ok
raw/mandarin-tone-recordings/correct_audio_oli_2/0358_01_peng_20260702T162811Z_b403c351-0fb6-4259-b888-7d9b4a828ff8.webm,tone_unspecified,oli_2,,0358,01,peng,peng,,20260702T162811Z,b403c351-0fb6-4259-b888-7d9b4a828ff8,.webm,canonical,ok
raw/mandarin-tone-recordings/correct_audio_oli_2/0359_01_pan_20260702T162813Z_cdc71872-63c8-4aa6-bcb2-72ecba43881d.webm,tone_unspecified,oli_2,,0359,01,pan,pan,,20260702T162813Z,cdc71872-63c8-4aa6-bcb2-72ecba43881d,.webm,canonical,ok
raw/mandarin-tone-recordings/correct_audio_oli_2/0360_01_wa_20260702T162814Z_222e7be5-babd-4138-9508-25fad012c23d.webm,tone_unspecified,oli_2,,0360,01,wa,wa,,20260702T162814Z,222e7be5-babd-4138-9508-25fad012c23d,.webm,canonical,ok
raw/mandarin-tone-recordings/correct_audio_oli_2/0361_01_luo_20260702T162816Z_4d84153d-00ae-4dad-943c-9f14c4b45886.webm,tone_unspecified,oli_2,,0361,01,luo,luo,,20260702T162816Z,4d84153d-00ae-4dad-943c-9f14c4b45886,.webm,canonical,ok
raw/mandarin-tone-recordings/correct_audio_oli_2/0362_01_tun_20260702T162817Z_785d1834-ddb5-4bd4-816b-5bf999bed361.webm,tone_unspecified,oli_2,,0362,01,tun,tun,,20260702T162817Z,785d1834-ddb5-4bd4-816b-5bf999bed361,.webm,canonical,ok
raw/mandarin-tone-recordings/correct_audio_oli_2/0363_01_ruo_20260702T162819Z_f75c11b7-cc9e-4639-a987-3825a4091f08.webm,tone_unspecified,oli_2,,0363,01,ruo,ruo,,20260702T162819Z,f75c11b7-cc9e-4639-a987-3825a4091f08,.webm,canonical,ok
raw/mandarin-tone-recordings/correct_audio_oli_2/0364_01_nai_20260702T162820Z_2781e1ef-9721-4565-b718-2572f92aa98e.webm,tone_unspecified,oli_2,,0364,01,nai,nai,,20260702T162820Z,2781e1ef-9721-4565-b718-2572f92aa98e,.webm,canonical,ok
raw/mandarin-tone-recordings/correct_audio_oli_2/0365_01_hao_20260702T162822Z_e5321db7-8b7d-4894-84a4-a34ebca2cba3.webm,tone_unspecified,oli_2,,0365,01,hao,hao,,20260702T162822Z,e5321db7-8b7d-4894-84a4-a34ebca2cba3,.webm,canonical,ok
raw/mandarin-tone-recordings/correct_audio_oli_2/0366_01_yang_20260702T162823Z_fa80bcca-e06d-4be4-84d0-12bf6c1bb601.webm,tone_unspecified,oli_2,,0366,01,yang,yang,,20260702T162823Z,fa80bcca-e06d-4be4-84d0-12bf6c1bb601,.webm,canonical,ok
raw/mandarin-tone-recordings/correct_audio_oli_2/0367_01_lao_20260702T162825Z_b726a711-3219-4e76-bc0e-84fecd029544.webm,tone_unspecified,oli_2,,0367,01,lao,lao,,20260702T162825Z,b726a711-3219-4e76-bc0e-84fecd029544,.webm,canonical,ok
raw/mandarin-tone-recordings/correct_audio_oli_2/0368_01_liao_20260702T162827Z_b2a6992f-0515-410b-9359-1bfffc6a1adf.webm,tone_unspecified,oli_2,,0368,01,liao,liao,,20260702T162827Z,b2a6992f-0515-410b-9359-1bfffc6a1adf,.webm,canonical,ok
raw/mandarin-tone-recordings/correct_audio_oli_2/0369_01_chui_20260702T162828Z_8d9ec023-d0c7-49f5-9b4f-063a618473f9.webm,tone_unspecified,oli_2,,0369,01,chui,chui,,20260702T162828Z,8d9ec023-d0c7-49f5-9b4f-063a618473f9,.webm,canonical,ok
raw/mandarin-tone-recordings/correct_audio_oli_2/0370_01_duo_20260702T162830Z_35cbf567-8d59-499d-8620-da5559415329.webm,tone_unspecified,oli_2,,0370,01,duo,duo,,20260702T162830Z,35cbf567-8d59-499d-8620-da5559415329,.webm,canonical,ok
raw/mandarin-tone-recordings/correct_audio_oli_2/0371_01_ri_20260702T162831Z_1d6ace5c-70a6-4d63-bab0-eef64bcd9389.webm,tone_unspecified,oli_2,,0371,01,ri,ri,,20260702T162831Z,1d6ace5c-70a6-4d63-bab0-eef64bcd9389,.webm,canonical,ok
raw/mandarin-tone-recordings/correct_audio_oli_2/0372_01_ao_20260702T162833Z_b78fb779-ba05-40aa-90c3-52d270ab4d91.webm,tone_unspecified,oli_2,,0372,01,ao,ao,,20260702T162833Z,b78fb779-ba05-40aa-90c3-52d270ab4d91,.webm,canonical,ok
raw/mandarin-tone-recordings/correct_audio_oli_2/0373_01_kong_20260702T162834Z_c77a8d41-635c-4149-a5e3-584da4ef64b4.webm,tone_unspecified,oli_2,,0373,01,kong,kong,,20260702T162834Z,c77a8d41-635c-4149-a5e3-584da4ef64b4,.webm,canonical,ok
raw/mandarin-tone-recordings/correct_audio_oli_2/0374_01_re_20260702T162836Z_106cb402-6cd0-449d-b75e-9a5fb7500a8f.webm,tone_unspecified,oli_2,,0374,01,re,re,,20260702T162836Z,106cb402-6cd0-449d-b75e-9a5fb7500a8f,.webm,canonical,ok
raw/mandarin-tone-recordings/correct_audio_oli_2/0375_01_ni_20260702T162838Z_39b8d4c7-6464-4154-b2aa-4b6cc54f58d3.webm,tone_unspecified,oli_2,,0375,01,ni,ni,,20260702T162838Z,39b8d4c7-6464-4154-b2aa-4b6cc54f58d3,.webm,canonical,ok
raw/mandarin-tone-recordings/correct_audio_oli_2/0376_01_lv_20260702T162839Z_f7c611c1-fc73-4f38-9f20-498c48606183.webm,tone_unspecified,oli_2,,0376,01,lv,lv,,20260702T162839Z,f7c611c1-fc73-4f38-9f20-498c48606183,.webm,canonical,ok
raw/mandarin-tone-recordings/correct_audio_oli_2/0377_01_an_20260702T162841Z_fc3b8497-897f-47df-888c-078220995a09.webm,tone_unspecified,oli_2,,0377,01,an,an,,20260702T162841Z,fc3b8497-897f-47df-888c-078220995a09,.webm,canonical,ok
raw/mandarin-tone-recordings/correct_audio_oli_2/0378_01_cou_20260702T162843Z_fd99bf4f-74c0-43fa-97bf-ffb077e15470.webm,tone_unspecified,oli_2,,0378,01,cou,cou,,20260702T162843Z,fd99bf4f-74c0-43fa-97bf-ffb077e15470,.webm,canonical,ok
raw/mandarin-tone-recordings/correct_audio_oli_2/0379_01_ya_20260702T162844Z_8797a8b3-d9cf-4bb7-95d5-a4c44eec5347.webm,tone_unspecified,oli_2,,0379,01,ya,ya,,20260702T162844Z,8797a8b3-d9cf-4bb7-95d5-a4c44eec5347,.webm,canonical,ok
raw/mandarin-tone-recordings/correct_audio_oli_2/0380_01_chou_20260702T162846Z_a16d2e8e-8616-4d59-8922-40bda64b6d0e.webm,tone_unspecified,oli_2,,0380,01,chou,chou,,20260702T162846Z,a16d2e8e-8616-4d59-8922-40bda64b6d0e,.webm,canonical,ok
raw/mandarin-tone-recordings/correct_audio_oli_2/0381_01_zang_20260702T162848Z_557a798b-f4aa-4499-b4fe-399eb87f5f56.webm,tone_unspecified,oli_2,,0381,01,zang,zang,,20260702T162848Z,557a798b-f4aa-4499-b4fe-399eb87f5f56,.webm,canonical,ok
raw/mandarin-tone-recordings/correct_audio_oli_2/0382_01_liang_20260702T162850Z_526c8d50-f3c0-483e-ac8f-54f32f93b7a8.webm,tone_unspecified,oli_2,,0382,01,liang,liang,,20260702T162850Z,526c8d50-f3c0-483e-ac8f-54f32f93b7a8,.webm,canonical,ok
raw/mandarin-tone-recordings/correct_audio_oli_2/0383_01_rang_20260702T162852Z_68f50224-4d51-4144-b067-a82c1f214938.webm,tone_unspecified,oli_2,,0383,01,rang,rang,,20260702T162852Z,68f50224-4d51-4144-b067-a82c1f214938,.webm,canonical,ok
raw/mandarin-tone-recordings/correct_audio_oli_2/0384_01_suo_20260702T162854Z_7d6d6edd-bdd3-4550-b3d8-47f4102a659d.webm,tone_unspecified,oli_2,,0384,01,suo,suo,,20260702T162854Z,7d6d6edd-bdd3-4550-b3d8-47f4102a659d,.webm,canonical,ok
raw/mandarin-tone-recordings/correct_audio_oli_2/0385_01_shuan_20260702T162856Z_228a4fce-e6ee-4c09-83d1-396ac09995d9.webm,tone_unspecified,oli_2,,0385,01,shuan,shuan,,20260702T162856Z,228a4fce-e6ee-4c09-83d1-396ac09995d9,.webm,canonical,ok
raw/mandarin-tone-recordings/correct_audio_oli_2/0386_01_za_20260702T162858Z_b10e8d84-ad6b-446d-b16e-aa1080007fbf.webm,tone_unspecified,oli_2,,0386,01,za,za,,20260702T162858Z,b10e8d84-ad6b-446d-b16e-aa1080007fbf,.webm,canonical,ok
raw/mandarin-tone-recordings/correct_audio_oli_2/0387_01_zhun_20260702T162859Z_4e512fcc-d710-4f03-ab76-d66c19bc596b.webm,tone_unspecified,oli_2,,0387,01,zhun,zhun,,20260702T162859Z,4e512fcc-d710-4f03-ab76-d66c19bc596b,.webm,canonical,ok
raw/mandarin-tone-recordings/correct_audio_oli_2/0388_01_tei_20260702T162901Z_3d9652b9-2403-4050-b4df-25a5e04a1670.webm,tone_unspecified,oli_2,,0388,01,tei,tei,,20260702T162901Z,3d9652b9-2403-4050-b4df-25a5e04a1670,.webm,canonical,ok
raw/mandarin-tone-recordings/correct_audio_oli_2/0389_01_kuan_20260702T162903Z_7d4de803-2b18-40c8-afdd-749627bc79f1.webm,tone_unspecified,oli_2,,0389,01,kuan,kuan,,20260702T162903Z,7d4de803-2b18-40c8-afdd-749627bc79f1,.webm,canonical,ok
raw/mandarin-tone-recordings/correct_audio_oli_2/0390_01_wen_20260702T162905Z_1034b6e2-90f8-4872-9ebe-a09d7b72a076.webm,tone_unspecified,oli_2,,0390,01,wen,wen,,20260702T162905Z,1034b6e2-90f8-4872-9ebe-a09d7b72a076,.webm,canonical,ok
raw/mandarin-tone-recordings/correct_audio_oli_2/0391_01_qi_20260702T162906Z_b7eded76-f63f-45b3-9c31-a96a6f8b8eb7.webm,tone_unspecified,oli_2,,0391,01,qi,qi,,20260702T162906Z,b7eded76-f63f-45b3-9c31-a96a6f8b8eb7,.webm,canonical,ok
raw/mandarin-tone-recordings/correct_audio_oli_2/0392_01_hei_20260702T162909Z_54587d01-83fd-4600-8c15-3281eafd799c.webm,tone_unspecified,oli_2,,0392,01,hei,hei,,20260702T162909Z,54587d01-83fd-4600-8c15-3281eafd799c,.webm,canonical,ok
raw/mandarin-tone-recordings/correct_audio_oli_2/0393_01_pai_20260702T162911Z_b20d43dc-1921-4ce6-9022-72fc45770926.webm,tone_unspecified,oli_2,,0393,01,pai,pai,,20260702T162911Z,b20d43dc-1921-4ce6-9022-72fc45770926,.webm,canonical,ok
raw/mandarin-tone-recordings/correct_audio_oli_2/0394_01_lie_20260702T162913Z_caceeea2-c5d5-4904-9ead-0f35f173a0b9.webm,tone_unspecified,oli_2,,0394,01,lie,lie,,20260702T162913Z,caceeea2-c5d5-4904-9ead-0f35f173a0b9,.webm,canonical,ok
raw/mandarin-tone-recordings/correct_audio_oli_2/0395_01_xiu_20260702T162914Z_efd80b96-e6e3-4d90-9726-896cfb58c3e7.webm,tone_unspecified,oli_2,,0395,01,xiu,xiu,,20260702T162914Z,efd80b96-e6e3-4d90-9726-896cfb58c3e7,.webm,canonical,ok
raw/mandarin-tone-recordings/correct_audio_oli_2/0396_01_zhi_20260702T162916Z_b2af1aa8-843b-435b-adba-04c3047cf642.webm,tone_unspecified,oli_2,,0396,01,zhi,zhi,,20260702T162916Z,b2af1aa8-843b-435b-adba-04c3047cf642,.webm,canonical,ok
raw/mandarin-tone-recordings/correct_audio_oli_2/0397_01_zhan_20260702T162918Z_ed3be158-4216-44fa-b314-dd198552123b.webm,tone_unspecified,oli_2,,0397,01,zhan,zhan,,20260702T162918Z,ed3be158-4216-44fa-b314-dd198552123b,.webm,canonical,ok
raw/mandarin-tone-recordings/correct_audio_oli_2/0398_01_xvan_20260702T162921Z_0951de63-7b77-4cb3-b0d3-b90f4fc343b5.webm,tone_unspecified,oli_2,,0398,01,xvan,xvan,,20260702T162921Z,0951de63-7b77-4cb3-b0d3-b90f4fc343b5,.webm,canonical,ok
raw/mandarin-tone-recordings/correct_audio_oli_2/0399_01_lan_20260702T162922Z_c207a476-258d-4e61-935d-f5a71fadf568.webm,tone_unspecified,oli_2,,0399,01,lan,lan,,20260702T162922Z,c207a476-258d-4e61-935d-f5a71fadf568,.webm,canonical,ok
raw/mandarin-tone-recordings/correct_audio_oli_2/0400_01_tong_20260702T162924Z_2e36e8b6-708e-49da-b3ff-ab0e5ad31f43.webm,tone_unspecified,oli_2,,0400,01,tong,tong,,20260702T162924Z,2e36e8b6-708e-49da-b3ff-ab0e5ad31f43,.webm,canonical,ok
raw/mandarin-tone-recordings/correct_audio_oli_2/0401_01_tuo_20260702T162926Z_852cd218-797a-4881-a482-09febbf94b61.webm,tone_unspecified,oli_2,,0401,01,tuo,tuo,,20260702T162926Z,852cd218-797a-4881-a482-09febbf94b61,.webm,canonical,ok
raw/mandarin-tone-recordings/correct_audio_oli_2/0402_01_zheng_20260702T162928Z_43059f00-1b7b-4704-9add-19790d3d6954.webm,tone_unspecified,oli_2,,0402,01,zheng,zheng,,20260702T162928Z,43059f00-1b7b-4704-9add-19790d3d6954,.webm,canonical,ok
raw/mandarin-tone-recordings/correct_audio_oli_2/0403_01_fen_20260702T162930Z_e5c5a051-4589-4e45-9d54-c9bbf4697f59.webm,tone_unspecified,oli_2,,0403,01,fen,fen,,20260702T162930Z,e5c5a051-4589-4e45-9d54-c9bbf4697f59,.webm,canonical,ok
raw/mandarin-tone-recordings/correct_audio_oli_2/0404_01_shou_20260702T162931Z_b7bc392a-4511-4783-8bb5-dbf53c33a20e.webm,tone_unspecified,oli_2,,0404,01,shou,shou,,20260702T162931Z,b7bc392a-4511-4783-8bb5-dbf53c33a20e,.webm,canonical,ok
raw/mandarin-tone-recordings/correct_audio_oli_2/0405_01_shang_20260702T162933Z_1e1f4291-7b45-44ce-a970-212998d7ddfb.webm,tone_unspecified,oli_2,,0405,01,shang,shang,,20260702T162933Z,1e1f4291-7b45-44ce-a970-212998d7ddfb,.webm,canonical,ok
raw/mandarin-tone-recordings/correct_audio_oli_2/0406_01_kai_20260702T162935Z_1b00a5cf-d841-47c9-afba-816de0478f4f.webm,tone_unspecified,oli_2,,0406,01,kai,kai,,20260702T162935Z,1b00a5cf-d841-47c9-afba-816de0478f4f,.webm,canonical,ok
raw/mandarin-tone-recordings/correct_audio_oli_2/0407_01_gan_20260702T162937Z_f3fa0dfa-95e3-4c36-88c2-afa02bd00d6c.webm,tone_unspecified,oli_2,,0407,01,gan,gan,,20260702T162937Z,f3fa0dfa-95e3-4c36-88c2-afa02bd00d6c,.webm,canonical,ok
raw/mandarin-tone-recordings/correct_audio_oli_2/0408_01_gou_20260702T162939Z_d030e35a-8518-4e1b-a3e7-31a320cb7162.webm,tone_unspecified,oli_2,,0408,01,gou,gou,,20260702T162939Z,d030e35a-8518-4e1b-a3e7-31a320cb7162,.webm,canonical,ok
raw/mandarin-tone-recordings/correct_audio_oli_2/0409_01_teng_20260702T162941Z_9ac61416-65ff-4f46-870c-7114944f8b90.webm,tone_unspecified,oli_2,,0409,01,teng,teng,,20260702T162941Z,9ac61416-65ff-4f46-870c-7114944f8b90,.webm,canonical,ok
raw/mandarin-tone-recordings/correct_audio_oli_2/0410_01_hang_20260702T162942Z_46e0a5f8-b42e-4e69-a5fc-591d47786d87.webm,tone_unspecified,oli_2,,0410,01,hang,hang,,20260702T162942Z,46e0a5f8-b42e-4e69-a5fc-591d47786d87,.webm,canonical,ok
raw/mandarin-tone-recordings/correct_audio_oli_2/0411_01_miao_20260702T162944Z_0a2516a4-dfc9-4267-8a60-8b38e5c0b82a.webm,tone_unspecified,oli_2,,0411,01,miao,miao,,20260702T162944Z,0a2516a4-dfc9-4267-8a60-8b38e5c0b82a,.webm,canonical,ok
raw/mandarin-tone-recordings/correct_audio_oli_2/0412_01_nen_20260702T162946Z_e46e1d46-0edd-4d1b-bcb8-c07c74a6f1bc.webm,tone_unspecified,oli_2,,0412,01,nen,nen,,20260702T162946Z,e46e1d46-0edd-4d1b-bcb8-c07c74a6f1bc,.webm,canonical,ok
raw/mandarin-tone-recordings/correct_audio_oli_2/0413_01_shun_20260702T162948Z_a2763ebc-d22f-40ee-9683-44214d175f65.webm,tone_unspecified,oli_2,,0413,01,shun,shun,,20260702T162948Z,a2763ebc-d22f-40ee-9683-44214d175f65,.webm,canonical,ok
raw/mandarin-tone-recordings/correct_audio_oli_2/0414_01_nian_20260702T162950Z_0160cb66-7721-4ea8-b4fb-107dbeb1443a.webm,tone_unspecified,oli_2,,0414,01,nian,nian,,20260702T162950Z,0160cb66-7721-4ea8-b4fb-107dbeb1443a,.webm,canonical,ok
raw/mandarin-tone-recordings/correct_audio_oli_2/0415_01_bing_20260702T162952Z_df5a1f2d-7857-4183-afcd-93e6e9bfb901.webm,tone_unspecified,oli_2,,0415,01,bing,bing,,20260702T162952Z,df5a1f2d-7857-4183-afcd-93e6e9bfb901,.webm,canonical,ok
raw/mandarin-tone-recordings/correct_audio_oli_2/0416_01_juan_20260702T162954Z_2b2488de-21a0-4b88-af5b-61d864128af4.webm,tone_unspecified,oli_2,,0416,01,juan,juan,,20260702T162954Z,2b2488de-21a0-4b88-af5b-61d864128af4,.webm,canonical,ok
raw/mandarin-tone-recordings/correct_audio_oli_2/0417_01_guang_20260702T162957Z_457285e8-095a-441e-95a3-a9dbc4a8782c.webm,tone_unspecified,oli_2,,0417,01,guang,guang,,20260702T162957Z,457285e8-095a-441e-95a3-a9dbc4a8782c,.webm,canonical,ok
raw/mandarin-tone-recordings/correct_audio_oli_2/0418_01_zha_20260702T162959Z_2fc95ade-1891-4e6d-b7dd-0d8087806844.webm,tone_unspecified,oli_2,,0418,01,zha,zha,,20260702T162959Z,2fc95ade-1891-4e6d-b7dd-0d8087806844,.webm,canonical,ok
raw/mandarin-tone-recordings/correct_audio_oli_2/0419_01_cuan_20260702T163001Z_7d078646-016f-42d4-8706-17cc078d65d5.webm,tone_unspecified,oli_2,,0419,01,cuan,cuan,,20260702T163001Z,7d078646-016f-42d4-8706-17cc078d65d5,.webm,canonical,ok
raw/mandarin-tone-recordings/correct_audio_oli_2/0420_01_lang_20260702T163003Z_73e25dcf-9ab3-4b87-baa2-fb770f25b884.webm,tone_unspecified,oli_2,,0420,01,lang,lang,,20260702T163003Z,73e25dcf-9ab3-4b87-baa2-fb770f25b884,.webm,canonical,ok
